|6.6.6
continental_crust_1.tab                                                                             
           2
T(K)    
   273.00000000000000     
   19.576923076923077     
          79
P(bar)  
   1.0000000000000000     
   1282.0384615384614     
          79
           8
T(K)           P(bar)         rho,kg/m3      alpha,1/K      cp,J/K/kg      vp,km/s        vs,km/s        h,J/kg        
  273.000        1.00000        2929.42       0.231292E-004   713.135        6.22169        2.98880      -0.134854E+008
  292.577        1.00000        2868.39       0.255321E-004   750.632        6.12105        2.94046      -0.134671E+008
  312.154        1.00000        2860.25       0.284431E-004   789.660        5.83766        2.80432      -0.134472E+008
  331.731        1.00000        2813.68       0.304899E-004   823.912        5.61636        2.69801      -0.134248E+008
  351.308        1.00000        2807.67       0.313034E-004   851.766        5.58473        2.68282      -0.134075E+008
  370.885        1.00000        2795.60       0.319926E-004   877.136        5.48068        2.63283      -0.133879E+008
  390.462        1.00000        2791.96       0.326300E-004   900.635        5.46709        2.62630      -0.133704E+008
  410.038        1.00000        2788.86       0.332609E-004   922.118        5.45414        2.62008      -0.133524E+008
  429.615        1.00000        2786.11       0.338921E-004   941.866        5.44148        2.61400      -0.133341E+008
  449.192        1.00000        2780.16       0.339205E-004   959.558        5.43606        2.61140      -0.133149E+008
  468.769        1.00000        2776.05       0.341556E-004   976.224        5.42944        2.60822      -0.132956E+008
  488.346        1.00000        2774.36       0.347338E-004   991.930        5.41700        2.60224      -0.132762E+008
  507.923        1.00000        2772.63       0.353792E-004   1006.74        5.40854        2.59818      -0.132566E+008
  527.500        1.00000        2729.79       0.335764E-004   1018.24        5.43212        2.60951      -0.132316E+008
  547.077        1.00000        2736.69       0.357656E-004   1030.96        5.39373        2.59107      -0.132102E+008
  566.654        1.00000        2735.44       0.364784E-004   1043.22        5.38125        2.58507      -0.131893E+008
  586.231        1.00000        2734.29       0.372334E-004   1054.85        5.36821        2.57880      -0.131682E+008
  605.808        1.00000        2733.22       0.380413E-004   1065.94        5.35449        2.57221      -0.131467E+008
  625.385        1.00000        2732.25       0.389153E-004   1076.56        5.33988        2.56520      -0.131249E+008
  644.962        1.00000        2742.84       0.374309E-004   1086.54        5.47292        2.62910      -0.131015E+008
  664.538        1.00000        2752.90       0.357704E-004   1097.40        5.60594        2.69300      -0.130776E+008
  684.115        1.00000        2748.70       0.359123E-004   1097.71        5.56051        2.67118      -0.130409E+008
  703.692        1.00000        2746.73       0.373222E-004   1111.64        5.53741        2.66008      -0.130187E+008
  723.269        1.00000        2744.65       0.410281E-004   1154.30        5.50940        2.64663      -0.129962E+008
  742.846        1.00000        2742.44       0.381955E-004   1104.61        5.48594        2.63536      -0.129738E+008
  762.423        1.00000        2740.25       0.401100E-004   1112.77        5.45169        2.61891      -0.129519E+008
  782.000        1.00000        2737.92       0.428620E-004   1122.39        5.40773        2.59779      -0.129298E+008
  801.577        1.00000        2735.41       0.471925E-004   1134.02        5.34683        2.56853      -0.129076E+008
  821.154        1.00000        2732.57       0.556726E-004   1151.04        5.24909        2.52158      -0.128850E+008
  840.731        1.00000        2728.83       0.904595E-004   1203.42        5.00815        2.40584      -0.128619E+008
  860.308        1.00000        2725.17       0.213151E-004   1117.93        5.97941        2.87241      -0.128387E+008
  879.885        1.00000        2723.93       0.214157E-004   1122.89                 NaN            NaN -0.128166E+008
  899.462        1.00000        2722.67       0.215165E-004   1127.69        5.97037        2.86807      -0.127943E+008
  919.038        1.00000        2721.42       0.216175E-004   1132.33                 NaN            NaN -0.127720E+008
  938.615        1.00000        2720.16       0.217188E-004   1136.82        5.96121        2.86367      -0.127496E+008
  958.192        1.00000        2718.91       0.218203E-004   1141.17                 NaN            NaN -0.127271E+008
  977.769        1.00000        2717.64       0.219221E-004   1145.39                 NaN            NaN -0.127046E+008
  997.346        1.00000        2716.38       0.220242E-004   1149.47                 NaN            NaN -0.126819E+008
  1016.92        1.00000        2715.12       0.221270E-004   1153.44        5.94248        2.85467      -0.126592E+008
  1036.50        1.00000        2713.86       0.222301E-004   1157.30        5.93770        2.85238      -0.126364E+008
  1056.08        1.00000        2712.60       0.223336E-004   1161.04        5.93289        2.85007      -0.126135E+008
  1075.65        1.00000        2711.34       0.224377E-004   1164.69        5.92803        2.84774      -0.125906E+008
  1095.23        1.00000        2710.08       0.225425E-004   1168.24        5.92314        2.84538      -0.125676E+008
  1114.81        1.00000        2708.83       0.226477E-004   1171.69        5.91820        2.84301      -0.125446E+008
  1134.38        1.00000        2707.57       0.227536E-004   1175.06        5.91323        2.84062      -0.125215E+008
  1153.96        1.00000        2608.38       0.220330E-004   1178.61                 NaN            NaN -0.124895E+008
  1173.54        1.00000        2607.21       0.221363E-004   1181.71                 NaN            NaN -0.124663E+008
  1193.12        1.00000        2606.03       0.222405E-004   1184.73                 NaN            NaN -0.124430E+008
  1212.69        1.00000        2775.91       0.280018E-004   1194.50                 NaN            NaN -0.123944E+008
  1232.27        1.00000        2790.65       0.287172E-004   1197.79                 NaN            NaN -0.123829E+008
  1251.85        1.00000        2813.85       0.297690E-004   1201.07                 NaN            NaN -0.123714E+008
  1271.42        1.00000        2840.96       0.309356E-004   1204.18        5.93729        2.85218      -0.123628E+008
  1291.00        1.00000        2842.21       0.309204E-004   1206.64        5.96460        2.86530      -0.123734E+008
  1310.58        1.00000        2832.51       0.307468E-004   1211.49        6.02037        2.89209      -0.124746E+008
  1330.15        1.00000        2830.26       0.306239E-004   1213.99        6.07311        2.91743      -0.125297E+008
  1349.73        1.00000        2833.12       0.305469E-004   1214.67        6.12978        2.94465      -0.125577E+008
  1369.31        1.00000        2838.05       0.304911E-004   1213.76        6.19840        2.97761      -0.125819E+008
  1388.88        1.00000        2859.37       0.308208E-004   1213.10        6.26207        3.00820      -0.125491E+008
  1408.46        1.00000        2891.34       0.314432E-004   1212.26        6.32584        3.03883      -0.124884E+008
  1428.04        1.00000        2933.11       0.323459E-004   1210.10        6.39981        3.07437      -0.124130E+008
  1447.62        1.00000        2992.04       0.337142E-004   1205.69        6.49344        3.11935      -0.123137E+008
  1467.19        1.00000        3084.71       0.359650E-004   1197.11        6.62959        3.18475      -0.121708E+008
  1486.77        1.00000        3253.58       0.401602E-004   1180.05        6.87879        3.30447      -0.119402E+008
  1506.35        1.00000        3240.10       0.383071E-004   1171.80        6.61655        3.17849      -0.119230E+008
  1525.92        1.00000        3237.87       0.384643E-004   1172.79        6.60431        3.17261      -0.118951E+008
  1545.50        1.00000        3235.65       0.386246E-004   1173.75        6.59225        3.16681      -0.118669E+008
  1565.08        1.00000        3233.10       0.387966E-004   1174.83        6.58056        3.16120      -0.118418E+008
  1584.65        1.00000        3230.85       0.389632E-004   1175.82        6.56893        3.15561      -0.118142E+008
  1604.23        1.00000        3228.65       0.391328E-004   1176.76        6.55741        3.15008      -0.117855E+008
  1623.81        1.00000        3226.12       0.393146E-004   1177.80        6.54626        3.14472      -0.117596E+008
  1643.38        1.00000        3419.28       0.260379E-004   1067.88        5.73676        2.75585      -0.110312E+008
  1662.96        1.00000        3417.53       0.261778E-004   1069.00        5.72451        2.74997      -0.110102E+008
  1682.54        1.00000        3415.77       0.263191E-004   1070.09        5.71223        2.74407      -0.109893E+008
  1702.12        1.00000        3414.00       0.264619E-004   1071.17        5.69990        2.73814      -0.109684E+008
  1721.69        1.00000        3412.23       0.266061E-004   1072.24        5.68753        2.73220      -0.109474E+008
  1741.27        1.00000        3568.44       0.280694E-004   1055.47        6.29183        3.02250      -0.105755E+008
  1760.85        1.00000        4069.25       0.323619E-004   1009.70        8.46916        4.06845      -0.961925E+007
  1780.42        1.00000        4066.67       0.324568E-004   1011.44        8.46500        4.06646      -0.959946E+007
  1800.00        1.00000        4064.08       0.325522E-004   1013.16        8.46085        4.06446      -0.957964E+007
  273.000        1283.04        3005.78       0.220487E-004   715.907        6.39439        3.07176      -0.134484E+008
  292.577        1283.04        3000.51       0.222615E-004   752.433        6.41394        3.08116      -0.134328E+008
  312.154        1283.04        2995.66       0.229539E-004   786.147        6.40331        3.07605      -0.134169E+008
  331.731        1283.04        2872.62       0.307407E-004   822.637        5.71187        2.74389      -0.133840E+008
  351.308        1283.04        2870.79       0.314173E-004   851.420        5.70439        2.74030      -0.133675E+008
  370.885        1283.04        2868.89       0.320695E-004   877.286        5.69613        2.73633      -0.133504E+008
  390.462        1283.04        2820.54       0.321674E-004   900.553        5.53268        2.65781      -0.133264E+008
  410.038        1283.04        2812.75       0.327410E-004   921.829        5.51196        2.64786      -0.133081E+008
  429.615        1283.04        2806.89       0.333278E-004   941.408        5.49386        2.63917      -0.132895E+008
  449.192        1283.04        2801.95       0.339191E-004   959.521        5.47715        2.63114      -0.132707E+008
  468.769        1283.04        2797.73       0.345215E-004   976.354        5.46131        2.62353      -0.132515E+008
  488.346        1283.04        2794.06       0.351487E-004   992.076        5.44574        2.61605      -0.132320E+008
  507.923        1283.04        2786.14       0.353874E-004   1005.78        5.42685        2.60697      -0.132108E+008
  527.500        1283.04        2784.46       0.360328E-004   1019.68        5.41481        2.60119      -0.131909E+008
  547.077        1283.04        2782.73       0.367033E-004   1032.81        5.40215        2.59511      -0.131707E+008
  566.654        1283.04        2780.94       0.374051E-004   1045.28        5.38879        2.58869      -0.131503E+008
  586.231        1283.04        2779.09       0.381451E-004   1057.16        5.37463        2.58189      -0.131296E+008
  605.808        1283.04        2777.18       0.389319E-004   1068.54        5.35957        2.57465      -0.131086E+008
  625.385        1283.04        2775.20       0.397760E-004   1079.50        5.34345        2.56691      -0.130874E+008
  644.962        1283.04        2773.14       0.406911E-004   1090.12        5.32608        2.55857      -0.130659E+008
  664.538        1283.04        2771.17       0.426439E-004   1102.78        5.26658        2.52998      -0.130437E+008
  684.115        1283.04        2730.55       0.406835E-004   1107.91        5.31065        2.55116      -0.130150E+008
  703.692        1283.04        2726.66       0.408676E-004   1105.81        5.26076        2.52719      -0.129782E+008
  723.269        1283.04        2724.84       0.425586E-004   1120.36        5.23592        2.51525      -0.129560E+008
  742.846        1283.04        2722.92       0.430250E-004   1115.62        5.21111        2.50334      -0.129338E+008
  762.423        1283.04        2720.97       0.447779E-004   1123.84        5.18095        2.48885      -0.129117E+008
  782.000        1283.04        2718.94       0.470258E-004   1132.74        5.14499        2.47157      -0.128894E+008
  801.577        1283.04        2716.80       0.500459E-004   1142.50        5.10042        2.45016      -0.128669E+008
  821.154        1283.04        2714.49       0.544563E-004   1153.98        5.04185        2.42202      -0.128442E+008
  840.731        1283.04        2711.89       0.619169E-004   1169.45        4.95696        2.38125      -0.128213E+008
  860.308        1283.04        2708.72       0.795611E-004   1198.67        4.80537        2.30842      -0.127979E+008
879.885 1283.04 2702.70 0.0001 1129.09 5.34019 2.56534 -0.127730E+008
  899.462        1283.04        2701.99       0.237048E-004   1133.55                 NaN            NaN -0.127506E+008
  919.038        1283.04        2701.29       0.238517E-004   1137.84        5.78264        2.77789      -0.127281E+008
  938.615        1283.04        2700.59       0.239981E-004   1141.98        5.77778        2.77555      -0.127056E+008
  958.192        1283.04        2699.41       0.241530E-004   1146.15        5.77172        2.77264      -0.126831E+008
  977.769        1283.04        2698.15       0.243105E-004   1150.22        5.76540        2.76961      -0.126605E+008
  997.346        1283.04        2696.88       0.244693E-004   1154.16        5.75905        2.76656      -0.126379E+008
  1016.92        1283.04        2713.93       0.258866E-004   1159.07        5.73266        2.75388      -0.125929E+008
  1036.50        1283.04        2715.14       0.262136E-004   1163.03        5.72579        2.75058      -0.125739E+008
  1056.08        1283.04        2733.95       0.266892E-004   1166.27        5.75213        2.76324      -0.125452E+008
  1075.65        1283.04        2832.98       0.276298E-004   1168.87        5.96423        2.86513      -0.124511E+008
  1095.23        1283.04        2853.69       0.288365E-004   1173.34        5.96327        2.86466      -0.124175E+008
  1114.81        1283.04        2861.53       0.296040E-004   1176.93        5.95886        2.86254      -0.123907E+008
  1134.38        1283.04        2864.30       0.298847E-004   1180.31        5.96496        2.86547      -0.123789E+008
  1153.96        1283.04        2864.76       0.299345E-004   1183.55        5.97739        2.87145      -0.123759E+008
  1173.54        1283.04        2865.30       0.299694E-004   1186.68        5.99304        2.87896      -0.123768E+008
  1193.12        1283.04        2866.13       0.299905E-004   1189.65        6.01242        2.88827      -0.123809E+008
  1212.69        1283.04        2867.59       0.300012E-004   1192.39        6.03614        2.89967      -0.123868E+008
  1232.27        1283.04        2866.25       0.299715E-004   1195.74        6.07059        2.91622      -0.124199E+008
  1251.85        1283.04        2856.37       0.298359E-004   1200.78        6.12445        2.94209      -0.125205E+008
  1271.42        1283.04        2858.10       0.298066E-004   1202.66        6.16780        2.96292      -0.125450E+008
  1291.00        1283.04        2861.32       0.297992E-004   1203.74        6.21774        2.98691      -0.125669E+008
  1310.58        1283.04        2866.29       0.298259E-004   1203.67        6.27645        3.01511      -0.125866E+008
  1330.15        1283.04        2880.11       0.300531E-004   1202.90        6.33858        3.04495      -0.125781E+008
  1349.73        1283.04        2908.97       0.306542E-004   1202.73        6.39404        3.07160      -0.125219E+008
  1369.31        1283.04        2945.51       0.314818E-004   1201.57        6.45653        3.10161      -0.124540E+008
  1388.88        1283.04        2994.49       0.326615E-004   1198.87        6.53172        3.13773      -0.123688E+008
  1408.46        1283.04        3066.05       0.344404E-004   1193.48        6.63288        3.18633      -0.122536E+008
  1428.04        1283.04        3183.31       0.374158E-004   1183.15        6.79521        3.26431      -0.120864E+008
  1447.62        1283.04        3260.98       0.395459E-004   1176.64        6.90520        3.31715      -0.119670E+008
  1467.19        1283.04        3254.13       0.389522E-004   1174.51        6.80232        3.26773      -0.119449E+008
  1486.77        1283.04        3245.63       0.378779E-004   1169.97        6.64432        3.19183      -0.119200E+008
  1506.35        1283.04        3243.16       0.380376E-004   1171.02        6.63231        3.18606      -0.118941E+008
  1525.92        1283.04        3240.76       0.381973E-004   1172.09        6.62049        3.18038      -0.118682E+008
  1545.50        1283.04        3238.66       0.383540E-004   1173.01        6.60865        3.17469      -0.118388E+008
  1565.08        1283.04        3236.27       0.385203E-004   1174.04        6.59719        3.16919      -0.118122E+008
  1584.65        1283.04        3233.89       0.386908E-004   1175.04        6.58586        3.16375      -0.117853E+008
  1604.23        1283.04        3231.49       0.388655E-004   1176.00        6.57471        3.15839      -0.117576E+008
  1623.81        1283.04        3229.76       0.390216E-004   1176.87        6.56353        3.15302      -0.117261E+008
  1643.38        1283.04        3226.94       0.392123E-004   1178.03        6.55299        3.14795      -0.117034E+008
  1662.96        1283.04        3423.11       0.257624E-004   1068.52        5.76130        2.76764      -0.109744E+008
  1682.54        1283.04        3421.38       0.258990E-004   1069.60        5.74916        2.76181      -0.109535E+008
  1702.12        1283.04        3419.64       0.260369E-004   1070.67        5.73698        2.75596      -0.109325E+008
  1721.69        1283.04        3417.90       0.261763E-004   1071.72        5.72476        2.75008      -0.109115E+008
  1741.27        1283.04        3416.14       0.263170E-004   1072.76        5.71250        2.74419      -0.108905E+008
  1760.85        1283.04        3414.38       0.264592E-004   1073.78        5.70019        2.73828      -0.108695E+008
  1780.42        1283.04        3419.51       0.266633E-004   1073.99        5.71597        2.74586      -0.108325E+008
  1800.00        1283.04        3883.26       0.308555E-004   1028.30        7.52844        3.61655      -0.986403E+007
  273.000        2565.08        3012.84       0.216739E-004   715.451        6.41317        3.08079      -0.134069E+008
  292.577        2565.08        3009.44       0.224316E-004   753.154        6.40265        3.07573      -0.133912E+008
  312.154        2565.08        3004.50       0.225486E-004   785.708        6.42326        3.08563      -0.133752E+008
  331.731        2565.08        2999.93       0.231804E-004   816.074        6.41335        3.08088      -0.133588E+008
  351.308        2565.08        2995.05       0.237933E-004   843.645        6.40269        3.07575      -0.133418E+008
  370.885        2565.08        2875.37       0.314846E-004   876.746        5.72366        2.74956      -0.133063E+008
  390.462        2565.08        2873.44       0.320926E-004   900.147        5.71523        2.74551      -0.132887E+008
  410.038        2565.08        2863.63       0.327155E-004   920.989        5.60250        2.69135      -0.132675E+008
  429.615        2565.08        2861.51       0.332789E-004   940.506        5.59361        2.68708      -0.132490E+008
  449.192        2565.08        2859.34       0.338427E-004   958.479        5.58416        2.68255      -0.132300E+008
  468.769        2565.08        2829.60       0.340267E-004   975.587        5.53529        2.65907      -0.132082E+008
  488.346        2565.08        2821.96       0.345833E-004   991.270        5.51339        2.64855      -0.131884E+008
  507.923        2565.08        2815.28       0.351702E-004   1005.94        5.49240        2.63846      -0.131684E+008
  527.500        2565.08        2808.23       0.356562E-004   1019.50        5.47303        2.62916      -0.131479E+008
  547.077        2565.08        2793.15       0.359246E-004   1031.70        5.43749        2.61209      -0.131255E+008
  566.654        2565.08        2792.54       0.366092E-004   1044.00        5.42499        2.60608      -0.131050E+008
  586.231        2565.08        2789.55       0.372425E-004   1055.89        5.41192        2.59980      -0.130844E+008
  605.808        2565.08        2787.78       0.379560E-004   1067.14        5.39782        2.59303      -0.130634E+008
  625.385        2565.08        2785.67       0.387046E-004   1078.02        5.38334        2.58607      -0.130423E+008
  644.962        2565.08        2783.63       0.395105E-004   1088.50        5.36763        2.57852      -0.130209E+008
  664.538        2565.08        2781.74       0.413708E-004   1101.08        5.30823        2.54999      -0.129988E+008
  684.115        2565.08        2778.75       0.418790E-004   1105.53        5.27624        2.53463      -0.129696E+008
  703.692        2565.08        2774.74       0.426667E-004   1113.04        5.25606        2.52493      -0.129457E+008
  723.269        2565.08        2732.98       0.405317E-004   1116.28        5.28769        2.54012      -0.129104E+008
  742.846        2565.08        2731.13       0.408276E-004   1113.25        5.26722        2.53029      -0.128883E+008
  762.423        2565.08        2729.35       0.421148E-004   1120.77        5.24305        2.51868      -0.128662E+008
  782.000        2565.08        2727.38       0.436854E-004   1128.78        5.21524        2.50532      -0.128440E+008
  801.577        2565.08        2725.61       0.456485E-004   1137.11        5.18284        2.48976      -0.128216E+008
  821.154        2565.08        2723.33       0.481781E-004   1146.12        5.14332        2.47077      -0.127991E+008
  840.731        2565.08        2721.18       0.516899E-004   1156.27        5.09367        2.44692      -0.127763E+008
  860.308        2565.08        2718.68       0.571022E-004   1168.99        5.02557        2.41421      -0.127534E+008
  879.885        2565.08        2716.06       0.672707E-004   1188.23        4.92069        2.36382      -0.127301E+008
899.462 2565.08 2712.13 0.0001 1241.13 4.69218 2.25405 -0.127063E+008
  919.038        2565.08        2707.99       0.234903E-004   1137.56        5.81505        2.79346      -0.126818E+008
  938.615        2565.08        2706.82       0.236352E-004   1141.79                 NaN            NaN -0.126593E+008
  958.192        2565.08        2706.08       0.237789E-004   1145.79        5.80436        2.78832      -0.126367E+008
  977.769        2565.08        2704.91       0.239298E-004   1149.81                 NaN            NaN -0.126142E+008
  997.346        2565.08        2715.60       0.248038E-004   1154.35                 NaN            NaN -0.125763E+008
  1016.92        2565.08        2715.62       0.250334E-004   1158.25                 NaN            NaN -0.125543E+008
  1036.50        2565.08        2716.81       0.253793E-004   1162.28        5.76869        2.77119      -0.125384E+008
  1056.08        2565.08        2715.92       0.255136E-004   1165.91                 NaN            NaN -0.125191E+008
  1075.65        2565.08        2728.73       0.257066E-004   1169.06                 NaN            NaN -0.125013E+008
  1095.23        2565.08        2787.78       0.255642E-004   1171.49                 NaN            NaN -0.124525E+008
  1114.81        2565.08        2820.17       0.263725E-004   1175.81                 NaN            NaN -0.124197E+008
  1134.38        2565.08        2837.18       0.273486E-004   1180.20        6.00714        2.88574      -0.123992E+008
  1153.96        2565.08        2842.64       0.279602E-004   1183.66                 NaN            NaN -0.123822E+008
  1173.54        2565.08        2850.05       0.287363E-004   1187.09                 NaN            NaN -0.123658E+008
  1193.12        2565.08        2860.86       0.297944E-004   1190.59        6.00544        2.88492      -0.123497E+008
  1212.69        2565.08        2856.22       0.298392E-004   1195.13        6.03364        2.89847      -0.123974E+008
  1232.27        2565.08        2851.78       0.298116E-004   1199.18        6.06588        2.91395      -0.124466E+008
  1251.85        2565.08        2852.55       0.298131E-004   1201.78        6.09709        2.92895      -0.124667E+008
  1271.42        2565.08        2854.29       0.298224E-004   1203.87        6.13398        2.94667      -0.124877E+008
  1291.00        2565.08        2859.20       0.298584E-004   1205.32        6.17935        2.96847      -0.125026E+008
  1310.58        2565.08        2866.22       0.299312E-004   1205.77        6.23331        2.99438      -0.125156E+008
  1330.15        2565.08        2876.62       0.300700E-004   1204.79        6.29927        3.02607      -0.125246E+008
  1349.73        2565.08        2901.30       0.305296E-004   1203.67        6.36567        3.05797      -0.124902E+008
  1369.31        2565.08        2939.20       0.313199E-004   1202.44        6.43494        3.09125      -0.124254E+008
  1388.88        2565.08        3008.19       0.327487E-004   1197.89        6.55321        3.14806      -0.123245E+008
  1408.46        2565.08        3062.30       0.341783E-004   1194.31        6.62650        3.18327      -0.122326E+008
  1428.04        2565.08        3179.87       0.370541E-004   1184.14        6.79663        3.26500      -0.120718E+008
  1447.62        2565.08        3263.64       0.392581E-004   1177.17        6.92058        3.32454      -0.119502E+008
  1467.19        2565.08        3260.88       0.394853E-004   1178.68        6.91600        3.32234      -0.119260E+008
  1486.77        2565.08        3258.12       0.395957E-004   1179.57        6.89905        3.31420      -0.118981E+008
  1506.35        2565.08        3246.19       0.377743E-004   1171.67        6.65881        3.19879      -0.118762E+008
  1525.92        2565.08        3244.02       0.379261E-004   1172.56        6.64675        3.19300      -0.118473E+008
  1545.50        2565.08        3241.67       0.380839E-004   1173.54        6.63510        3.18740      -0.118202E+008
  1565.08        2565.08        3239.59       0.382382E-004   1174.44        6.62337        3.18176      -0.117916E+008
  1584.65        2565.08        3237.16       0.384044E-004   1175.39        6.61200        3.17630      -0.117646E+008
  1604.23        2565.08        3234.95       0.385698E-004   1176.33        6.60080        3.17092      -0.117367E+008
  1623.81        2565.08        3232.84       0.387343E-004   1177.15        6.58960        3.16554      -0.117064E+008
  1643.38        2565.08        3230.53       0.389070E-004   1178.17        6.57885        3.16038      -0.116801E+008
  1662.96        2565.08        3227.78       0.390970E-004   1179.18        6.56830        3.15531      -0.116553E+008
  1682.54        2565.08        3427.08       0.254665E-004   1069.12        5.79171        2.78225      -0.109176E+008
  1702.12        2565.08        3425.36       0.255997E-004   1070.18        5.77965        2.77646      -0.108967E+008
  1721.69        2565.08        3423.64       0.257342E-004   1071.22        5.76757        2.77065      -0.108757E+008
  1741.27        2565.08        3421.91       0.258701E-004   1072.25        5.75544        2.76482      -0.108548E+008
  1760.85        2565.08        3420.18       0.260073E-004   1073.26        5.74327        2.75898      -0.108337E+008
  1780.42        2565.08        3418.43       0.261459E-004   1074.25        5.73106        2.75311      -0.108127E+008
  1800.00        2565.08        3416.68       0.262859E-004   1075.24        5.71882        2.74723      -0.107917E+008
  273.000        3847.12        3018.96       0.213635E-004   715.023        6.42731        3.08758      -0.133645E+008
  292.577        3847.12        3016.33       0.220693E-004   752.675        6.41943        3.08380      -0.133494E+008
  312.154        3847.12        3013.18       0.227511E-004   786.400        6.40993        3.07923      -0.133337E+008
  331.731        3847.12        3008.44       0.227912E-004   815.624        6.43111        3.08941      -0.133172E+008
  351.308        3847.12        3004.11       0.233724E-004   843.167        6.42167        3.08487      -0.133003E+008
  370.885        3847.12        2999.48       0.239402E-004   868.320        6.41153        3.08000      -0.132828E+008
  390.462        3847.12        2994.76       0.244960E-004   891.406        6.40097        3.07493      -0.132648E+008
  410.038        3847.12        2877.93       0.320916E-004   920.918        5.73360        2.75433      -0.132267E+008
  429.615        3847.12        2868.16       0.326743E-004   939.972        5.62261        2.70102      -0.132049E+008
  449.192        3847.12        2866.04       0.332094E-004   957.927        5.61367        2.69672      -0.131860E+008
  468.769        3847.12        2863.86       0.337484E-004   974.550        5.60414        2.69214      -0.131668E+008
  488.346        3847.12        2861.62       0.342961E-004   990.017        5.59396        2.68725      -0.131471E+008
  507.923        3847.12        2859.33       0.348601E-004   1004.48        5.58299        2.68198      -0.131272E+008
  527.500        3847.12        2856.97       0.354644E-004   1018.10        5.57057        2.67602      -0.131070E+008
  547.077        3847.12        2840.94       0.358384E-004   1031.27        5.53832        2.66052      -0.130854E+008
  566.654        3847.12        2831.96       0.363892E-004   1043.68        5.51364        2.64867      -0.130644E+008
  586.231        3847.12        2817.40       0.367996E-004   1055.15        5.47780        2.63145      -0.130420E+008
  605.808        3847.12        2799.70       0.371418E-004   1065.81        5.43495        2.61087      -0.130186E+008
  625.385        3847.12        2797.66       0.378221E-004   1076.57        5.42133        2.60432      -0.129975E+008
  644.962        3847.12        2795.54       0.385431E-004   1086.95        5.40690        2.59739      -0.129761E+008
  664.538        3847.12        2794.65       0.403750E-004   1099.11        5.34342        2.56690      -0.129531E+008
  684.115        3847.12        2791.57       0.411039E-004   1108.14        5.32418        2.55766      -0.129297E+008
  703.692        3847.12        2789.26       0.415896E-004   1113.05        5.30349        2.54771      -0.129027E+008
  723.269        3847.12        2782.07       0.423029E-004   1121.12        5.28158        2.53719      -0.128784E+008
  742.846        3847.12        2760.92       0.408888E-004   1114.81        5.28617        2.53939      -0.128485E+008
  762.423        3847.12        2737.79       0.401254E-004   1118.48        5.29649        2.54435      -0.128208E+008
  782.000        3847.12        2735.98       0.413173E-004   1125.95        5.27379        2.53345      -0.127987E+008
  801.577        3847.12        2734.11       0.427323E-004   1133.57        5.24807        2.52109      -0.127764E+008
  821.154        3847.12        2733.04       0.444875E-004   1141.40        5.21904        2.50714      -0.127538E+008
  840.731        3847.12        2731.40       0.466773E-004   1149.70        5.18413        2.49037      -0.127312E+008
  860.308        3847.12        2728.53       0.495439E-004   1158.94        5.14019        2.46927      -0.127084E+008
  879.885        3847.12        2725.79       0.536948E-004   1169.88        5.08337        2.44197      -0.126855E+008
  899.462        3847.12        2724.92       0.606498E-004   1184.47        5.00424        2.40396      -0.126621E+008
  919.038        3847.12        2720.76       0.757521E-004   1211.23        4.86604        2.33757      -0.126386E+008
938.615 3847.12 2714.76 0.0001 1550.57 4.33163 2.08085 -0.126137E+008
  958.192        3847.12        2712.74       0.234230E-004   1145.49                 NaN            NaN -0.125906E+008
  977.769        3847.12        2711.81       0.235657E-004   1149.42                 NaN            NaN -0.125679E+008
  997.346        3847.12        2719.97       0.242100E-004   1153.77        5.81937        2.79554      -0.125345E+008
  1016.92        3847.12        2720.22       0.244481E-004   1157.66        5.81258        2.79227      -0.125121E+008
  1036.50        3847.12        2721.62       0.247427E-004   1161.62        5.80761        2.78989      -0.124956E+008
  1056.08        3847.12        2720.79       0.249126E-004   1165.36        5.80410        2.78820      -0.124807E+008
  1075.65        3847.12        2717.91       0.249627E-004   1168.86        5.80123        2.78682      -0.124657E+008
  1095.23        3847.12        2729.18       0.249852E-004   1171.86        5.83418        2.80265      -0.124545E+008
  1114.81        3847.12        2770.55       0.244851E-004   1174.41        5.97524                 NaN -0.124252E+008
  1134.38        3847.12        2796.81       0.247702E-004   1178.30        6.03449        2.89887      -0.124007E+008
  1153.96        3847.12        2814.23       0.256533E-004   1183.01                 NaN            NaN -0.123895E+008
  1173.54        3847.12        2823.99       0.263715E-004   1187.33        6.04659        2.90469      -0.123864E+008
  1193.12        3847.12        2824.89       0.269857E-004   1192.07                 NaN            NaN -0.124095E+008
  1212.69        3847.12        2828.91       0.277058E-004   1196.10                 NaN            NaN -0.124211E+008
  1232.27        3847.12        2838.06       0.286715E-004   1199.46        6.06788        2.91492      -0.124180E+008
  1251.85        3847.12        2849.61       0.297347E-004   1202.55        6.07908        2.92030      -0.124164E+008
  1271.42        3847.12        2851.79       0.297780E-004   1204.86        6.11075        2.93551      -0.124322E+008
  1291.00        3847.12        2856.60       0.298468E-004   1206.55        6.14971        2.95422      -0.124440E+008
  1310.58        3847.12        2864.25       0.299544E-004   1207.43        6.19780        2.97732      -0.124533E+008
  1330.15        3847.12        2875.60       0.301451E-004   1206.98        6.25553        3.00506      -0.124563E+008
  1349.73        3847.12        2893.45       0.304318E-004   1204.88        6.33346        3.04249      -0.124550E+008
  1369.31        3847.12        2934.48       0.312343E-004   1203.08        6.41188        3.08017      -0.123912E+008
  1388.88        3847.12        3028.40       0.330835E-004   1196.22        6.57299        3.15756      -0.122688E+008
  1408.46        3847.12        3089.66       0.347384E-004   1192.00        6.64936        3.19425      -0.121708E+008
  1428.04        3847.12        3181.94       0.368348E-004   1184.61        6.80579        3.26939      -0.120513E+008
  1447.62        3847.12        3265.94       0.389831E-004   1177.78        6.93661        3.33224      -0.119353E+008
  1467.19        3847.12        3263.61       0.391971E-004   1179.17        6.93179        3.32993      -0.119083E+008
  1486.77        3847.12        3261.25       0.394115E-004   1180.52        6.92692        3.32758      -0.118809E+008
  1506.35        3847.12        3258.92       0.396245E-004   1181.84        6.92181        3.32513      -0.118535E+008
  1525.92        3847.12        3248.58       0.380803E-004   1175.07        6.71856        3.22749      -0.118296E+008
  1545.50        3847.12        3244.70       0.378189E-004   1174.03        6.66108        3.19988      -0.118010E+008
  1565.08        3847.12        3242.60       0.379685E-004   1174.93        6.64948        3.19431      -0.117724E+008
  1584.65        3847.12        3240.33       0.381302E-004   1175.93        6.63864        3.18910      -0.117451E+008
  1604.23        3847.12        3238.12       0.382881E-004   1176.69        6.62676        3.18339      -0.117165E+008
  1623.81        3847.12        3235.96       0.384503E-004   1177.66        6.61618        3.17831      -0.116881E+008
  1643.38        3847.12        3233.89       0.386135E-004   1178.35        6.60459        3.17274      -0.116577E+008
  1662.96        3847.12        3231.49       0.387884E-004   1179.29        6.59388        3.16760      -0.116313E+008
  1682.54        3847.12        3229.04       0.388002E-004   1178.19        6.58426        3.16298      -0.116029E+008
  1702.12        3847.12        3381.65       0.285417E-004   1095.19        5.99754        2.88113      -0.110228E+008
  1721.69        3847.12        3429.30       0.253076E-004   1070.74        5.80991        2.79099      -0.108400E+008
  1741.27        3847.12        3427.60       0.254388E-004   1071.76        5.79791        2.78523      -0.108190E+008
  1760.85        3847.12        3425.89       0.255713E-004   1072.76        5.78588        2.77945      -0.107980E+008
  1780.42        3847.12        3424.17       0.257051E-004   1073.74        5.77380        2.77364      -0.107770E+008
  1800.00        3847.12        3422.44       0.258403E-004   1074.71        5.76169        2.76783      -0.107560E+008
  273.000        5129.15        3029.03       0.210692E-004   714.452        6.45368        3.10025      -0.133230E+008
  292.577        5129.15        3027.72       0.217177E-004   752.074        6.44987        3.09842      -0.133082E+008
  312.154        5129.15        3027.18       0.230306E-004   786.948        6.41410        3.08123      -0.132920E+008
  331.731        5129.15        3025.73       0.237115E-004   817.492        6.40537        3.07704      -0.132754E+008
  351.308        5129.15        3022.79       0.234397E-004   843.426        6.44289        3.09506      -0.132586E+008
  370.885        5129.15        3021.15       0.239727E-004   868.534        6.43666        3.09207      -0.132415E+008
  390.462        5129.15        3019.45       0.244740E-004   891.533        6.43032        3.08903      -0.132240E+008
  410.038        5129.15        3006.99       0.247521E-004   912.436        6.41550        3.08190      -0.132054E+008
  429.615        5129.15        2947.58       0.325664E-004   941.414        5.76710        2.77042      -0.131680E+008
  449.192        5129.15        2873.74       0.326118E-004   957.406        5.64393        2.71125      -0.131422E+008
  468.769        5129.15        2870.50       0.331303E-004   974.004        5.63333        2.70617      -0.131229E+008
  488.346        5129.15        2868.20       0.336728E-004   989.463        5.62219        2.70081      -0.131031E+008
  507.923        5129.15        2866.08       0.341762E-004   1003.88        5.61346        2.69662      -0.130834E+008
  527.500        5129.15        2863.78       0.347207E-004   1017.42        5.60247        2.69134      -0.130632E+008
  547.077        5129.15        2861.42       0.353645E-004   1030.28        5.58892        2.68483      -0.130427E+008
  566.654        5129.15        2859.14       0.358342E-004   1042.30        5.57949        2.68030      -0.130221E+008
  586.231        5129.15        2857.00       0.364560E-004   1053.97        5.56600        2.67382      -0.130014E+008
  605.808        5129.15        2854.83       0.371012E-004   1065.10        5.55206        2.66713      -0.129805E+008
  625.385        5129.15        2849.68       0.377195E-004   1075.80        5.53221        2.65759      -0.129589E+008
  644.962        5129.15        2831.08       0.393495E-004   1088.84        5.43351        2.61018      -0.129347E+008
  664.538        5129.15        2807.76       0.395993E-004   1098.07        5.38142        2.58515      -0.129096E+008
  684.115        5129.15        2806.02       0.403766E-004   1107.85        5.36645        2.57796      -0.128877E+008
  703.692        5129.15        2799.95       0.405707E-004   1111.71        5.34132        2.56589      -0.128590E+008
  723.269        5129.15        2802.81       0.418026E-004   1125.79        5.33578        2.56322      -0.128398E+008
  742.846        5129.15        2789.71       0.412707E-004   1119.51        5.30770        2.54974      -0.128112E+008
  762.423        5129.15        2778.75       0.412132E-004   1121.81        5.29806        2.54511      -0.127848E+008
  782.000        5129.15        2763.65       0.410995E-004   1126.82        5.29723        2.54471      -0.127587E+008
  801.577        5129.15        2743.08       0.406158E-004   1130.97        5.30364        2.54779      -0.127311E+008
  821.154        5129.15        2741.23       0.418981E-004   1138.22        5.27965        2.53626      -0.127088E+008
  840.731        5129.15        2741.13       0.435068E-004   1145.63        5.25340        2.52365      -0.126861E+008
  860.308        5129.15        2737.32       0.453299E-004   1153.47        5.22026        2.50773      -0.126635E+008
  879.885        5129.15        2735.31       0.477742E-004   1161.90        5.18200        2.48935      -0.126406E+008
  899.462        5129.15        2732.99       0.511321E-004   1171.61        5.13326        2.46594      -0.126177E+008
  919.038        5129.15        2730.56       0.562041E-004   1183.73        5.06822        2.43470      -0.125944E+008
  938.615        5129.15        2727.77       0.653734E-004   1201.89        4.97016        2.38759      -0.125709E+008
  958.192        5129.15        2724.19       0.919392E-004   1245.97        4.77478        2.29373      -0.125469E+008
  977.769        5129.15        2718.91       0.254311E-004   1149.03        5.86524        2.81757      -0.125218E+008
  997.346        5129.15        2725.43       0.237186E-004   1153.27        5.85510        2.81270      -0.124914E+008
  1016.92        5129.15        2724.78       0.238910E-004   1157.10        5.84927        2.80990      -0.124697E+008
  1036.50        5129.15        2723.46       0.240233E-004   1160.99        5.84761        2.80910      -0.124596E+008
  1056.08        5129.15        2723.21       0.242238E-004   1164.51        5.83952        2.80521      -0.124319E+008
  1075.65        5129.15        2721.99       0.243657E-004   1168.16                 NaN            NaN -0.124196E+008
  1095.23        5129.15        2720.20       0.244621E-004   1171.86        5.83876        2.80485      -0.124174E+008
  1114.81        5129.15        2731.41       0.243567E-004   1174.68                 NaN            NaN -0.124098E+008
  1134.38        5129.15        2767.29       0.235876E-004   1177.26        6.02132        2.89255      -0.123869E+008
  1153.96        5129.15        2782.77       0.238015E-004   1181.71                 NaN            NaN -0.123828E+008
  1173.54        5129.15        2791.49       0.244662E-004   1187.20        6.07583        2.91873      -0.124020E+008
  1193.12        5129.15        2806.95       0.253197E-004   1192.44        6.08821        2.92468      -0.124149E+008
  1212.69        5129.15        2808.27       0.256920E-004   1195.84        6.09278        2.92688      -0.124161E+008
  1232.27        5129.15        2811.69       0.261865E-004   1199.10                 NaN            NaN -0.124163E+008
  1251.85        5129.15        2818.27       0.268742E-004   1202.18                 NaN            NaN -0.124145E+008
  1271.42        5129.15        2835.26       0.282382E-004   1204.86                 NaN            NaN -0.123986E+008
  1291.00        5129.15        2850.71       0.294653E-004   1207.43        6.13217        2.94580      -0.123945E+008
  1310.58        5129.15        2861.85       0.299139E-004   1208.73        6.17054        2.96423      -0.123961E+008
  1330.15        5129.15        2874.12       0.301175E-004   1208.89        6.22436        2.99009      -0.123968E+008
  1349.73        5129.15        2892.41       0.304412E-004   1207.48        6.29365        3.02337      -0.123917E+008
  1369.31        5129.15        2924.35       0.310277E-004   1204.31        6.38286        3.06623      -0.123628E+008
  1388.88        5129.15        3034.25       0.328765E-004   1196.37        6.59489        3.16808      -0.122398E+008
  1408.46        5129.15        3058.26       0.337965E-004   1195.50        6.61167        3.17615      -0.121800E+008
  1428.04        5129.15        3187.66       0.366930E-004   1184.70        6.81953        3.27600      -0.120251E+008
  1447.62        5129.15        3268.23       0.387094E-004   1178.43        6.95284        3.34003      -0.119205E+008
  1467.19        5129.15        3266.45       0.388893E-004   1179.87        6.94947        3.33842      -0.118892E+008
  1486.77        5129.15        3263.77       0.391324E-004   1181.03        6.94314        3.33538      -0.118639E+008
  1506.35        5129.15        3262.11       0.393335E-004   1182.04        6.93903        3.33340      -0.118279E+008
  1525.92        5129.15        3259.22       0.395568E-004   1183.51        6.93298        3.33050      -0.118072E+008
  1545.50        5129.15        3251.44       0.385070E-004   1178.98        6.78942        3.26153      -0.117824E+008
  1565.08        5129.15        3245.62       0.377038E-004   1175.39        6.67517        3.20665      -0.117527E+008
  1584.65        5129.15        3243.45       0.378577E-004   1176.24        6.66383        3.20120      -0.117244E+008
  1604.23        5129.15        3241.28       0.380120E-004   1177.03        6.65233        3.19568      -0.116958E+008
  1623.81        5129.15        3239.26       0.381687E-004   1177.81        6.64122        3.19034      -0.116655E+008
  1643.38        5129.15        3237.24       0.383261E-004   1178.53        6.62998        3.18494      -0.116349E+008
  1662.96        5129.15        3234.69       0.385002E-004   1179.57        6.61981        3.18006      -0.116102E+008
  1682.54        5129.15        3232.50       0.386688E-004   1180.30        6.60874        3.17474      -0.115813E+008
  1702.12        5129.15        3230.16       0.386757E-004   1179.10        6.59919        3.17015      -0.115519E+008
  1721.69        5129.15        3328.94       0.320878E-004   1125.18        6.22147        2.98870      -0.111571E+008
  1741.27        5129.15        3433.20       0.250223E-004   1071.29        5.83994        2.80542      -0.107833E+008
  1760.85        5129.15        3431.52       0.251504E-004   1072.28        5.82803        2.79970      -0.107623E+008
  1780.42        5129.15        3429.82       0.252796E-004   1073.25        5.81608        2.79396      -0.107413E+008
  1800.00        5129.15        3428.12       0.254102E-004   1074.21        5.80410        2.78820      -0.107203E+008
  273.000        6411.19        3034.10       0.208281E-004   714.064        6.46530        3.10583      -0.132811E+008
  292.577        6411.19        3034.38       0.215411E-004   752.019        6.45779        3.10222      -0.132656E+008
  312.154        6411.19        3032.29       0.227778E-004   786.565        6.42536        3.08664      -0.132500E+008
  331.731        6411.19        3030.87       0.234465E-004   817.110        6.41681        3.08254      -0.132334E+008
  351.308        6411.19        3029.37       0.240736E-004   844.796        6.40844        3.07851      -0.132169E+008
  370.885        6411.19        3027.79       0.246544E-004   870.023        6.40047        3.07469      -0.131998E+008
  390.462        6411.19        3042.95       0.266959E-004   894.798        6.23061        2.99309      -0.131792E+008
  410.038        6411.19        3043.21       0.276866E-004   916.804        6.19095        2.97404      -0.131601E+008
  429.615        6411.19        3042.87       0.285799E-004   937.010        6.15626        2.95737      -0.131407E+008
  449.192        6411.19        3027.90       0.294173E-004   955.016        5.98153        2.87343      -0.131158E+008
  468.769        6411.19        3016.32       0.300584E-004   972.397        5.95843        2.86234      -0.130948E+008
  488.346        6411.19        2965.75       0.334242E-004   991.394        5.77888        2.77608      -0.130679E+008
  507.923        6411.19        2956.09       0.339479E-004   1006.10        5.75501        2.76462      -0.130474E+008
  527.500        6411.19        2874.57       0.340532E-004   1016.91        5.63625        2.70757      -0.130198E+008
  547.077        6411.19        2870.26       0.345842E-004   1029.63        5.62313        2.70127      -0.129991E+008
  566.654        6411.19        2866.02       0.351369E-004   1041.56        5.61046        2.69518      -0.129783E+008
  586.231        6411.19        2863.72       0.356694E-004   1053.15        5.59851        2.68944      -0.129576E+008
  605.808        6411.19        2861.59       0.362689E-004   1064.23        5.58533        2.68311      -0.129367E+008
  625.385        6411.19        2859.44       0.368911E-004   1074.84        5.57175        2.67658      -0.129156E+008
  644.962        6411.19        2857.53       0.388605E-004   1088.15        5.49952        2.64188      -0.128937E+008
  664.538        6411.19        2854.45       0.395573E-004   1098.11        5.48034        2.63267      -0.128717E+008
  684.115        6411.19        2851.29       0.403028E-004   1107.83        5.46015        2.62297      -0.128494E+008
  703.692        6411.19        2832.21       0.405297E-004   1114.72        5.41187        2.59978      -0.128221E+008
  723.269        6411.19        2809.87       0.404924E-004   1120.03        5.36466        2.57710      -0.127930E+008
  742.846        6411.19        2805.29       0.405646E-004   1120.82        5.34982        2.56997      -0.127692E+008
  762.423        6411.19        2797.73       0.407887E-004   1124.18        5.33282        2.56180      -0.127446E+008
  782.000        6411.19        2791.47       0.411695E-004   1128.14        5.31668        2.55405      -0.127200E+008
  801.577        6411.19        2780.99       0.413848E-004   1133.59        5.31035        2.55101      -0.126949E+008
  821.154        6411.19        2766.25       0.413339E-004   1138.34        5.30898        2.55035      -0.126684E+008
  840.731        6411.19        2748.87       0.411692E-004   1142.73        5.31023        2.55095      -0.126412E+008
  860.308        6411.19        2746.93       0.425499E-004   1149.79        5.28479        2.53873      -0.126186E+008
  879.885        6411.19        2744.93       0.442254E-004   1157.13        5.25546        2.52464      -0.125959E+008
  899.462        6411.19        2743.24       0.463537E-004   1165.00        5.22089        2.50803      -0.125730E+008
  919.038        6411.19        2741.10       0.491430E-004   1173.75        5.17844        2.48764      -0.125499E+008
  938.615        6411.19        2738.63       0.530992E-004   1184.20        5.12370        2.46135      -0.125266E+008
  958.192        6411.19        2735.68       0.594461E-004   1198.24        5.04725        2.42462      -0.125032E+008
  977.769        6411.19        2732.57       0.726413E-004   1222.75        4.92212        2.36451      -0.124793E+008
997.346 6411.19 2734.11 0.0001 1345.44 4.57393 2.19724 -0.124488E+008
  1016.92        6411.19        2731.24       0.234607E-004   1156.64                 NaN            NaN -0.124258E+008
  1036.50        6411.19        2730.48       0.236201E-004   1160.39                 NaN            NaN -0.124069E+008
  1056.08        6411.19        2729.22       0.237620E-004   1164.00                 NaN            NaN -0.123879E+008
  1075.65        6411.19        2727.27       0.238667E-004   1167.59                 NaN            NaN -0.123748E+008
  1095.23        6411.19        2725.11       0.239495E-004   1171.21        5.87255        2.82108      -0.123694E+008
  1114.81        6411.19        2726.37       0.238877E-004   1174.57        5.89037        2.82964      -0.123719E+008
  1134.38        6411.19        2733.77       0.237772E-004   1177.56        5.92206        2.84486      -0.123691E+008
  1153.96        6411.19        2768.58       0.227938E-004   1181.53        6.09371        2.92732      -0.123717E+008
  1173.54        6411.19        2772.03       0.231114E-004   1185.73        6.09717        2.92899      -0.123736E+008
  1193.12        6411.19        2778.38       0.235448E-004   1190.15        6.10333        2.93194      -0.123797E+008
  1212.69        6411.19        2789.93       0.241798E-004   1194.95        6.11409        2.93711      -0.123917E+008
  1232.27        6411.19        2797.51       0.247057E-004   1198.97                 NaN            NaN -0.123992E+008
  1251.85        6411.19        2802.39       0.252747E-004   1202.05        6.12976        2.94464      -0.123961E+008
  1271.42        6411.19        2812.27       0.261339E-004   1204.73        6.13718        2.94821      -0.123863E+008
  1291.00        6411.19        2819.73       0.267285E-004   1207.32                 NaN            NaN -0.123837E+008
  1310.58        6411.19        2834.12       0.275845E-004   1209.16        6.17513        2.96643      -0.123728E+008
  1330.15        6411.19        2866.55       0.296267E-004   1210.26                 NaN            NaN -0.123471E+008
  1349.73        6411.19        2890.03       0.303811E-004   1209.53        6.26136        3.00786      -0.123342E+008
  1369.31        6411.19        2919.37       0.309193E-004   1206.44        6.34965        3.05027      -0.123166E+008
  1388.88        6411.19        2972.16       0.319276E-004   1202.20        6.45888        3.10275      -0.122558E+008
  1408.46        6411.19        3097.72       0.342497E-004   1192.75        6.68752        3.21258      -0.121218E+008
  1428.04        6411.19        3194.50       0.365758E-004   1184.76        6.83541        3.28363      -0.119986E+008
  1447.62        6411.19        3270.95       0.384222E-004   1179.03        6.96896        3.34778      -0.119023E+008
  1467.19        6411.19        3268.73       0.385796E-004   1180.96        6.96600        3.34636      -0.118768E+008
  1486.77        6411.19        3266.59       0.388074E-004   1181.94        6.96074        3.34383      -0.118457E+008
  1506.35        6411.19        3264.04       0.390548E-004   1182.91        6.95441        3.34079      -0.118191E+008
  1525.92        6411.19        3261.81       0.392735E-004   1184.01        6.94954        3.33845      -0.117898E+008
  1545.50        6411.19        3259.56       0.394901E-004   1185.08        6.94427        3.33592      -0.117600E+008
  1565.08        6411.19        3253.56       0.387692E-004   1182.03        6.84007        3.28586      -0.117336E+008
  1584.65        6411.19        3246.97       0.375768E-004   1176.54        6.68893        3.21326      -0.117004E+008
  1604.23        6411.19        3244.54       0.377354E-004   1177.39        6.67778        3.20790      -0.116737E+008
  1623.81        6411.19        3242.51       0.378896E-004   1178.18        6.66689        3.20267      -0.116437E+008
  1643.38        6411.19        3240.32       0.380471E-004   1178.86        6.65548        3.19719      -0.116148E+008
  1662.96        6411.19        3237.96       0.382150E-004   1179.78        6.64509        3.19220      -0.115883E+008
  1682.54        6411.19        3235.87       0.383762E-004   1180.45        6.63402        3.18688      -0.115584E+008
  1702.12        6411.19        3233.45       0.383762E-004   1179.16        6.62452        3.18232      -0.115299E+008
  1721.69        6411.19        3231.13       0.385539E-004   1180.03        6.61418        3.17735      -0.115025E+008
  1741.27        6411.19        3363.52       0.297146E-004   1109.02        6.13320        2.94629      -0.109941E+008
  1760.85        6411.19        3437.06       0.247437E-004   1071.81        5.86974        2.81973      -0.107266E+008
  1780.42        6411.19        3435.39       0.248687E-004   1072.77        5.85792        2.81405      -0.107056E+008
  1800.00        6411.19        3433.72       0.249949E-004   1073.72        5.84606        2.80836      -0.106846E+008
  273.000        7693.23        3040.53       0.206748E-004   714.005        6.47303        3.10954      -0.132387E+008
  292.577        7693.23        3038.68       0.218764E-004   752.322        6.44354        3.09538      -0.132237E+008
  312.154        7693.23        3037.35       0.225299E-004   786.176        6.43689        3.09218      -0.132075E+008
  331.731        7693.23        3035.97       0.231935E-004   816.732        6.42839        3.08810      -0.131915E+008
  351.308        7693.23        3048.89       0.246618E-004   844.867        6.30653        3.02956      -0.131735E+008
  370.885        7693.23        3049.90       0.257075E-004   870.942        6.26660        3.01038      -0.131555E+008
  390.462        7693.23        3050.52       0.267057E-004   894.869        6.22685        2.99128      -0.131369E+008
  410.038        7693.23        3049.10       0.273139E-004   916.160        6.20995        2.98316      -0.131185E+008
  429.615        7693.23        3050.37       0.284558E-004   936.887        6.16064        2.95948      -0.130988E+008
  449.192        7693.23        3049.46       0.291817E-004   955.335        6.13506        2.94719      -0.130794E+008
  468.769        7693.23        3037.41       0.298147E-004   971.784        5.99152        2.87823      -0.130552E+008
  488.346        7693.23        3031.48       0.303819E-004   987.793        5.97504        2.87031      -0.130347E+008
  507.923        7693.23        3026.33       0.314080E-004   1003.11        5.96519        2.86559      -0.130130E+008
  527.500        7693.23        2983.82       0.337169E-004   1019.10        5.81499        2.79343      -0.129868E+008
  547.077        7693.23        2975.16       0.342216E-004   1032.29        5.79162        2.78220      -0.129657E+008
  566.654        7693.23        2966.73       0.347489E-004   1044.73        5.76806        2.77089      -0.129443E+008
  586.231        7693.23        2958.60       0.352256E-004   1056.36        5.74695        2.76074      -0.129227E+008
  605.808        7693.23        2950.79       0.357695E-004   1067.43        5.72431        2.74987      -0.129009E+008
  625.385        7693.23        2872.19       0.374713E-004   1077.04        5.54636        2.66438      -0.128715E+008
  644.962        7693.23        2870.01       0.380824E-004   1087.22        5.53250        2.65773      -0.128501E+008
  664.538        7693.23        2867.83       0.387234E-004   1097.05        5.51790        2.65072      -0.128285E+008
  684.115        7693.23        2865.63       0.394028E-004   1106.66        5.50238        2.64326      -0.128066E+008
  703.692        7693.23        2863.34       0.401366E-004   1116.21        5.48564        2.63522      -0.127845E+008
  723.269        7693.23        2860.80       0.409772E-004   1126.36        5.46721        2.62636      -0.127620E+008
  742.846        7693.23        2820.83       0.400752E-004   1123.05        5.38894        2.58876      -0.127275E+008
  762.423        7693.23        2813.65       0.401471E-004   1125.30        5.37391        2.58154      -0.127028E+008
  782.000        7693.23        2806.20       0.403997E-004   1129.31        5.35774        2.57378      -0.126782E+008
  801.577        7693.23        2801.02       0.408637E-004   1133.65        5.34043        2.56546      -0.126542E+008
  821.154        7693.23        2793.82       0.413145E-004   1139.41        5.32980        2.56035      -0.126300E+008
  840.731        7693.23        2783.39       0.415619E-004   1144.52        5.32333        2.55724      -0.126045E+008
  860.308        7693.23        2768.91       0.415681E-004   1149.03        5.32145        2.55634      -0.125776E+008
  879.885        7693.23        2755.22       0.417899E-004   1153.83        5.31625        2.55384      -0.125511E+008
  899.462        7693.23        2753.15       0.432850E-004   1160.76        5.28911        2.54081      -0.125283E+008
  919.038        7693.23        2751.24       0.451347E-004   1168.10        5.25772        2.52573      -0.125053E+008
  938.615        7693.23        2748.81       0.474910E-004   1176.13        5.21966        2.50744      -0.124822E+008
  958.192        7693.23        2746.46       0.507043E-004   1185.39        5.17243        2.48476      -0.124589E+008
  977.769        7693.23        2743.87       0.554884E-004   1197.06        5.10965        2.45460      -0.124355E+008
  997.346        7693.23        2746.38       0.640664E-004   1214.60        5.01736        2.41026      -0.124077E+008
  1016.92        7693.23        2742.66       0.857456E-004   1252.97        4.84533        2.32762      -0.123848E+008
  1036.50        7693.23        2736.39       0.744484E-004   1159.92        11.8656        5.70006      -0.123630E+008
  1056.08        7693.23        2735.16       0.233197E-004   1163.52                 NaN            NaN -0.123440E+008
  1075.65        7693.23        2734.39       0.234432E-004   1167.17        5.90897        2.83858      -0.123332E+008
  1095.23        7693.23        2730.99       0.235000E-004   1170.67                 NaN            NaN -0.123235E+008
  1114.81        7693.23        2727.58       0.235082E-004   1174.32        5.91102        2.83956      -0.123278E+008
  1134.38        7693.23        2731.32       0.233356E-004   1177.38        5.93981        2.85339      -0.123311E+008
  1153.96        7693.23        2736.43       0.232201E-004   1180.47                 NaN            NaN -0.123306E+008
  1173.54        7693.23        2764.10       0.222584E-004   1184.75                 NaN            NaN -0.123382E+008
  1193.12        7693.23        2785.38       0.232651E-004   1189.84                 NaN            NaN -0.123395E+008
  1212.69        7693.23        2770.31       0.228451E-004   1193.00        6.13004        2.94477      -0.123485E+008
  1232.27        7693.23        2778.70       0.233301E-004   1197.49        6.13988        2.94950      -0.123601E+008
  1251.85        7693.23        2790.22       0.239332E-004   1201.92                 NaN            NaN -0.123728E+008
  1271.42        7693.23        2808.90       0.247630E-004   1203.23                 NaN   2.96239      -0.123192E+008
  1291.00        7693.23        2798.14       0.246656E-004   1207.19                 NaN            NaN -0.123639E+008
  1310.58        7693.23        2815.36       0.258532E-004   1209.09        6.18632        2.97181      -0.123440E+008
  1330.15        7693.23        2826.00       0.262662E-004   1210.66                 NaN            NaN -0.123363E+008
  1349.73        7693.23        2857.99       0.279411E-004   1210.96        6.25262        3.00366      -0.123080E+008
  1369.31        7693.23        2915.66       0.308046E-004   1208.93        6.31520        3.03372      -0.122623E+008
  1388.88        7693.23        2963.74       0.317243E-004   1203.31        6.43471        3.09113      -0.122265E+008
  1408.46        7693.23        3050.28       0.333867E-004   1197.13        6.58744        3.16450      -0.121272E+008
  1428.04        7693.23        3198.85       0.364117E-004   1185.17        6.84855        3.28994      -0.119764E+008
  1447.62        7693.23        3273.36       0.381468E-004   1179.71        6.98566        3.35580      -0.118856E+008
  1467.19        7693.23        3271.02       0.382921E-004   1181.83        6.98218        3.35413      -0.118631E+008
  1486.77        7693.23        3268.96       0.385692E-004   1182.15        6.97598        3.35115      -0.118288E+008
  1506.35        7693.23        3266.70       0.387799E-004   1183.35        6.97096        3.34874      -0.118004E+008
  1525.92        7693.23        3264.44       0.389946E-004   1184.47        6.96606        3.34639      -0.117717E+008
  1545.50        7693.23        3262.09       0.392069E-004   1185.62        6.96087        3.34389      -0.117434E+008
  1565.08        7693.23        3259.74       0.394227E-004   1186.71        6.95577        3.34145      -0.117148E+008
  1584.65        7693.23        3254.76       0.388901E-004   1184.36        6.87359        3.30197      -0.116861E+008
  1604.23        7693.23        3247.79       0.374643E-004   1177.72        6.70285        3.21995      -0.116513E+008
  1623.81        7693.23        3245.59       0.376186E-004   1178.49        6.69182        3.21465      -0.116229E+008
  1643.38        7693.23        3243.40       0.377736E-004   1179.19        6.68064        3.20928      -0.115943E+008
  1662.96        7693.23        3241.30       0.379311E-004   1179.92        6.66987        3.20410      -0.115649E+008
  1682.54        7693.23        3239.21       0.380895E-004   1180.60        6.65899        3.19888      -0.115354E+008
  1702.12        7693.23        3236.83       0.380766E-004   1179.31        6.65003        3.19457      -0.115071E+008
  1721.69        7693.23        3234.60       0.382509E-004   1180.02        6.63922        3.18938      -0.114785E+008
  1741.27        7693.23        3232.50       0.384232E-004   1180.77        6.62884        3.18439      -0.114491E+008
  1760.85        7693.23        3442.52       0.243506E-004   1071.36        5.91102        2.83956      -0.106909E+008
  1780.42        7693.23        3440.88       0.244715E-004   1072.32        5.89932        2.83394      -0.106699E+008
  1800.00        7693.23        3439.23       0.245936E-004   1073.25        5.88759        2.82830      -0.106489E+008
  273.000        8975.27        3051.11       0.204343E-004   712.607        6.45631        3.10151      -0.131970E+008
  292.577        8975.27        3053.72       0.219105E-004   750.829        6.38991        3.06962      -0.131816E+008
  312.154        8975.27        3053.44       0.226676E-004   785.134        6.37309        3.06154      -0.131654E+008
  331.731        8975.27        3057.49       0.241701E-004   816.983        6.30953        3.03100      -0.131483E+008
  351.308        8975.27        3056.22       0.247018E-004   844.865        6.30317        3.02795      -0.131313E+008
  370.885        8975.27        3057.77       0.259268E-004   871.254        6.25097        3.00287      -0.131127E+008
  390.462        8975.27        3058.34       0.267261E-004   894.855        6.22640        2.99107      -0.130948E+008
  410.038        8975.27        3056.06       0.271970E-004   916.000        6.21475        2.98547      -0.130765E+008
  429.615        8975.27        3057.75       0.283875E-004   936.735        6.16342        2.96081      -0.130568E+008
  449.192        8975.27        3056.90       0.290067E-004   955.062        6.14400        2.95148      -0.130377E+008
  468.769        8975.27        3057.51       0.299213E-004   971.814        6.12423        2.94198      -0.130175E+008
  488.346        8975.27        3048.52       0.305775E-004   987.014        6.01370        2.88889      -0.129936E+008
  507.923        8975.27        3048.38       0.311622E-004   1001.77        6.00574        2.88506      -0.129733E+008
  527.500        8975.27        3037.33       0.316838E-004   1016.03        5.98254        2.87392      -0.129518E+008
  547.077        8975.27        3033.37       0.320899E-004   1029.46        5.97373        2.86969      -0.129310E+008
  566.654        8975.27        3000.97       0.340396E-004   1043.05        5.86057        2.81533      -0.129050E+008
  586.231        8975.27        2991.46       0.345163E-004   1055.17        5.83079        2.80102      -0.128832E+008
  605.808        8975.27        2981.66       0.349510E-004   1066.63        5.80119        2.78680      -0.128612E+008
  625.385        8975.27        2973.40       0.354575E-004   1077.51        5.77562        2.77452      -0.128390E+008
  644.962        8975.27        2966.03       0.359923E-004   1087.87        5.75252        2.76342      -0.128167E+008
  664.538        8975.27        2958.99       0.365485E-004   1097.76        5.72944        2.75233      -0.127942E+008
  684.115        8975.27        2952.22       0.371299E-004   1107.24        5.70615        2.74114      -0.127715E+008
  703.692        8975.27        2945.68       0.377400E-004   1116.36        5.68252        2.72979      -0.127486E+008
  723.269        8975.27        2871.53       0.400393E-004   1124.97        5.50090        2.64255      -0.127188E+008
  742.846        8975.27        2868.87       0.421283E-004   1151.26        5.48171        2.63333      -0.126962E+008
  762.423        8975.27        2865.98       0.409591E-004   1134.79        5.46415        2.62490      -0.126734E+008
  782.000        8975.27        2838.57       0.403340E-004   1134.12        5.41564        2.60159      -0.126409E+008
  801.577        8975.27        2815.56       0.400809E-004   1134.61        5.38306        2.58594      -0.126122E+008
  821.154        8975.27        2811.45       0.401668E-004   1140.03        5.37714        2.58309      -0.125869E+008
  840.731        8975.27        2808.68       0.406672E-004   1147.49        5.36717        2.57830      -0.125632E+008
  860.308        8975.27        2805.64       0.411867E-004   1155.11        5.35717        2.57350      -0.125391E+008
  879.885        8975.27        2786.19       0.417481E-004   1154.69        5.33717        2.56390      -0.125137E+008
  899.462        8975.27        2771.86       0.418131E-004   1159.02        5.33473        2.56272      -0.124865E+008
  919.038        8975.27        2762.26       0.424905E-004   1164.38        5.32166        2.55644      -0.124610E+008
  938.615        8975.27        2759.98       0.441197E-004   1171.27        5.29253        2.54245      -0.124379E+008
  958.192        8975.27        2757.65       0.461615E-004   1178.71        5.25827        2.52599      -0.124147E+008
  977.769        8975.27        2755.07       0.488483E-004   1187.14        5.21619        2.50578      -0.123914E+008
  997.346        8975.27        2757.31       0.529045E-004   1197.67        5.16100        2.47927      -0.123652E+008
  1016.92        8975.27        2754.86       0.589317E-004   1211.47        5.08737        2.44389      -0.123430E+008
  1036.50        8975.27        2752.30       0.707984E-004   1234.74        4.97202        2.38848      -0.123227E+008
1056.08 8975.27 2746.16 0.0001 1317.96 4.69663 2.25619 -0.123020E+008
  1075.65        8975.27        2740.11       0.230055E-004   1166.73                 NaN            NaN -0.122910E+008
  1095.23        8975.27        2735.12       0.229108E-004   1170.65        5.95432        2.86036      -0.123096E+008
  1114.81        8975.27        2734.04       0.230994E-004   1173.80                 NaN            NaN -0.122809E+008
  1134.38        8975.27        2731.74       0.229913E-004   1177.27        5.95900        2.86261      -0.122913E+008
  1153.96        8975.27        2735.43       0.228187E-004   1180.25        5.98654        2.87584      -0.122927E+008
  1173.54        8975.27        2761.61       0.216477E-004   1184.09        6.14620        2.95254      -0.123014E+008
  1193.12        8975.27        2761.30       0.218049E-004   1187.93        6.14807        2.95344      -0.123027E+008
  1212.69        8975.27        2764.63       0.220918E-004   1191.96        6.15281        2.95572      -0.123066E+008
  1232.27        8975.27        2765.51       0.222888E-004   1195.84                 NaN            NaN -0.123125E+008
  1251.85        8975.27        2772.29       0.226879E-004   1200.04                 NaN            NaN -0.123222E+008
  1271.42        8975.27        2785.25       0.232896E-004   1204.62                 NaN            NaN -0.123379E+008
  1291.00        8975.27        2788.43       0.235615E-004   1207.21        6.19256        2.97481      -0.123328E+008
  1310.58        8975.27        2794.37       0.239198E-004   1209.37        6.20706        2.98177      -0.123237E+008
  1330.15        8975.27        2807.29       0.246259E-004   1211.04        6.22609        2.99092      -0.123084E+008
  1349.73        8975.27        2824.08       0.252811E-004   1211.83        6.25870        3.00658      -0.122898E+008
  1369.31        8975.27        2859.00       0.267464E-004   1211.12                 NaN            NaN -0.122572E+008
  1388.88        8975.27        2932.14       0.298255E-004   1206.92                 NaN            NaN -0.121983E+008
  1408.46        8975.27        3042.12       0.331083E-004   1198.37        6.56822        3.15527      -0.121023E+008
  1428.04        8975.27        3199.19       0.361462E-004   1185.94        6.85354        3.29233      -0.119543E+008
  1447.62        8975.27        3276.09       0.378479E-004   1180.53        7.00223        3.36376      -0.118680E+008
  1467.19        8975.27        3274.12       0.380293E-004   1181.99        6.99908        3.36225      -0.118383E+008
  1486.77        8975.27        3272.24       0.382486E-004   1182.84        6.99420        3.35991      -0.118042E+008
  1506.35        8975.27        3269.33       0.384720E-004   1184.24        6.98812        3.35699      -0.117839E+008
  1525.92        8975.27        3267.29       0.387027E-004   1185.01        6.98274        3.35440      -0.117521E+008
  1545.50        8975.27        3264.76       0.389053E-004   1186.34        6.97797        3.35211      -0.117257E+008
  1565.08        8975.27        3262.49       0.391363E-004   1187.17        6.97267        3.34956      -0.116956E+008
  1584.65        8975.27        3260.20       0.393536E-004   1188.12        6.96727        3.34697      -0.116656E+008
  1604.23        8975.27        3255.83       0.389054E-004   1186.11        6.89610        3.31278      -0.116358E+008
  1623.81        8975.27        3248.87       0.373432E-004   1178.81        6.71664        3.22657      -0.116003E+008
  1643.38        8975.27        3246.74       0.374934E-004   1179.50        6.70567        3.22130      -0.115712E+008
  1662.96        8975.27        3244.65       0.376483E-004   1180.24        6.69510        3.21622      -0.115421E+008
  1682.54        8975.27        3242.59       0.378029E-004   1180.80        6.68395        3.21087      -0.115117E+008
  1702.12        8975.27        3240.35       0.379642E-004   1181.63        6.67394        3.20606      -0.114838E+008
  1721.69        8975.27        3238.00       0.379543E-004   1180.05        6.66413        3.20134      -0.114543E+008
  1741.27        8975.27        3236.02       0.381194E-004   1180.74        6.65369        3.19633      -0.114245E+008
  1760.85        8975.27        3233.64       0.382999E-004   1181.52        6.64356        3.19146      -0.113971E+008
  1780.42        8975.27        3446.29       0.240874E-004   1071.87        5.94030        2.85363      -0.106343E+008
  1800.00        8975.27        3444.66       0.242055E-004   1072.80        5.92869        2.84805      -0.106133E+008
  273.000        10257.3        3056.55       0.202655E-004   712.234        6.46693        3.10661      -0.131549E+008
  292.577        10257.3        3058.87       0.216852E-004   750.460        6.40331        3.07605      -0.131399E+008
  312.154        10257.3        3060.45       0.227425E-004   785.045        6.36709        3.05865      -0.131232E+008
  331.731        10257.3        3065.86       0.243886E-004   817.172        6.29699        3.02498      -0.131059E+008
  351.308        10257.3        3064.23       0.249080E-004   845.156        6.28928        3.02127      -0.130890E+008
  370.885        10257.3        3066.89       0.261560E-004   871.554        6.24144        2.99829      -0.130704E+008
  390.462        10257.3        3066.05       0.267872E-004   895.061        6.22123        2.98858      -0.130529E+008
  410.038        10257.3        3064.22       0.273460E-004   916.224        6.20555        2.98105      -0.130343E+008
  429.615        10257.3        3065.32       0.282374E-004   936.574        6.17267        2.96526      -0.130154E+008
  449.192        10257.3        3066.80       0.292288E-004   954.627        6.15410        2.95634      -0.129955E+008
  468.769        10257.3        3067.62       0.299827E-004   971.611        6.13123        2.94535      -0.129753E+008
  488.346        10257.3        3069.25       0.307894E-004   987.499        6.10774        2.93406      -0.129546E+008
  507.923        10257.3        3061.65       0.311862E-004   1001.77        6.03550        2.89936      -0.129320E+008
  527.500        10257.3        3059.39       0.315567E-004   1015.43        6.02819        2.89585      -0.129117E+008
  547.077        10257.3        3057.10       0.319317E-004   1028.33        6.02050        2.89215      -0.128911E+008
  566.654        10257.3        3054.77       0.323134E-004   1040.55        6.01235        2.88824      -0.128702E+008
  586.231        10257.3        3052.37       0.327030E-004   1052.18        6.00375        2.88411      -0.128491E+008
  605.808        10257.3        3016.87       0.342792E-004   1064.36        5.90150        2.83499      -0.128223E+008
  625.385        10257.3        3008.51       0.347469E-004   1075.33        5.87636        2.82291      -0.128002E+008
  644.962        10257.3        3000.27       0.352333E-004   1085.92        5.85089        2.81068      -0.127777E+008
  664.538        10257.3        2992.19       0.357406E-004   1096.13        5.82511        2.79829      -0.127551E+008
  684.115        10257.3        2984.31       0.362718E-004   1105.98        5.79903        2.78576      -0.127323E+008
  703.692        10257.3        2975.30       0.368155E-004   1115.49        5.76785        2.77078      -0.127092E+008
  723.269        10257.3        2965.83       0.373887E-004   1124.67        5.73395        2.75450      -0.126858E+008
  742.846        10257.3        2957.32       0.380629E-004   1134.25        5.70251        2.73940      -0.126624E+008
  762.423        10257.3        2950.43       0.385721E-004   1140.86        5.67630        2.72681      -0.126388E+008
  782.000        10257.3        2943.52       0.392661E-004   1148.98        5.64883        2.71361      -0.126151E+008
  801.577        10257.3        2900.97       0.387835E-004   1145.67        5.55982        2.67085      -0.125785E+008
  821.154        10257.3        2866.08       0.394855E-004   1147.78        5.47826        2.63167      -0.125500E+008
  840.731        10257.3        2850.10       0.396676E-004   1153.06        5.45311        2.61959      -0.125230E+008
  860.308        10257.3        2826.30       0.399503E-004   1155.56        5.41336        2.60049      -0.124961E+008
  879.885        10257.3        2821.26       0.404110E-004   1162.39        5.40048        2.59431      -0.124717E+008
  899.462        10257.3        2816.21       0.412660E-004   1168.31        5.37996        2.58445      -0.124483E+008
  919.038        10257.3        2806.27       0.420198E-004   1172.37        5.36053        2.57511      -0.124238E+008
  938.615        10257.3        2775.44       0.420872E-004   1168.48        5.34901        2.56958      -0.123949E+008
  958.192        10257.3        2770.14       0.432882E-004   1174.52        5.32647        2.55876      -0.123708E+008
  977.769        10257.3        2767.18       0.450805E-004   1181.56        5.29417        2.54324      -0.123476E+008
  997.346        10257.3        2768.94       0.476654E-004   1189.79        5.25354        2.52372      -0.123226E+008
  1016.92        10257.3        2765.86       0.507890E-004   1198.94        5.20633        2.50104      -0.123007E+008
  1036.50        10257.3        2762.41       0.553542E-004   1210.47        5.14559        2.47186      -0.122811E+008
  1056.08        10257.3        2758.65       0.631081E-004   1227.28        5.05808        2.42982      -0.122612E+008
  1075.65        10257.3        2753.46       0.814317E-004   1261.90        4.90664        2.35707      -0.122487E+008
1095.23 10257.3 2745.20 0.0001 1169.79 5.49796 2.64113 -0.122345E+008
  1114.81        10257.3        2741.72       0.226347E-004   1173.65                 NaN            NaN -0.122532E+008
  1134.38        10257.3        2736.30       0.226549E-004   1176.99        5.98603        2.87560      -0.122476E+008
  1153.96        10257.3        2737.18       0.224705E-004   1180.10                 NaN            NaN -0.122538E+008
  1173.54        10257.3        2739.19       0.223435E-004   1183.14                 NaN            NaN -0.122547E+008
  1193.12        10257.3        2760.83       0.212774E-004   1187.32        6.17373        2.96577      -0.122631E+008
  1212.69        10257.3        2760.16       0.214133E-004   1191.02        6.17563        2.96668      -0.122640E+008
  1232.27        10257.3        2762.70       0.216523E-004   1194.88                 NaN            NaN -0.122674E+008
  1251.85        10257.3        2763.39       0.218331E-004   1198.59                 NaN            NaN -0.122716E+008
  1271.42        10257.3        2790.16       0.228132E-004   1202.60                 NaN            NaN -0.122501E+008
  1291.00        10257.3        2780.58       0.226800E-004   1206.78        6.20895        2.98268      -0.122921E+008
  1310.58        10257.3        2786.92       0.229990E-004   1209.48        6.22313        2.98950      -0.122887E+008
  1330.15        10257.3        2793.76       0.233060E-004   1211.29                 NaN            NaN -0.122765E+008
  1349.73        10257.3        2818.81       0.247718E-004   1212.52                 NaN            NaN -0.122503E+008
  1369.31        10257.3        2827.96       0.244948E-004   1212.52        6.30735        3.02995      -0.122357E+008
  1388.88        10257.3        2892.13       0.266000E-004   1208.89        6.40227        3.07555      -0.121755E+008
  1408.46        10257.3        2965.39       0.289875E-004   1202.67        6.52156        3.13286      -0.121223E+008
  1428.04        10257.3        3191.51       0.357349E-004   1187.50        6.84375        3.28763      -0.119384E+008
  1447.62        10257.3        3279.03       0.375542E-004   1181.25        7.01911        3.37187      -0.118481E+008
  1467.19        10257.3        3276.62       0.377471E-004   1182.74        7.01432        3.36957      -0.118220E+008
  1486.77        10257.3        3274.25       0.379960E-004   1183.52        7.00953        3.36727      -0.117930E+008
  1506.35        10257.3        3272.20       0.382040E-004   1184.56        7.00438        3.36480      -0.117626E+008
  1525.92        10257.3        3270.16       0.384162E-004   1185.51        6.99935        3.36238      -0.117319E+008
  1545.50        10257.3        3267.71       0.386331E-004   1186.59        6.99437        3.35999      -0.117040E+008
  1565.08        10257.3        3265.25       0.388546E-004   1187.60        6.98950        3.35765      -0.116758E+008
  1584.65        10257.3        3262.93       0.390669E-004   1188.59        6.98414        3.35507      -0.116465E+008
  1604.23        10257.3        3260.61       0.392828E-004   1189.52        6.97887        3.35254      -0.116170E+008
  1623.81        10257.3        3256.53       0.388196E-004   1187.33        6.90828        3.31863      -0.115849E+008
  1643.38        10257.3        3250.07       0.372189E-004   1179.80        6.73036        3.23316      -0.115477E+008
  1662.96        10257.3        3248.01       0.373701E-004   1180.42        6.71954        3.22796      -0.115179E+008
  1682.54        10257.3        3245.96       0.375220E-004   1180.99        6.70860        3.22271      -0.114878E+008
  1702.12        10257.3        3243.72       0.376839E-004   1181.66        6.69815        3.21769      -0.114591E+008
  1721.69        10257.3        3241.38       0.376638E-004   1180.08        6.68877        3.21318      -0.114299E+008
  1741.27        10257.3        3239.38       0.378238E-004   1180.85        6.67879        3.20839      -0.114005E+008
  1760.85        10257.3        3237.35       0.379939E-004   1181.41        6.66810        3.20325      -0.113700E+008
  1780.42        10257.3        3235.12       0.381710E-004   1182.08        6.65797        3.19838      -0.113408E+008
  1800.00        10257.3        3450.02       0.238302E-004   1072.36        5.96937        2.86759      -0.105777E+008
  273.000        11539.3        3087.27       0.234978E-004   705.371        6.68409        3.21093      -0.131146E+008
  292.577        11539.3        3080.63       0.239358E-004   748.457        6.51847        3.13137      -0.130984E+008
  312.154        11539.3        3079.62       0.246005E-004   784.574        6.48404        3.11483      -0.130827E+008
  331.731        11539.3        3070.91       0.240540E-004   816.656        6.31800        3.03507      -0.130642E+008
  351.308        11539.3        3072.85       0.251157E-004   845.403        6.27987        3.01675      -0.130468E+008
  370.885        11539.3        3073.61       0.260229E-004   871.448        6.24775        3.00132      -0.130291E+008
  390.462        11539.3        3073.88       0.268218E-004   895.115        6.22133        2.98863      -0.130111E+008
  410.038        11539.3        3073.52       0.275133E-004   916.662        6.19948        2.97813      -0.129927E+008
  429.615        11539.3        3075.24       0.284925E-004   936.256        6.18208        2.96977      -0.129734E+008
  449.192        11539.3        3076.87       0.292885E-004   954.630        6.15885        2.95862      -0.129534E+008
  468.769        11539.3        3079.36       0.301517E-004   971.749        6.13410        2.94673      -0.129329E+008
  488.346        11539.3        3078.76       0.306375E-004   987.358        6.12561        2.94265      -0.129131E+008
  507.923        11539.3        3074.08       0.311246E-004   1001.76        6.06879        2.91535      -0.128909E+008
  527.500        11539.3        3072.31       0.315014E-004   1015.38        6.06267        2.91241      -0.128706E+008
  547.077        11539.3        3070.40       0.318611E-004   1028.71        6.05546        2.90895      -0.128506E+008
  566.654        11539.3        3068.64       0.322619E-004   1040.39        6.04918        2.90593      -0.128292E+008
  586.231        11539.3        3068.43       0.331165E-004   1051.68        6.02828        2.89589      -0.128075E+008
  605.808        11539.3        3065.82       0.337643E-004   1062.28        6.00635        2.88536      -0.127858E+008
  625.385        11539.3        3062.04       0.341876E-004   1072.51        5.98961        2.87731      -0.127640E+008
  644.962        11539.3        3058.09       0.346274E-004   1082.27        5.97178        2.86875      -0.127420E+008
  664.538        11539.3        3053.96       0.350867E-004   1091.62        5.95283        2.85965      -0.127197E+008
  684.115        11539.3        3016.61       0.354294E-004   1103.17        5.88773        2.82837      -0.126937E+008
  703.692        11539.3        3007.54       0.359410E-004   1112.75        5.85926        2.81470      -0.126706E+008
  723.269        11539.3        2998.76       0.364854E-004   1122.15        5.83068        2.80097      -0.126473E+008
  742.846        11539.3        2990.23       0.371066E-004   1131.91        5.80182        2.78711      -0.126238E+008
  762.423        11539.3        2981.95       0.375413E-004   1138.69        5.77308        2.77330      -0.126001E+008
  782.000        11539.3        2973.80       0.381664E-004   1147.13        5.74348        2.75908      -0.125763E+008
  801.577        11539.3        2965.76       0.388360E-004   1155.35        5.71326        2.74456      -0.125523E+008
  821.154        11539.3        2957.75       0.395560E-004   1163.33        5.68197        2.72953      -0.125282E+008
  840.731        11539.3        2919.54       0.392607E-004   1160.18        5.59468        2.68759      -0.124932E+008
  860.308        11539.3        2897.50       0.397800E-004   1165.12        5.53644        2.65962      -0.124659E+008
  879.885        11539.3        2876.45       0.403288E-004   1169.43        5.48588        2.63533      -0.124383E+008
  899.462        11539.3        2858.10       0.407520E-004   1172.86        5.45248        2.61929      -0.124114E+008
  919.038        11539.3        2838.44       0.411811E-004   1175.26        5.41779        2.60262      -0.123845E+008
  938.615        11539.3        2828.94       0.419761E-004   1179.84        5.39192        2.59019      -0.123600E+008
  958.192        11539.3        2817.45       0.427521E-004   1183.14        5.37001        2.57967      -0.123348E+008
  977.769        11539.3        2790.56       0.430142E-004   1180.89        5.35516        2.57254      -0.123060E+008
  997.346        11539.3        2782.63       0.445203E-004   1185.24        5.32542        2.55825      -0.122802E+008
  1016.92        11539.3        2778.99       0.465214E-004   1192.50        5.29017        2.54132      -0.122584E+008
  1036.50        11539.3        2775.29       0.491353E-004   1200.78        5.24836        2.52123      -0.122380E+008
  1056.08        11539.3        2771.32       0.527713E-004   1210.80        5.19644        2.49629      -0.122196E+008
  1075.65        11539.3        2766.78       0.583786E-004   1224.24        5.12735        2.46310      -0.122047E+008
  1095.23        11539.3        2761.23       0.689430E-004   1246.31        5.02246        2.41271      -0.121951E+008
1114.81 11539.3 2756.64 0.0001 1310.70 4.81151 2.31138 -0.121920E+008
  1134.38        11539.3        2753.68       0.222153E-004   1175.55                 NaN            NaN -0.121914E+008
  1153.96        11539.3        2753.00       0.220983E-004   1178.58        6.06736        2.91466      -0.121978E+008
  1173.54        11539.3        2748.27       0.219895E-004   1182.14                 NaN            NaN -0.122089E+008
  1193.12        11539.3        2763.38       0.208528E-004   1186.84                 NaN            NaN -0.122225E+008
  1212.69        11539.3        2761.54       0.209481E-004   1190.43                 NaN            NaN -0.122219E+008
  1232.27        11539.3        2760.65       0.210703E-004   1194.01                 NaN            NaN -0.122221E+008
  1251.85        11539.3        2762.88       0.212779E-004   1197.69        6.20899        2.98270      -0.122241E+008
  1271.42        11539.3        2770.09       0.216263E-004   1201.55        6.21943        2.98772      -0.122299E+008
  1291.00        11539.3        2772.04       0.218392E-004   1205.14                 NaN            NaN -0.122342E+008
  1310.58        11539.3        2779.41       0.221859E-004   1208.87        6.23775        2.99652      -0.122421E+008
  1330.15        11539.3        2787.85       0.225148E-004   1211.51        6.25520        3.00490      -0.122391E+008
  1349.73        11539.3        2796.07       0.227791E-004   1212.93                 NaN            NaN -0.122240E+008
  1369.31        11539.3        2835.80       0.241147E-004   1212.56        6.33010        3.04088      -0.121778E+008
  1388.88        11539.3        2886.92       0.252375E-004   1210.38        6.43288        3.09025      -0.121376E+008
  1408.46        11539.3        2907.52       0.255500E-004   1206.81                 NaN            NaN -0.121122E+008
  1428.04        11539.3        3038.69       0.288281E-004   1196.38        6.71032        3.22354      -0.120119E+008
  1447.62        11539.3        3267.71       0.365129E-004   1182.77                 NaN            NaN -0.118398E+008
  1467.19        11539.3        3279.33       0.374778E-004   1183.30        7.03164        3.37789      -0.118023E+008
  1486.77        11539.3        3277.01       0.376931E-004   1184.42        7.02687        3.37560      -0.117744E+008
  1506.35        11539.3        3275.42       0.378931E-004   1185.20        7.02258        3.37354      -0.117361E+008
  1525.92        11539.3        3272.75       0.381256E-004   1186.27        7.01673        3.37073      -0.117136E+008
  1545.50        11539.3        3270.42       0.383037E-004   1187.66        7.01014        3.36756      -0.116862E+008
  1565.08        11539.3        3268.08       0.385618E-004   1188.17        7.00666        3.36589      -0.116556E+008
  1584.65        11539.3        3265.77       0.387534E-004   1189.37        7.00134        3.36334      -0.116273E+008
  1604.23        11539.3        3263.47       0.389926E-004   1189.98        6.99609        3.36081      -0.115964E+008
  1623.81        11539.3        3261.45       0.392006E-004   1190.75        6.99030        3.35803      -0.115643E+008
  1643.38        11539.3        3257.03       0.386368E-004   1188.08        6.91164        3.32025      -0.115335E+008
  1662.96        11539.3        3251.51       0.370895E-004   1180.63        6.74389        3.23966      -0.114924E+008
  1682.54        11539.3        3249.32       0.372407E-004   1181.28        6.73331        3.23458      -0.114639E+008
  1702.12        11539.3        3247.15       0.373964E-004   1181.89        6.72288        3.22957      -0.114345E+008
  1721.69        11539.3        3244.90       0.373696E-004   1180.17        6.71341        3.22502      -0.114045E+008
  1741.27        11539.3        3242.87       0.375285E-004   1180.97        6.70372        3.22036      -0.113755E+008
  1760.85        11539.3        3240.80       0.376974E-004   1181.42        6.69273        3.21508      -0.113449E+008
  1780.42        11539.3        3238.48       0.378735E-004   1182.11        6.68268        3.21025      -0.113172E+008
  1800.00        11539.3        3236.13       0.380516E-004   1182.81        6.67278        3.20550      -0.112898E+008
  273.000        12821.4        3092.68       0.233714E-004   704.829        6.69885        3.21802      -0.130734E+008
  292.577        12821.4        3086.94       0.238576E-004   748.021        6.53315        3.13842      -0.130571E+008
  312.154        12821.4        3084.47       0.243301E-004   784.277        6.48295        3.11431      -0.130411E+008
  331.731        12821.4        3079.87       0.243450E-004   816.913        6.30374        3.02822      -0.130220E+008
  351.308        12821.4        3081.43       0.253162E-004   845.633        6.27175        3.01285      -0.130048E+008
  370.885        12821.4        3081.87       0.261278E-004   871.574        6.24597        3.00046      -0.129874E+008
  390.462        12821.4        3082.85       0.269964E-004   895.106        6.22482        2.99031      -0.129693E+008
  410.038        12821.4        3083.48       0.277939E-004   916.445        6.20842        2.98243      -0.129507E+008
  429.615        12821.4        3086.13       0.286519E-004   936.428        6.18469        2.97103      -0.129311E+008
  449.192        12821.4        3089.40       0.295594E-004   954.940        6.15975        2.95905      -0.129109E+008
  468.769        12821.4        3089.20       0.300571E-004   971.690        6.15236        2.95550      -0.128915E+008
  488.346        12821.4        3089.30       0.305620E-004   987.293        6.14510        2.95201      -0.128716E+008
  507.923        12821.4        3089.74       0.310822E-004   1001.88        6.13776        2.94849      -0.128513E+008
  527.500        12821.4        3087.32       0.315639E-004   1015.42        6.10367        2.93211      -0.128295E+008
  547.077        12821.4        3086.01       0.319569E-004   1028.21        6.09800        2.92938      -0.128090E+008
  566.654        12821.4        3083.83       0.323829E-004   1040.22        6.08674        2.92397      -0.127881E+008
  586.231        12821.4        3080.43       0.327587E-004   1051.54        6.07227        2.91702      -0.127670E+008
  605.808        12821.4        3076.91       0.331425E-004   1062.29        6.05698        2.90968      -0.127456E+008
  625.385        12821.4        3073.28       0.335359E-004   1072.51        6.04099        2.90200      -0.127239E+008
  644.962        12821.4        3064.12       0.340858E-004   1081.70        5.99507        2.87994      -0.127011E+008
  664.538        12821.4        3065.63       0.343630E-004   1091.61        6.00640        2.88538      -0.126797E+008
  684.115        12821.4        3061.59       0.348029E-004   1100.57        5.98766        2.87638      -0.126573E+008
  703.692        12821.4        3057.37       0.352667E-004   1109.20        5.96774        2.86681      -0.126346E+008
  723.269        12821.4        3055.25       0.357078E-004   1118.39        5.95758        2.86193      -0.126128E+008
  742.846        12821.4        3048.45       0.363222E-004   1126.15        5.92444        2.84601      -0.125886E+008
  762.423        12821.4        3020.79       0.365834E-004   1134.29        5.87395        2.82176      -0.125625E+008
  782.000        12821.4        3009.74       0.371408E-004   1142.82        5.84071        2.80579      -0.125386E+008
  801.577        12821.4        3007.14       0.377695E-004   1149.60        5.81830        2.79502      -0.125150E+008
  821.154        12821.4        2989.78       0.383836E-004   1159.43        5.77526        2.77434      -0.124902E+008
  840.731        12821.4        2980.44       0.390733E-004   1167.45        5.74227        2.75849      -0.124659E+008
  860.308        12821.4        2971.37       0.398165E-004   1175.27        5.70880        2.74242      -0.124414E+008
  879.885        12821.4        2936.90       0.396557E-004   1172.89        5.62832        2.70376      -0.124080E+008
  899.462        12821.4        2917.49       0.402871E-004   1178.34        5.57496        2.67813      -0.123807E+008
  919.038        12821.4        2898.59       0.409134E-004   1182.92        5.52719        2.65518      -0.123535E+008
  938.615        12821.4        2879.13       0.415622E-004   1186.53        5.47966        2.63234      -0.123260E+008
  958.192        12821.4        2863.55       0.421626E-004   1189.63        5.44835        2.61730      -0.122994E+008
  977.769        12821.4        2846.39       0.428547E-004   1192.05        5.40856        2.59819      -0.122727E+008
  997.346        12821.4        2830.04       0.435923E-004   1193.18        5.38158        2.58523      -0.122459E+008
  1016.92        12821.4        2805.28       0.442552E-004   1192.02        5.35686        2.57335      -0.122187E+008
  1036.50        12821.4        2791.35       0.456465E-004   1195.75        5.32655        2.55879      -0.121965E+008
  1056.08        12821.4        2786.92       0.478238E-004   1203.13        5.29159        2.54200      -0.121782E+008
  1075.65        12821.4        2787.39       0.505121E-004   1211.01        5.27239        2.53277      -0.121624E+008
  1095.23        12821.4        2787.74       0.544706E-004   1221.14        5.24172        2.51804      -0.121495E+008
  1114.81        12821.4        2787.24       0.611772E-004   1236.16        5.18665        2.49159      -0.121398E+008
  1134.38        12821.4        2785.26       0.763506E-004   1266.07        5.07335        2.43716      -0.121336E+008
1153.96 12821.4 2779.42 0.0001 1671.79 4.58783 2.20392 -0.121297E+008
  1173.54        12821.4        2781.79       0.214434E-004   1179.09        6.18609        2.97170      -0.121323E+008
  1193.12        12821.4        2793.75       0.210020E-004   1181.09                 NaN            NaN -0.121360E+008
  1212.69        12821.4        2792.20       0.204783E-004   1186.18                 NaN            NaN -0.121482E+008
  1232.27        12821.4        2769.08       0.206352E-004   1192.66        6.24692        3.00093      -0.121710E+008
  1251.85        12821.4        2762.84       0.207648E-004   1196.88        6.23321        2.99434      -0.121768E+008
  1271.42        12821.4        2772.30       0.211031E-004   1200.03        6.24330        2.99918      -0.121610E+008
  1291.00        12821.4        2765.66       0.211120E-004   1203.75        6.24264        2.99886      -0.121779E+008
  1310.58        12821.4        2784.34       0.216310E-004   1206.70        6.26475        3.00949      -0.121561E+008
  1330.15        12821.4        2781.10       0.217670E-004   1210.84        6.26891        3.01149      -0.121885E+008
  1349.73        12821.4        2791.16       0.220819E-004   1213.29                 NaN            NaN -0.121851E+008
  1369.31        12821.4        2801.45       0.223050E-004   1214.24        6.31731        3.03474      -0.121671E+008
  1388.88        12821.4        2864.16       0.232295E-004   1210.87        6.44547        3.09630      -0.121028E+008
  1408.46        12821.4        2856.44       0.232375E-004   1211.57        6.44312        3.09517      -0.121080E+008
  1428.04        12821.4        2939.47       0.245734E-004   1203.29        6.62051        3.18039      -0.120443E+008
  1447.62        12821.4        3127.50       0.286146E-004   1189.07        6.95897        3.34298      -0.118999E+008
  1467.19        12821.4        3197.90       0.326660E-004   1187.41                 NaN            NaN -0.118304E+008
  1486.77        12821.4        3279.80       0.373973E-004   1185.26        7.04409        3.38387      -0.117550E+008
  1506.35        12821.4        3278.06       0.375900E-004   1186.18        7.03825        3.38107      -0.117201E+008
  1525.92        12821.4        3275.37       0.378408E-004   1186.99        7.03400        3.37902      -0.116946E+008
  1545.50        12821.4        3273.15       0.380552E-004   1187.90        7.02881        3.37653      -0.116649E+008
  1565.08        12821.4        3270.93       0.382745E-004   1188.72        7.02372        3.37409      -0.116349E+008
  1584.65        12821.4        3268.63       0.384889E-004   1189.60        7.01843        3.37155      -0.116053E+008
  1604.23        12821.4        3266.33       0.387076E-004   1190.41        7.01323        3.36905      -0.115753E+008
  1623.81        12821.4        3264.18       0.389144E-004   1191.24        7.00757        3.36633      -0.115444E+008
  1643.38        12821.4        3262.04       0.391245E-004   1192.00        7.00198        3.36364      -0.115131E+008
  1662.96        12821.4        3257.49       0.383686E-004   1188.32        6.90783        3.31842      -0.114801E+008
  1682.54        12821.4        3252.67       0.369652E-004   1181.55        6.75772        3.24630      -0.114397E+008
  1702.12        12821.4        3250.58       0.371182E-004   1182.08        6.74717        3.24123      -0.114095E+008
1721.69 12821.4 3248.39 0.0001 1180.26 NaN NaN -0.113788E+008
  1741.27        12821.4        3246.31       0.372435E-004   1180.87        6.72747        3.23177      -0.113492E+008
  1760.85        12821.4        3244.23       0.374070E-004   1181.44        6.71710        3.22679      -0.113195E+008
  1780.42        12821.4        3241.88       0.375769E-004   1182.21        6.70753        3.22220      -0.112925E+008
  1800.00        12821.4        3239.85       0.377461E-004   1182.72        6.69714        3.21720      -0.112625E+008
  273.000        14103.4        3097.80       0.232091E-004   704.357        6.71260        3.22463      -0.130322E+008
  292.577        14103.4        3096.42       0.238850E-004   745.968        6.70958        3.22318      -0.130179E+008
  312.154        14103.4        3091.00       0.243189E-004   783.854        6.50775        3.12622      -0.130001E+008
  331.731        14103.4        3089.10       0.246252E-004   817.141        6.29297        3.02305      -0.129800E+008
  351.308        14103.4        3089.78       0.254635E-004   845.767        6.26797        3.01104      -0.129632E+008
  370.885        14103.4        3092.31       0.265070E-004   871.617        6.25033        3.00256      -0.129455E+008
  390.462        14103.4        3091.51       0.271210E-004   894.954        6.23303        2.99425      -0.129277E+008
  410.038        14103.4        3095.69       0.280769E-004   916.819        6.20875        2.98258      -0.129083E+008
  429.615        14103.4        3099.27       0.289926E-004   936.879        6.18471        2.97104      -0.128887E+008
  449.192        14103.4        3099.91       0.295284E-004   954.967        6.17910        2.96834      -0.128695E+008
  468.769        14103.4        3100.57       0.300527E-004   971.719        6.17336        2.96559      -0.128499E+008
  488.346        14103.4        3101.61       0.305917E-004   987.310        6.16756        2.96280      -0.128299E+008
  507.923        14103.4        3099.89       0.309562E-004   1001.72        6.16080        2.95955      -0.128100E+008
  527.500        14103.4        3097.71       0.312898E-004   1015.22        6.15364        2.95611      -0.127898E+008
  547.077        14103.4        3093.61       0.316182E-004   1027.87        6.12481        2.94226      -0.127683E+008
  566.654        14103.4        3091.33       0.319456E-004   1039.90        6.11703        2.93852      -0.127476E+008
  586.231        14103.4        3089.01       0.322732E-004   1051.32        6.10902        2.93468      -0.127266E+008
  605.808        14103.4        3086.64       0.326030E-004   1062.20        6.10072        2.93069      -0.127053E+008
  625.385        14103.4        3084.23       0.329369E-004   1072.59        6.09209        2.92655      -0.126838E+008
  644.962        14103.4        3080.86       0.333061E-004   1082.40        6.07756        2.91957      -0.126619E+008
  664.538        14103.4        3077.10       0.336961E-004   1091.74        6.06055        2.91139      -0.126398E+008
  684.115        14103.4        3073.23       0.341014E-004   1100.70        6.04271        2.90283      -0.126174E+008
  703.692        14103.4        3063.42       0.346857E-004   1108.54        5.99176        2.87835      -0.125938E+008
  723.269        14103.4        3061.32       0.350939E-004   1117.67        5.98219        2.87375      -0.125720E+008
  742.846        14103.4        3054.59       0.356516E-004   1125.22        5.95003        2.85830      -0.125477E+008
  762.423        14103.4        3056.48       0.358092E-004   1131.95        5.96250        2.86429      -0.125257E+008
  782.000        14103.4        3051.93       0.363111E-004   1139.18        5.93978        2.85338      -0.125023E+008
  801.577        14103.4        3047.21       0.368553E-004   1146.29        5.91567        2.84180      -0.124787E+008
  821.154        14103.4        3042.31       0.374402E-004   1153.20        5.89015        2.82954      -0.124549E+008
  840.731        14103.4        3037.24       0.380705E-004   1159.94        5.86322        2.81660      -0.124309E+008
  860.308        14103.4        3022.98       0.386958E-004   1167.91        5.82558        2.79852      -0.124058E+008
  879.885        14103.4        3006.17       0.393661E-004   1176.41        5.78399        2.77854      -0.123805E+008
  899.462        14103.4        2982.85       0.395980E-004   1178.68        5.72718        2.75125      -0.123514E+008
  919.038        14103.4        2959.06       0.401184E-004   1184.60        5.67038        2.72396      -0.123235E+008
  938.615        14103.4        2938.13       0.407517E-004   1190.01        5.61529        2.69750      -0.122958E+008
  958.192        14103.4        2918.70       0.414456E-004   1194.75        5.56347        2.67261      -0.122683E+008
  977.769        14103.4        2900.20       0.421874E-004   1198.73        5.51552        2.64957      -0.122409E+008
  997.346        14103.4        2881.28       0.430232E-004   1201.93        5.46540        2.62550      -0.122132E+008
  1016.92        14103.4        2865.81       0.438369E-004   1204.32        5.42874        2.60788      -0.121866E+008
  1036.50        14103.4        2843.22       0.445614E-004   1203.55        5.39392        2.59116      -0.121605E+008
  1056.08        14103.4        2824.72       0.444401E-004   1197.76        5.43837        2.61251      -0.121374E+008
  1075.65        14103.4        2821.35       0.460301E-004   1203.25        5.42279        2.60503      -0.121189E+008
  1095.23        14103.4        2819.13       0.481932E-004   1209.98        5.40284        2.59544      -0.121027E+008
  1114.81        14103.4        2817.05       0.512953E-004   1218.55        5.37297        2.58109      -0.120892E+008
  1134.38        14103.4        2818.92       0.557500E-004   1229.51        5.35458        2.57226      -0.120798E+008
  1153.96        14103.4        2823.89       0.638275E-004   1246.79        5.32674        2.55888      -0.120733E+008
  1173.54        14103.4        2831.34       0.881539E-004   1292.41        5.22562        2.51030      -0.120678E+008
  1193.12        14103.4        2842.50       0.314221E-004   1177.29        6.50817        3.12642      -0.120610E+008
  1212.69        14103.4        2835.71       0.200714E-004   1180.84                 NaN            NaN -0.120606E+008
  1232.27        14103.4        2828.27       0.201218E-004   1184.48        6.43825        3.09283      -0.120631E+008
  1251.85        14103.4        2816.54       0.202122E-004   1188.89                 NaN            NaN -0.120710E+008
  1271.42        14103.4        2795.94       0.203836E-004   1195.01        6.35370        3.05222      -0.120905E+008
  1291.00        14103.4        2768.01       0.206255E-004   1202.78        6.27006        3.01204      -0.121257E+008
  1310.58        14103.4        2769.83       0.208107E-004   1206.13                 NaN            NaN -0.121260E+008
  1330.15        14103.4        2775.21       0.210556E-004   1209.38        6.28511        3.01927      -0.121274E+008
  1349.73        14103.4        2785.28       0.213908E-004   1212.64                 NaN            NaN -0.121319E+008
  1369.31        14103.4        2797.05       0.216791E-004   1214.80                 NaN            NaN -0.121273E+008
  1388.88        14103.4        2810.30       0.218543E-004   1215.16        6.36514        3.05771      -0.121066E+008
  1408.46        14103.4        2878.06       0.226223E-004   1211.10                 NaN            NaN -0.120485E+008
  1428.04        14103.4        2888.50       0.226258E-004   1208.94        6.55728        3.15002      -0.120343E+008
  1447.62        14103.4        3032.18       0.242764E-004   1195.40        6.87933        3.30472      -0.119320E+008
  1467.19        14103.4        3095.56       0.267653E-004   1192.54        6.95713        3.34210      -0.118661E+008
  1486.77        14103.4        3152.09       0.300552E-004   1191.17        6.98475        3.35536      -0.118027E+008
  1506.35        14103.4        3236.80       0.349326E-004   1188.75        7.03001        3.37711      -0.117272E+008
  1525.92        14103.4        3278.38       0.375328E-004   1187.84        7.05138        3.38737      -0.116735E+008
  1545.50        14103.4        3276.21       0.377548E-004   1188.58        7.04618        3.38488      -0.116424E+008
  1565.08        14103.4        3273.88       0.379682E-004   1189.50        7.04128        3.38252      -0.116138E+008
  1584.65        14103.4        3271.51       0.381748E-004   1190.48        7.03612        3.38004      -0.115850E+008
  1604.23        14103.4        3269.32       0.384078E-004   1191.00        7.03072        3.37745      -0.115532E+008
  1623.81        14103.4        3267.16       0.385964E-004   1192.03        7.02544        3.37491      -0.115233E+008
  1643.38        14103.4        3264.95       0.388321E-004   1192.46        7.01954        3.37208      -0.114911E+008
  1662.96        14103.4        3262.68       0.390494E-004   1193.13        7.01373        3.36929      -0.114601E+008
  1682.54        14103.4        3258.06       0.380117E-004   1188.12        6.89767        3.31353      -0.114244E+008
  1702.12        14103.4        3253.95       0.368387E-004   1182.34        6.77146        3.25290      -0.113847E+008
  1721.69        14103.4        3251.97       0.369867E-004   1182.81        6.76098        3.24787      -0.113538E+008
  1741.27        14103.4        3249.66       0.369542E-004   1181.15        6.75234        3.24372      -0.113251E+008
  1760.85        14103.4        3247.59       0.371182E-004   1181.57        6.74162        3.23857      -0.112946E+008
  1780.42        14103.4        3245.51       0.372771E-004   1182.28        6.73201        3.23395      -0.112656E+008
  1800.00        14103.4        3243.23       0.374538E-004   1182.74        6.72157        3.22894      -0.112370E+008
  273.000        15385.5        3103.02       0.230399E-004   703.911        6.72720        3.23164      -0.129910E+008
  292.577        15385.5        3101.72       0.237358E-004   745.545        6.72435        3.23027      -0.129768E+008
  312.154        15385.5        3096.81       0.241970E-004   783.555        6.51524        3.12982      -0.129589E+008
  331.731        15385.5        3100.78       0.251401E-004   817.375        6.29242        3.02278      -0.129382E+008
  351.308        15385.5        3100.56       0.258248E-004   845.794        6.27719        3.01546      -0.129215E+008
  370.885        15385.5        3099.99       0.264869E-004   871.522        6.25741        3.00596      -0.129042E+008
  390.462        15385.5        3105.83       0.275719E-004   895.581        6.23059        2.99308      -0.128851E+008
  410.038        15385.5        3110.65       0.285202E-004   917.445        6.21162        2.98397      -0.128659E+008
  429.615        15385.5        3111.40       0.290580E-004   937.028        6.20721        2.98185      -0.128472E+008
  449.192        15385.5        3112.36       0.295923E-004   955.086        6.20273        2.97969      -0.128280E+008
  468.769        15385.5        3110.32       0.299415E-004   971.616        6.19638        2.97665      -0.128088E+008
  488.346        15385.5        3108.49       0.302802E-004   987.517        6.19056        2.97385      -0.127896E+008
  507.923        15385.5        3106.22       0.306061E-004   1001.38        6.18389        2.97064      -0.127694E+008
  527.500        15385.5        3104.35       0.309302E-004   1015.46        6.17770        2.96767      -0.127497E+008
  547.077        15385.5        3101.89       0.312457E-004   1027.58        6.16996        2.96395      -0.127288E+008
  566.654        15385.5        3097.83       0.315580E-004   1039.51        6.14156        2.95031      -0.127070E+008
  586.231        15385.5        3095.55       0.318716E-004   1050.91        6.13381        2.94659      -0.126860E+008
  605.808        15385.5        3093.61       0.321897E-004   1062.43        6.12672        2.94318      -0.126654E+008
  625.385        15385.5        3090.89       0.325037E-004   1072.11        6.11766        2.93883      -0.126433E+008
  644.962        15385.5        3088.92       0.328297E-004   1082.71        6.11010        2.93520      -0.126222E+008
  664.538        15385.5        3086.07       0.331539E-004   1091.55        6.10035        2.93052      -0.125996E+008
  684.115        15385.5        3083.61       0.334912E-004   1100.75        6.09124        2.92614      -0.125775E+008
  703.692        15385.5        3080.91       0.338464E-004   1109.60        6.08056        2.92101      -0.125551E+008
  723.269        15385.5        3078.86       0.342180E-004   1118.93        6.07181        2.91680      -0.125333E+008
  742.846        15385.5        3072.90       0.347145E-004   1126.36        6.04251        2.90273      -0.125093E+008
  762.423        15385.5        3062.53       0.351902E-004   1131.29        5.98736        2.87623      -0.124849E+008
  782.000        15385.5        3064.48       0.354438E-004   1139.32        6.00156        2.88306      -0.124628E+008
  801.577        15385.5        3053.37       0.361429E-004   1145.44        5.94234        2.85461      -0.124379E+008
  821.154        15385.5        3055.54       0.364429E-004   1153.28        5.95609        2.86121      -0.124156E+008
  840.731        15385.5        3050.93       0.369855E-004   1160.01        5.93226        2.84976      -0.123914E+008
  860.308        15385.5        3046.00       0.375894E-004   1166.51        5.90563        2.83697      -0.123676E+008
  879.885        15385.5        3041.03       0.382347E-004   1172.83        5.87826        2.82382      -0.123436E+008
  899.462        15385.5        3035.94       0.389340E-004   1178.90        5.84961        2.81006      -0.123195E+008
  919.038        15385.5        3030.69       0.396901E-004   1184.75        5.82003        2.79585      -0.122952E+008
  938.615        15385.5        3025.57       0.405164E-004   1190.42        5.78912        2.78100      -0.122710E+008
  958.192        15385.5        2994.92       0.408807E-004   1195.67        5.72860        2.75193      -0.122416E+008
  977.769        15385.5        2965.40       0.413459E-004   1200.79        5.66540        2.72157      -0.122122E+008
  997.346        15385.5        2942.40       0.420306E-004   1205.49        5.60720        2.69361      -0.121838E+008
  1016.92        15385.5        2922.41       0.428264E-004   1209.68        5.55438        2.66824      -0.121559E+008
  1036.50        15385.5        2903.62       0.437310E-004   1213.11        5.50358        2.64383      -0.121283E+008
  1056.08        15385.5        2884.47       0.443510E-004   1212.76        5.47793        2.63151      -0.121047E+008
  1075.65        15385.5        2871.45       0.438333E-004   1205.39        5.55030        2.66628      -0.120836E+008
  1095.23        15385.5        2864.31       0.444260E-004   1205.40        5.57499        2.67814      -0.120621E+008
  1114.81        15385.5        2862.96       0.457890E-004   1209.82        5.58311        2.68204      -0.120456E+008
  1134.38        15385.5        2864.74       0.476300E-004   1215.31        5.59814        2.68926      -0.120317E+008
  1153.96        15385.5        2870.29       0.503126E-004   1222.47        5.61983        2.69968      -0.120199E+008
  1173.54        15385.5        2877.53       0.550287E-004   1233.41        5.62835        2.70377      -0.120094E+008
  1193.12        15385.5        2872.39       0.681469E-004   1260.93        5.49574        2.64007      -0.120020E+008
1212.69 15385.5 2857.42 0.0001 1396.37 5.14763 2.47284 -0.119938E+008
  1232.27        15385.5        2853.88       0.197786E-004   1184.05                 NaN            NaN -0.119940E+008
  1251.85        15385.5        2839.98       0.199504E-004   1186.85                 NaN            NaN -0.119924E+008
  1271.42        15385.5        2838.06       0.199093E-004   1190.96        6.48260        3.11414      -0.120012E+008
  1291.00        15385.5        2825.00       0.200745E-004   1194.00        6.45528        3.10102      -0.120033E+008
  1310.58        15385.5        2818.21       0.201553E-004   1197.64                 NaN            NaN -0.120124E+008
  1330.15        15385.5        2794.93       0.204242E-004   1204.91                 NaN            NaN -0.120443E+008
  1349.73        15385.5        2781.52       0.207402E-004   1211.33        6.32137        3.03669      -0.120704E+008
  1369.31        15385.5        2791.79       0.210292E-004   1214.21                 NaN            NaN -0.120724E+008
  1388.88        15385.5        2805.83       0.212855E-004   1216.02                 NaN            NaN -0.120669E+008
  1408.46        15385.5        2823.67       0.213978E-004   1215.60                 NaN            NaN -0.120432E+008
  1428.04        15385.5        2898.56       0.219316E-004   1210.05        6.60423        3.17257      -0.119873E+008
  1447.62        15385.5        2947.34       0.218887E-004   1203.14                 NaN            NaN -0.119505E+008
  1467.19        15385.5        3039.84       0.233714E-004   1196.15        6.94756        3.33750      -0.118729E+008
  1486.77        15385.5        3072.95       0.253942E-004   1195.62                 NaN            NaN -0.118243E+008
  1506.35        15385.5        3149.61       0.297422E-004   1193.30        6.99823        3.36184      -0.117469E+008
  1525.92        15385.5        3189.29       0.322317E-004   1192.48                 NaN            NaN -0.117010E+008
  1545.50        15385.5        3278.81       0.374528E-004   1189.61        7.06414        3.39350      -0.116242E+008
  1565.08        15385.5        3276.84       0.376688E-004   1190.24        7.05870        3.39089      -0.115921E+008
  1584.65        15385.5        3274.75       0.378577E-004   1191.19        7.05250        3.38791      -0.115599E+008
  1604.23        15385.5        3272.32       0.381141E-004   1191.57        7.04808        3.38579      -0.115306E+008
  1623.81        15385.5        3270.10       0.383275E-004   1192.28        7.04251        3.38311      -0.114999E+008
  1643.38        15385.5        3267.87       0.385450E-004   1192.91        7.03700        3.38047      -0.114689E+008
  1662.96        15385.5        3265.54       0.387567E-004   1193.64        7.03128        3.37772      -0.114388E+008
  1682.54        15385.5        3263.20       0.389721E-004   1194.32        7.02562        3.37500      -0.114085E+008
  1702.12        15385.5        3258.57       0.375590E-004   1187.41        6.88050        3.30529      -0.113678E+008
  1721.69        15385.5        3255.43       0.367072E-004   1183.07        6.78516        3.25949      -0.113283E+008
  1741.27        15385.5        3253.39       0.366605E-004   1181.36        6.77708        3.25560      -0.112952E+008
  1760.85        15385.5        3250.92       0.368352E-004   1181.71        6.76587        3.25022      -0.112695E+008
  1780.42        15385.5        3248.76       0.370003E-004   1182.26        6.75585        3.24541      -0.112405E+008
  1800.00        15385.5        3246.59       0.371672E-004   1182.77        6.74576        3.24056      -0.112113E+008
  273.000        16667.5        3108.83       0.229580E-004   703.342        6.74441        3.23991      -0.129500E+008
  292.577        16667.5        3107.27       0.236159E-004   745.112        6.74047        3.23802      -0.129358E+008
  312.154        16667.5        3106.07       0.242342E-004   781.557        6.73844        3.23704      -0.129207E+008
  331.731        16667.5        3108.27       0.251607E-004   817.244        6.29690        3.02493      -0.128970E+008
  351.308        16667.5        3110.42       0.259579E-004   845.889        6.28260        3.01806      -0.128799E+008
  370.885        16667.5        3122.39       0.273498E-004   872.709        6.26353        3.00890      -0.128607E+008
  390.462        16667.5        3124.54       0.281572E-004   896.414        6.24368        2.99937      -0.128425E+008
  410.038        16667.5        3122.39       0.285587E-004   917.553        6.23608        2.99571      -0.128246E+008
  429.615        16667.5        3120.42       0.289334E-004   936.919        6.23015        2.99287      -0.128062E+008
  449.192        16667.5        3118.48       0.292884E-004   954.762        6.22451        2.99016      -0.127874E+008
  468.769        16667.5        3115.88       0.296353E-004   971.265        6.21416        2.98518      -0.127682E+008
  488.346        16667.5        3114.06       0.299643E-004   987.161        6.20852        2.98248      -0.127490E+008
  507.923        16667.5        3111.81       0.302801E-004   1001.01        6.20205        2.97937      -0.127288E+008
  527.500        16667.5        3109.95       0.305933E-004   1015.08        6.19607        2.97650      -0.127091E+008
  547.077        16667.5        3107.52       0.308975E-004   1027.20        6.18856        2.97289      -0.126882E+008
  566.654        16667.5        3104.26       0.311908E-004   1039.14        6.16571        2.96191      -0.126666E+008
  586.231        16667.5        3101.23       0.314979E-004   1050.50        6.15329        2.95595      -0.126454E+008
  605.808        16667.5        3099.31       0.318022E-004   1062.00        6.14649        2.95268      -0.126248E+008
  625.385        16667.5        3096.61       0.321015E-004   1071.67        6.13774        2.94847      -0.126027E+008
  644.962        16667.5        3094.66       0.324115E-004   1082.24        6.13049        2.94499      -0.125816E+008
  664.538        16667.5        3091.83       0.327186E-004   1091.06        6.12110        2.94048      -0.125590E+008
  684.115        16667.5        3090.30       0.330323E-004   1100.18        6.11727        2.93864      -0.125371E+008
  703.692        16667.5        3087.85       0.333605E-004   1109.02        6.10819        2.93428      -0.125147E+008
  723.269        16667.5        3085.35       0.337036E-004   1117.65        6.09879        2.92976      -0.124922E+008
  742.846        16667.5        3082.85       0.340796E-004   1126.29        6.08919        2.92515      -0.124695E+008
  762.423        16667.5        3080.29       0.342900E-004   1132.54        6.07948        2.92049      -0.124465E+008
  782.000        16667.5        3076.67       0.346579E-004   1139.59        6.06256        2.91236      -0.124234E+008
  801.577        16667.5        3072.49       0.350910E-004   1146.65        6.04186        2.90242      -0.123999E+008
  821.154        16667.5        3068.46       0.355332E-004   1153.50        6.02195        2.89285      -0.123760E+008
  840.731        16667.5        3063.81       0.360396E-004   1160.20        5.99757        2.88114      -0.123525E+008
  860.308        16667.5        3059.29       0.365610E-004   1166.72        5.97390        2.86977      -0.123285E+008
  879.885        16667.5        3054.59       0.371271E-004   1172.98        5.94849        2.85756      -0.123045E+008
  899.462        16667.5        3049.60       0.377354E-004   1178.97        5.92226        2.84496      -0.122804E+008
  919.038        16667.5        3044.31       0.383972E-004   1184.71        5.89440        2.83158      -0.122560E+008
  938.615        16667.5        3040.53       0.390682E-004   1190.61        5.87021        2.81996      -0.122323E+008
  958.192        16667.5        3035.24       0.398591E-004   1195.70        5.83802        2.80449      -0.122078E+008
  977.769        16667.5        3030.28       0.406949E-004   1200.86        5.80801        2.79008      -0.121834E+008
  997.346        16667.5        3025.28       0.416125E-004   1205.89        5.77695        2.77516      -0.121590E+008
  1016.92        16667.5        3013.14       0.424582E-004   1210.81        5.73714        2.75603      -0.121330E+008
  1036.50        16667.5        2975.53       0.428087E-004   1215.40        5.66586        2.72179      -0.121014E+008
  1056.08        16667.5        2949.83       0.435529E-004   1219.63        5.60419        2.69217      -0.120720E+008
  1075.65        16667.5        2933.55       0.433515E-004   1218.06        5.63394        2.70646      -0.120564E+008
  1095.23        16667.5        2924.44       0.426913E-004   1212.12        5.71311        2.74449      -0.120348E+008
  1114.81        16667.5        2920.19       0.424279E-004   1208.13        5.78350        2.77830      -0.120081E+008
  1134.38        16667.5        2921.04       0.432623E-004   1211.39        5.81187        2.79193      -0.119904E+008
  1153.96        16667.5        2919.02       0.446946E-004   1215.49        5.81964        2.79567      -0.119735E+008
  1173.54        16667.5        2921.68       0.486679E-004   1229.33        5.76536        2.76959      -0.119818E+008
  1193.12        16667.5        2915.24       0.537545E-004   1242.06        5.69160        2.73416      -0.119733E+008
  1212.69        16667.5        2889.75       0.607124E-004   1252.96        5.58597        2.68341      -0.119391E+008
  1232.27        16667.5        2884.58       0.833174E-004   1298.71        5.40105        2.59458      -0.119392E+008
  1251.85        16667.5        2865.13       0.728621E-004   1186.50                 NaN            NaN -0.119250E+008
  1271.42        16667.5        2861.52       0.196301E-004   1190.58                 NaN            NaN -0.119314E+008
  1291.00        16667.5        2847.53       0.197863E-004   1192.93        6.51322        3.12885      -0.119281E+008
  1310.58        16667.5        2837.85       0.198817E-004   1196.11        6.49674        3.12093      -0.119320E+008
  1330.15        16667.5        2831.21       0.199594E-004   1199.56                 NaN            NaN -0.119396E+008
  1349.73        16667.5        2825.84       0.200524E-004   1203.01                 NaN            NaN -0.119495E+008
  1369.31        16667.5        2822.67       0.201685E-004   1206.42        6.47884        3.11233      -0.119618E+008
  1388.88        16667.5        2800.81       0.206525E-004   1215.47        6.38677        3.06811      -0.120093E+008
  1408.46        16667.5        2818.37       0.208777E-004   1216.93                 NaN            NaN -0.120045E+008
  1428.04        16667.5        2843.50       0.208960E-004   1215.40                 NaN            NaN -0.119774E+008
  1447.62        16667.5        2919.50       0.211062E-004   1209.26        6.70373        3.22037      -0.119305E+008
  1467.19        16667.5        3006.93       0.212045E-004   1199.17                 NaN            NaN -0.118656E+008
  1486.77        16667.5        3045.90       0.234433E-004   1199.10        6.96916        3.34788      -0.118148E+008
  1506.35        16667.5        3070.54       0.249759E-004   1199.35        6.97819        3.35221      -0.117773E+008
  1525.92        16667.5        3120.63       0.279327E-004   1197.94                 NaN            NaN -0.117187E+008
  1545.50        16667.5        3156.28       0.302846E-004   1195.68                 NaN            NaN -0.116642E+008
  1565.08        16667.5        3245.84       0.355003E-004   1192.57        7.05763        3.39037      -0.115877E+008
  1584.65        16667.5        3277.59       0.375845E-004   1191.75        7.07116        3.39687      -0.115391E+008
  1604.23        16667.5        3275.57       0.377878E-004   1192.41        7.06462        3.39373      -0.115055E+008
  1623.81        16667.5        3273.10       0.380111E-004   1193.15        7.06053        3.39177      -0.114781E+008
  1643.38        16667.5        3270.86       0.382407E-004   1193.60        7.05486        3.38904      -0.114465E+008
  1662.96        16667.5        3268.52       0.384476E-004   1194.36        7.04918        3.38632      -0.114168E+008
  1682.54        16667.5        3266.30       0.386717E-004   1194.80        7.04336        3.38352      -0.113848E+008
  1702.12        16667.5        3264.00       0.388890E-004   1195.36        7.03730        3.38061      -0.113540E+008
  1721.69        16667.5        3259.21       0.370083E-004   1186.17        6.85702        3.29401      -0.113089E+008
  1741.27        16667.5        3256.36       0.363936E-004   1181.48        6.80046        3.26683      -0.112740E+008
  1760.85        16667.5        3254.47       0.365354E-004   1182.27        6.79158        3.26257      -0.112422E+008
  1780.42        16667.5        3252.20       0.367086E-004   1182.56        6.78063        3.25731      -0.112146E+008
  1800.00        16667.5        3250.12       0.368748E-004   1182.88        6.77005        3.25223      -0.111844E+008
  273.000        17949.5        3115.55       0.229475E-004   703.108        6.77337        3.25382      -0.129090E+008
  292.577        17949.5        3113.99       0.235941E-004   744.808        6.76914        3.25179      -0.128948E+008
  312.154        17949.5        3115.62       0.244131E-004   781.858        6.70821        3.22252      -0.128784E+008
  331.731        17949.5        3123.78       0.255448E-004   817.563        6.31097        3.03169      -0.128548E+008
  351.308        17949.5        3134.38       0.270190E-004   847.245        6.27619        3.01498      -0.128365E+008
  370.885        17949.5        3132.70       0.274717E-004   873.154        6.27164        3.01280      -0.128196E+008
  390.462        17949.5        3130.42       0.278933E-004   896.094        6.26344        3.00886      -0.128020E+008
  410.038        17949.5        3128.33       0.282847E-004   917.232        6.25644        3.00550      -0.127841E+008
  429.615        17949.5        3126.58       0.286482E-004   936.596        6.25206        3.00339      -0.127657E+008
  449.192        17949.5        3123.97       0.290044E-004   954.423        6.24179        2.99846      -0.127469E+008
  468.769        17949.5        3122.67       0.293269E-004   970.974        6.24085        2.99801      -0.127278E+008
  488.346        17949.5        3120.87       0.296470E-004   986.899        6.23538        2.99538      -0.127086E+008
  507.923        17949.5        3118.67       0.299554E-004   1000.72        6.22897        2.99230      -0.126884E+008
  527.500        17949.5        3116.83       0.302588E-004   1014.81        6.22318        2.98952      -0.126687E+008
  547.077        17949.5        3114.53       0.305534E-004   1026.88        6.21641        2.98627      -0.126479E+008
  566.654        17949.5        3112.40       0.308460E-004   1038.87        6.20976        2.98307      -0.126272E+008
  586.231        17949.5        3108.45       0.311316E-004   1050.15        6.18252        2.96999      -0.126052E+008
  605.808        17949.5        3106.55       0.314235E-004   1061.63        6.17596        2.96684      -0.125845E+008
  625.385        17949.5        3103.95       0.317110E-004   1071.25        6.16757        2.96280      -0.125625E+008
  644.962        17949.5        3102.02       0.320068E-004   1081.79        6.16061        2.95946      -0.125414E+008
  664.538        17949.5        3099.29       0.323001E-004   1090.55        6.15142        2.95505      -0.125189E+008
  684.115        17949.5        3097.32       0.326060E-004   1100.33        6.14401        2.95149      -0.124974E+008
  703.692        17949.5        3094.48       0.329126E-004   1108.44        6.13407        2.94671      -0.124744E+008
  723.269        17949.5        3092.47       0.332395E-004   1117.65        6.12616        2.94291      -0.124527E+008
  742.846        17949.5        3089.54       0.335845E-004   1125.52        6.11560        2.93784      -0.124292E+008
  762.423        17949.5        3087.49       0.338287E-004   1132.95        6.10731        2.93386      -0.124071E+008
  782.000        17949.5        3084.49       0.340895E-004   1139.10        6.09638        2.92861      -0.123833E+008
  801.577        17949.5        3082.43       0.344386E-004   1146.98        6.08727        2.92423      -0.123609E+008
  821.154        17949.5        3079.36       0.347904E-004   1153.65        6.07567        2.91866      -0.123368E+008
  840.731        17949.5        3076.43       0.351765E-004   1160.61        6.06277        2.91246      -0.123131E+008
  860.308        17949.5        3072.04       0.356476E-004   1167.08        6.03998        2.90151      -0.122894E+008
  879.885        17949.5        3067.84       0.361362E-004   1173.47        6.01795        2.89093      -0.122656E+008
  899.462        17949.5        3063.08       0.366794E-004   1179.32        5.99217        2.87855      -0.122415E+008
  919.038        17949.5        3058.52       0.372485E-004   1185.08        5.96716        2.86653      -0.122174E+008
  938.615        17949.5        3053.93       0.378589E-004   1190.57        5.94133        2.85412      -0.121932E+008
  958.192        17949.5        3049.33       0.385126E-004   1195.97        5.91565        2.84179      -0.121690E+008
  977.769        17949.5        3044.64       0.392281E-004   1200.85        5.88734        2.82819      -0.121446E+008
  997.346        17949.5        3039.96       0.399799E-004   1205.96        5.86159        2.81581      -0.121203E+008
  1016.92        17949.5        3035.24       0.408487E-004   1210.35        5.82985        2.80057      -0.120957E+008
  1036.50        17949.5        3030.79       0.417394E-004   1215.20        5.80357        2.78794      -0.120713E+008
  1056.08        17949.5        3025.65       0.428135E-004   1219.55        5.76815        2.77093      -0.120467E+008
  1075.65        17949.5        3020.71       0.439648E-004   1224.25        5.73557        2.75528      -0.120220E+008
  1095.23        17949.5        2994.61       0.427477E-004   1222.11        5.79928        2.78588      -0.120138E+008
  1114.81        17949.5        2983.62       0.415216E-004   1216.71        5.89640        2.83254      -0.119881E+008
  1134.38        17949.5        2972.80       0.410528E-004   1211.43        5.95395        2.86019      -0.119530E+008
  1153.96        17949.5        2972.06       0.430161E-004   1218.70        5.92073        2.84423      -0.119439E+008
  1173.54        17949.5        2945.35       0.443207E-004   1221.71        5.86386        2.81691      -0.119149E+008
  1193.12        17949.5        2943.31       0.475780E-004   1232.18        5.81203        2.79201      -0.119155E+008
  1212.69        17949.5        2919.56       0.504645E-004   1236.77        5.74268        2.75870      -0.118847E+008
  1232.27        17949.5        2907.49       0.564039E-004   1250.21        5.65546        2.71679      -0.118748E+008
  1251.85        17949.5        2894.66       0.681690E-004   1274.66        5.52538        2.65431      -0.118651E+008
1271.42 17949.5 2881.98 0.0001 1370.46 5.23873 2.51661 -0.118598E+008
  1291.00        17949.5        2868.99       0.195201E-004   1192.21                 NaN            NaN -0.118557E+008
  1310.58        17949.5        2875.50       0.192806E-004   1196.63        6.60275        3.17186      -0.118600E+008
  1330.15        17949.5        2852.59       0.196531E-004   1198.35        6.54419        3.14373      -0.118619E+008
  1349.73        17949.5        2865.64       0.195337E-004   1201.13        6.58502        3.16334      -0.118555E+008
  1369.31        17949.5        2840.75       0.198012E-004   1204.63        6.53050        3.13715      -0.118754E+008
  1388.88        17949.5        2863.30       0.195711E-004   1204.41        6.59755        3.16936      -0.118467E+008
  1408.46        17949.5        2840.35       0.199837E-004   1210.40        6.54168        3.14252      -0.118957E+008
  1428.04        17949.5        2835.05       0.203865E-004   1217.18        6.49843        3.12174      -0.119370E+008
  1447.62        17949.5        2874.24       0.202809E-004   1214.23        6.61432        3.17742      -0.119093E+008
  1467.19        17949.5        2976.57       0.197957E-004   1203.18        6.93030        3.32921      -0.118546E+008
  1486.77        17949.5        3000.33       0.206662E-004   1202.01        6.96679        3.34674      -0.118130E+008
  1506.35        17949.5        3019.93       0.219461E-004   1201.83                 NaN            NaN -0.117725E+008
  1525.92        17949.5        3044.56       0.235359E-004   1201.17                 NaN            NaN -0.117283E+008
  1545.50        17949.5        3112.87       0.274037E-004   1199.33                 NaN            NaN -0.116592E+008
  1565.08        17949.5        3132.94       0.288525E-004   1198.49                 NaN            NaN -0.116205E+008
  1584.65        17949.5        3210.23       0.333992E-004   1195.73                 NaN            NaN -0.115513E+008
  1604.23        17949.5        3278.32       0.374964E-004   1193.27        7.08372        3.40291      -0.114863E+008
  1623.81        17949.5        3276.08       0.377168E-004   1193.81        7.07812        3.40022      -0.114552E+008
  1643.38        17949.5        3273.85       0.379428E-004   1194.26        7.07258        3.39756      -0.114237E+008
  1662.96        17949.5        3271.63       0.381578E-004   1194.80        7.06675        3.39476      -0.113924E+008
  1682.54        17949.5        3269.40       0.383771E-004   1195.27        7.06098        3.39199      -0.113608E+008
  1702.12        17949.5        3267.15       0.385905E-004   1195.80        7.05510        3.38916      -0.113292E+008
  1721.69        17949.5        3264.75       0.387948E-004   1196.36        7.04837        3.38593      -0.112995E+008
  1741.27        17949.5        3260.13       0.363518E-004   1184.41        6.82740        3.27977      -0.112472E+008
  1760.85        17949.5        3257.94       0.362621E-004   1182.16        6.81429        3.27348      -0.112162E+008
  1780.42        17949.5        3255.79       0.364243E-004   1182.60        6.80423        3.26864      -0.111868E+008
  1800.00        17949.5        3253.62       0.365883E-004   1183.00        6.79408        3.26377      -0.111573E+008
  273.000        19231.6        3120.32       0.227902E-004   702.746        6.78665        3.26020      -0.128682E+008
  292.577        19231.6        3119.25       0.234640E-004   744.536        6.77575        3.25497      -0.128538E+008
  312.154        19231.6        3132.84       0.249675E-004   783.837        6.52017        3.13219      -0.128330E+008
  331.731        19231.6        3145.65       0.262588E-004   818.270        6.32794        3.03985      -0.128125E+008
  351.308        19231.6        3139.76       0.267837E-004   846.891        6.29252        3.02283      -0.127960E+008
  370.885        19231.6        3138.10       0.272294E-004   872.809        6.28809        3.02070      -0.127792E+008
  390.462        19231.6        3135.83       0.276436E-004   895.756        6.28003        3.01683      -0.127616E+008
  410.038        19231.6        3135.57       0.280169E-004   916.921        6.28640        3.01989      -0.127436E+008
  429.615        19231.6        3133.53       0.283765E-004   936.301        6.27990        3.01677      -0.127253E+008
  449.192        19231.6        3131.44       0.287168E-004   954.156        6.27313        3.01351      -0.127065E+008
  468.769        19231.6        3129.30       0.290413E-004   970.689        6.26609        3.01013      -0.126874E+008
  488.346        19231.6        3127.21       0.293483E-004   986.046        6.25968        3.00705      -0.126679E+008
  507.923        19231.6        3124.85       0.296519E-004   1000.41        6.25122        3.00299      -0.126481E+008
  527.500        19231.6        3122.83       0.299445E-004   1013.87        6.24535        3.00017      -0.126279E+008
  547.077        19231.6        3120.78       0.302315E-004   1026.55        6.23927        2.99725      -0.126075E+008
  566.654        19231.6        3118.68       0.305144E-004   1038.52        6.23292        2.99420      -0.125868E+008
  586.231        19231.6        3116.55       0.307947E-004   1049.86        6.22628        2.99101      -0.125659E+008
  605.808        19231.6        3112.62       0.310676E-004   1060.56        6.19935        2.97807      -0.125436E+008
  625.385        19231.6        3109.56       0.313521E-004   1070.84        6.18665        2.97197      -0.125220E+008
  644.962        19231.6        3107.65       0.316351E-004   1081.37        6.17996        2.96876      -0.125010E+008
  664.538        19231.6        3104.94       0.319149E-004   1090.11        6.17105        2.96448      -0.124784E+008
  684.115        19231.6        3102.99       0.322061E-004   1099.86        6.16395        2.96107      -0.124570E+008
  703.692        19231.6        3100.16       0.324968E-004   1107.95        6.15434        2.95645      -0.124340E+008
  723.269        19231.6        3098.18       0.328057E-004   1117.12        6.14677        2.95282      -0.124122E+008
  742.846        19231.6        3095.27       0.331283E-004   1124.91        6.13660        2.94793      -0.123888E+008
  762.423        19231.6        3093.25       0.337035E-004   1136.61        6.12826        2.94392      -0.123667E+008
  782.000        19231.6        3090.27       0.335999E-004   1138.52        6.11824        2.93911      -0.123429E+008
  801.577        19231.6        3088.22       0.339245E-004   1146.36        6.10961        2.93496      -0.123205E+008
  821.154        19231.6        3085.18       0.342502E-004   1152.98        6.09855        2.92965      -0.122964E+008
  840.731        19231.6        3083.54       0.345982E-004   1159.84        6.09247        2.92673      -0.122732E+008
  860.308        19231.6        3080.97       0.349610E-004   1166.70        6.08181        2.92161      -0.122496E+008
  879.885        19231.6        3078.47       0.353413E-004   1173.39        6.07139        2.91660      -0.122261E+008
  899.462        19231.6        3075.85       0.357452E-004   1179.82        6.05989        2.91108      -0.122025E+008
  919.038        19231.6        3071.51       0.362456E-004   1185.55        6.03665        2.89992      -0.121784E+008
  938.615        19231.6        3067.14       0.367793E-004   1191.02        6.01274        2.88842      -0.121542E+008
  958.192        19231.6        3062.74       0.373500E-004   1196.21        5.98818        2.87663      -0.121300E+008
  977.769        19231.6        3058.15       0.379649E-004   1201.13        5.96305        2.86456      -0.121056E+008
  997.346        19231.6        3053.59       0.386290E-004   1205.83        5.93704        2.85206      -0.120812E+008
  1016.92        19231.6        3049.22       0.393432E-004   1210.32        5.91049        2.83931      -0.120568E+008
  1036.50        19231.6        3044.38       0.401283E-004   1214.70        5.88290        2.82606      -0.120322E+008
  1056.08        19231.6        3040.18       0.409788E-004   1218.92        5.85473        2.81252      -0.120078E+008
  1075.65        19231.6        3035.89       0.419258E-004   1223.16        5.82508        2.79828      -0.119833E+008
  1095.23        19231.6        3031.29       0.429796E-004   1227.50        5.79434        2.78351      -0.119587E+008
  1114.81        19231.6        3023.43       0.421226E-004   1225.76        5.88279        2.82600      -0.119664E+008
  1134.38        19231.6        3018.46       0.412924E-004   1220.82        5.97013        2.86796      -0.119422E+008
  1153.96        19231.6        3013.15       0.414410E-004   1215.81        6.00713        2.88573      -0.119053E+008
  1173.54        19231.6        2996.61       0.427485E-004   1220.79        5.96145        2.86379      -0.118777E+008
  1193.12        19231.6        2977.71       0.442801E-004   1226.56        5.91092        2.83951      -0.118581E+008
  1212.69        19231.6        2961.65       0.464189E-004   1233.02        5.85652        2.81338      -0.118410E+008
  1232.27        19231.6        2946.93       0.494484E-004   1240.91        5.79381        2.78326      -0.118261E+008
  1251.85        19231.6        2932.85       0.540431E-004   1251.73        5.71632        2.74603      -0.118137E+008
  1271.42        19231.6        2919.03       0.620398E-004   1269.17        5.61093        2.69540      -0.118040E+008
  1291.00        19231.6        2910.43       0.820571E-004   1310.46        5.43745        2.61207      -0.117993E+008
1310.58 19231.6 2900.44 0.0001 1197.39 6.14764 2.95323 -0.117974E+008
  1330.15        19231.6        2892.08       0.190337E-004   1198.31        6.65461        3.19677      -0.117827E+008
  1349.73        19231.6        2887.39       0.190310E-004   1200.82        6.65349        3.19623      -0.117818E+008
  1369.31        19231.6        2895.22       0.192370E-004   1202.53        6.66533        3.20192      -0.117712E+008
  1388.88        19231.6        2897.15       0.191428E-004   1203.75        6.68419        3.21098      -0.117621E+008
  1408.46        19231.6        2897.75       0.192496E-004   1204.88        6.69048        3.21401      -0.117594E+008
  1428.04        19231.6        2861.70       0.195275E-004   1210.48        6.61578        3.17812      -0.118089E+008
  1447.62        19231.6        2878.61       0.194679E-004   1211.22        6.67040        3.20435      -0.118127E+008
  1467.19        19231.6        2930.59       0.191928E-004   1208.76                 NaN            NaN -0.118169E+008
  1486.77        19231.6        2984.23       0.193586E-004   1205.09                 NaN            NaN -0.117953E+008
  1506.35        19231.6        2995.76       0.202331E-004   1204.69                 NaN            NaN -0.117574E+008
  1525.92        19231.6        3015.02       0.214822E-004   1204.58        6.98888        3.35735      -0.117179E+008
  1545.50        19231.6        3043.19       0.231980E-004   1204.32        6.99872        3.36208      -0.116751E+008
  1565.08        19231.6        3073.00       0.251223E-004   1202.78        7.00838        3.36672      -0.116259E+008
  1584.65        19231.6        3115.43       0.277325E-004   1201.07                 NaN            NaN -0.115725E+008
  1604.23        19231.6        3185.31       0.318681E-004   1198.47                 NaN            NaN -0.115081E+008
  1623.81        19231.6        3279.26       0.373993E-004   1194.74        7.09619        3.40890      -0.114316E+008
  1643.38        19231.6        3277.07       0.376272E-004   1195.08        7.09043        3.40613      -0.113994E+008
  1662.96        19231.6        3274.74       0.378496E-004   1195.55        7.08480        3.40343      -0.113687E+008
  1682.54        19231.6        3272.53       0.380635E-004   1196.03        7.07909        3.40069      -0.113368E+008
  1702.12        19231.6        3270.09       0.382907E-004   1196.45        7.07317        3.39784      -0.113065E+008
  1721.69        19231.6        3267.79       0.385081E-004   1196.89        7.06709        3.39492      -0.112753E+008
  1741.27        19231.6        3265.10       0.382657E-004   1195.27        7.02489        3.37465      -0.112412E+008
  1760.85        19231.6        3261.29       0.359832E-004   1182.52        6.83862        3.28517      -0.111896E+008
  1780.42        19231.6        3259.22       0.361427E-004   1182.83        6.82826        3.28019      -0.111594E+008
  1800.00        19231.6        3257.22       0.362967E-004   1183.26        6.81834        3.27542      -0.111295E+008
  273.000        20513.6        3124.90       0.226278E-004   702.352        6.79826        3.26578      -0.128274E+008
  292.577        20513.6        3127.50       0.234831E-004   744.786        6.73530        3.23553      -0.128118E+008
  312.154        20513.6        3155.73       0.254635E-004   785.765        6.37122        3.06063      -0.127881E+008
  331.731        20513.6        3154.14       0.259997E-004   818.049        6.36718        3.05869      -0.127724E+008
  351.308        20513.6        3150.70       0.265088E-004   846.494        6.35002        3.05045      -0.127558E+008
  370.885        20513.6        3149.05       0.269496E-004   872.454        6.34570        3.04837      -0.127390E+008
  390.462        20513.6        3146.68       0.273597E-004   895.410        6.33683        3.04412      -0.127214E+008
  410.038        20513.6        3144.99       0.277362E-004   916.949        6.33222        3.04190      -0.127036E+008
  429.615        20513.6        3142.02       0.280976E-004   935.968        6.31929        3.03569      -0.126851E+008
  449.192        20513.6        3140.28       0.284308E-004   954.309        6.31441        3.03334      -0.126666E+008
  468.769        20513.6        3136.79       0.287586E-004   970.392        6.29807        3.02550      -0.126471E+008
  488.346        20513.6        3135.02       0.290630E-004   986.345        6.29291        3.02301      -0.126280E+008
  507.923        20513.6        3132.27       0.293537E-004   1000.11        6.28251        3.01802      -0.126079E+008
  527.500        20513.6        3130.46       0.296398E-004   1014.21        6.27705        3.01540      -0.125882E+008
  547.077        20513.6        3127.55       0.299212E-004   1026.24        6.26586        3.01002      -0.125673E+008
  566.654        20513.6        3125.14       0.301970E-004   1038.19        6.25731        3.00591      -0.125466E+008
  586.231        20513.6        3122.83       0.304690E-004   1049.51        6.24948        3.00215      -0.125256E+008
  605.808        20513.6        3118.99       0.307314E-004   1060.20        6.22331        2.98958      -0.125034E+008
  625.385        20513.6        3116.78       0.309997E-004   1070.44        6.21618        2.98616      -0.124820E+008
  644.962        20513.6        3114.88       0.312713E-004   1080.94        6.20972        2.98306      -0.124609E+008
  664.538        20513.6        3112.28       0.315402E-004   1089.63        6.20122        2.97897      -0.124384E+008
  684.115        20513.6        3110.35       0.318181E-004   1099.34        6.19439        2.97569      -0.124170E+008
  703.692        20513.6        3107.58       0.320960E-004   1107.37        6.18485        2.97110      -0.123941E+008
  723.269        20513.6        3105.62       0.323890E-004   1116.48        6.17760        2.96762      -0.123723E+008
  742.846        20513.6        3102.73       0.326930E-004   1124.16        6.16726        2.96266      -0.123489E+008
  762.423        20513.6        3100.73       0.331150E-004   1134.12        6.15941        2.95888      -0.123268E+008
  782.000        20513.6        3097.70       0.331415E-004   1137.79        6.14857        2.95368      -0.123030E+008
  801.577        20513.6        3095.68       0.334447E-004   1145.55        6.14036        2.94974      -0.122807E+008
  821.154        20513.6        3092.73       0.337505E-004   1152.10        6.12941        2.94447      -0.122566E+008
  840.731        20513.6        3090.19       0.340739E-004   1159.04        6.11928        2.93961      -0.122331E+008
  860.308        20513.6        3087.62       0.344105E-004   1165.84        6.10878        2.93456      -0.122095E+008
  879.885        20513.6        3085.17       0.347612E-004   1172.46        6.09883        2.92979      -0.121860E+008
  899.462        20513.6        3082.68       0.351288E-004   1178.87        6.08841        2.92478      -0.121624E+008
  919.038        20513.6        3080.14       0.355148E-004   1185.03        6.07769        2.91963      -0.121387E+008
  938.615        20513.6        3077.63       0.359233E-004   1190.95        6.06642        2.91421      -0.121149E+008
  958.192        20513.6        3075.04       0.363559E-004   1196.61        6.05457        2.90852      -0.120910E+008
  977.769        20513.6        3071.48       0.368596E-004   1201.72        6.03581        2.89951      -0.120668E+008
  997.346        20513.6        3067.13       0.374333E-004   1206.32        6.01187        2.88801      -0.120424E+008
  1016.92        20513.6        3063.00       0.380460E-004   1210.68        5.98745        2.87628      -0.120181E+008
  1036.50        20513.6        3058.87       0.386967E-004   1215.08        5.96429        2.86515      -0.119937E+008
  1056.08        20513.6        3054.49       0.394311E-004   1218.81        5.93656        2.85183      -0.119691E+008
  1075.65        20513.6        3050.01       0.402207E-004   1222.71        5.90998        2.83906      -0.119444E+008
  1095.23        20513.6        3045.89       0.410863E-004   1226.61        5.88225        2.82574      -0.119199E+008
  1114.81        20513.6        3041.01       0.418510E-004   1230.21        5.86633        2.81810      -0.119036E+008
  1134.38        20513.6        3036.93       0.411527E-004   1228.86        5.95168        2.85909      -0.119186E+008
  1153.96        20513.6        3033.33       0.411070E-004   1224.64        5.99404        2.87944      -0.118965E+008
  1173.54        20513.6        3031.91       0.412275E-004   1219.13        6.03946        2.90126      -0.118627E+008
  1193.12        20513.6        3020.09       0.425759E-004   1224.28        5.99960        2.88211      -0.118373E+008
  1212.69        20513.6        3007.84       0.442250E-004   1229.98        5.95527        2.86082      -0.118125E+008
  1232.27        20513.6        2995.50       0.463265E-004   1236.60        5.90533        2.83683      -0.117905E+008
  1251.85        20513.6        2983.85       0.491606E-004   1244.50        5.84765        2.80912      -0.117696E+008
  1271.42        20513.6        2965.99       0.528710E-004   1254.32        5.77408        2.77378      -0.117553E+008
  1291.00        20513.6        2949.50       0.588384E-004   1268.34        5.68173        2.72941      -0.117437E+008
  1310.58        20513.6        2940.84       0.713787E-004   1295.14        5.54700        2.66469      -0.117347E+008
1330.15 20513.6 2918.42 0.0001 1372.05 5.29577 2.54401 -0.117273E+008
  1349.73        20513.6        2911.98       0.187756E-004   1200.45        6.71458        3.22558      -0.117107E+008
  1369.31        20513.6        2893.77       0.189576E-004   1203.34                 NaN            NaN -0.117207E+008
  1388.88        20513.6        2909.14       0.188351E-004   1204.14        6.72168        3.22899      -0.116977E+008
  1408.46        20513.6        2882.36       0.190151E-004   1207.40        6.66839        3.20339      -0.117198E+008
  1428.04        20513.6        2921.10       0.187180E-004   1207.20        6.77477        3.25450      -0.116909E+008
  1447.62        20513.6        2892.18       0.188513E-004   1209.51                 NaN            NaN -0.117120E+008
  1467.19        20513.6        2918.27       0.186088E-004   1208.90        6.81059        3.27170      -0.117105E+008
  1486.77        20513.6        2976.68       0.184687E-004   1209.08                 NaN            NaN -0.117600E+008
  1506.35        20513.6        2981.20       0.189823E-004   1207.99        6.99777        3.36162      -0.117388E+008
  1525.92        20513.6        2992.89       0.198765E-004   1207.34        6.99978        3.36259      -0.117004E+008
  1545.50        20513.6        3009.42       0.210065E-004   1206.86        7.00388        3.36455      -0.116608E+008
  1565.08        20513.6        3030.24       0.223898E-004   1206.04                 NaN            NaN -0.116189E+008
  1584.65        20513.6        3065.14       0.245124E-004   1205.24                 NaN            NaN -0.115728E+008
  1604.23        20513.6        3104.64       0.269721E-004   1203.39                 NaN            NaN -0.115209E+008
  1623.81        20513.6        3168.07       0.307557E-004   1200.88                 NaN            NaN -0.114597E+008
  1643.38        20513.6        3265.17       0.364800E-004   1196.84        7.10151        3.41146      -0.113837E+008
  1662.96        20513.6        3277.82       0.375340E-004   1196.47        7.10300        3.41217      -0.113450E+008
  1682.54        20513.6        3275.66       0.377570E-004   1196.76        7.09704        3.40931      -0.113124E+008
  1702.12        20513.6        3273.25       0.379731E-004   1197.27        7.09140        3.40660      -0.112822E+008
  1721.69        20513.6        3270.99       0.382001E-004   1197.51        7.08515        3.40359      -0.112499E+008
  1741.27        20513.6        3268.63       0.384157E-004   1197.94        7.07901        3.40064      -0.112196E+008
  1760.85        20513.6        3265.45       0.374248E-004   1191.08        6.99701        3.36126      -0.111804E+008
  1780.42        20513.6        3262.51       0.358623E-004   1183.29        6.85270        3.29193      -0.111338E+008
  1800.00        20513.6        3260.79       0.360112E-004   1183.52        6.84232        3.28694      -0.111016E+008
  273.000        21795.7        3131.14       0.225350E-004   702.188        6.79267        3.26310      -0.127862E+008
  292.577        21795.7        3169.85       0.245975E-004   748.836        6.44246        3.09486      -0.127634E+008
  312.154        21795.7        3160.93       0.252607E-004   785.393        6.38682        3.06813      -0.127478E+008
  331.731        21795.7        3159.35       0.257907E-004   817.693        6.38288        3.06624      -0.127321E+008
  351.308        21795.7        3155.94       0.262928E-004   846.150        6.36585        3.05806      -0.127155E+008
  370.885        21795.7        3154.30       0.267274E-004   872.121        6.36163        3.05603      -0.126987E+008
  390.462        21795.7        3151.95       0.271310E-004   895.084        6.35288        3.05182      -0.126811E+008
  410.038        21795.7        3150.27       0.275013E-004   916.629        6.34838        3.04966      -0.126634E+008
  429.615        21795.7        3147.32       0.278557E-004   935.651        6.33559        3.04352      -0.126448E+008
  449.192        21795.7        3145.59       0.281824E-004   953.993        6.33083        3.04123      -0.126263E+008
  468.769        21795.7        3142.14       0.285024E-004   970.076        6.31464        3.03346      -0.126069E+008
  488.346        21795.7        3140.38       0.287999E-004   986.028        6.30961        3.03104      -0.125877E+008
  507.923        21795.7        3137.65       0.290828E-004   999.791        6.29936        3.02612      -0.125676E+008
  527.500        21795.7        3135.85       0.293613E-004   1013.88        6.29407        3.02357      -0.125479E+008
  547.077        21795.7        3132.97       0.296343E-004   1025.91        6.28304        3.01827      -0.125270E+008
  566.654        21795.7        3132.33       0.298910E-004   1037.89        6.28695        3.02015      -0.125066E+008
  586.231        21795.7        3129.85       0.301552E-004   1049.20        6.27786        3.01579      -0.124856E+008
  605.808        21795.7        3127.34       0.304171E-004   1059.93        6.26868        3.01137      -0.124644E+008
  625.385        21795.7        3123.15       0.306695E-004   1070.06        6.24019        2.99769      -0.124418E+008
  644.962        21795.7        3120.94       0.309287E-004   1079.83        6.23310        2.99428      -0.124202E+008
  664.538        21795.7        3117.82       0.311950E-004   1089.23        6.21993        2.98796      -0.123981E+008
  684.115        21795.7        3115.90       0.314611E-004   1098.92        6.21335        2.98480      -0.123767E+008
  703.692        21795.7        3113.15       0.317264E-004   1106.93        6.20407        2.98034      -0.123538E+008
  723.269        21795.7        3111.21       0.320052E-004   1116.00        6.19710        2.97699      -0.123320E+008
  742.846        21795.7        3108.34       0.322924E-004   1123.63        6.18708        2.97218      -0.123086E+008
  762.423        21795.7        3106.36       0.326565E-004   1133.04        6.17960        2.96858      -0.122865E+008
  782.000        21795.7        3103.35       0.327157E-004   1137.29        6.16906        2.96352      -0.122627E+008
  801.577        21795.7        3101.35       0.329994E-004   1145.00        6.16124        2.95976      -0.122404E+008
  821.154        21795.7        3098.42       0.332857E-004   1151.52        6.15070        2.95470      -0.122163E+008
  840.731        21795.7        3096.78       0.335874E-004   1158.26        6.14573        2.95231      -0.121931E+008
  860.308        21795.7        3094.24       0.339011E-004   1165.02        6.13548        2.94739      -0.121696E+008
  879.885        21795.7        3091.74       0.342269E-004   1171.60        6.12549        2.94259      -0.121460E+008
  899.462        21795.7        3089.28       0.345661E-004   1177.94        6.11566        2.93787      -0.121224E+008
  919.038        21795.7        3086.79       0.349206E-004   1184.03        6.10569        2.93308      -0.120987E+008
  938.615        21795.7        3084.30       0.352954E-004   1189.91        6.09463        2.92776      -0.120749E+008
  958.192        21795.7        3081.79       0.356900E-004   1195.51        6.08333        2.92234      -0.120510E+008
  977.769        21795.7        3079.23       0.361068E-004   1200.82        6.07169        2.91674      -0.120271E+008
  997.346        21795.7        3076.63       0.365498E-004   1205.85        6.05945        2.91087      -0.120030E+008
  1016.92        21795.7        3073.99       0.370228E-004   1210.59        6.04668        2.90473      -0.119789E+008
  1036.50        21795.7        3071.30       0.375299E-004   1215.06        6.03312        2.89822      -0.119547E+008
  1056.08        21795.7        3067.99       0.381071E-004   1219.08        6.01481        2.88942      -0.119303E+008
  1075.65        21795.7        3063.90       0.387737E-004   1222.72        5.99052        2.87775      -0.119058E+008
  1095.23        21795.7        3059.81       0.394994E-004   1226.30        5.96548        2.86572      -0.118812E+008
  1114.81        21795.7        3055.68       0.402942E-004   1229.89        5.93951        2.85325      -0.118566E+008
  1134.38        21795.7        3050.48       0.406806E-004   1232.76        5.94699        2.85684      -0.118590E+008
  1153.96        21795.7        3047.04       0.406954E-004   1231.56        5.98406        2.87465      -0.118663E+008
  1173.54        21795.7        3047.79       0.408923E-004   1227.69        6.02084        2.89232      -0.118489E+008
  1193.12        21795.7        3052.16       0.411474E-004   1222.60        6.07118        2.91650      -0.118207E+008
  1212.69        21795.7        3042.18       0.424723E-004   1227.85        6.03377        2.89853      -0.117987E+008
  1232.27        21795.7        3029.92       0.440003E-004   1233.63        5.99120        2.87808      -0.117782E+008
  1251.85        21795.7        3018.74       0.459804E-004   1240.15        5.94374        2.85528      -0.117563E+008
  1271.42        21795.7        3001.33       0.482302E-004   1247.26        5.88649        2.82778      -0.117365E+008
  1291.00        21795.7        2987.55       0.515398E-004   1256.24        5.82114        2.79638      -0.117163E+008
  1310.58        21795.7        2974.64       0.564983E-004   1268.40        5.74063        2.75771      -0.116982E+008
  1330.15        21795.7        2962.28       0.648949E-004   1287.26        5.63288        2.70595      -0.116821E+008
  1349.73        21795.7        2949.84       0.836699E-004   1326.46        5.46349        2.62458      -0.116680E+008
1369.31 21795.7 2934.82 0.0001 1862.84 4.94275 2.37442 -0.116541E+008
  1388.88        21795.7        2925.05       0.183965E-004   1205.44                 NaN            NaN -0.116459E+008
  1408.46        21795.7        2917.79       0.184130E-004   1207.05                 NaN            NaN -0.116414E+008
  1428.04        21795.7        2915.34       0.184077E-004   1208.66                 NaN            NaN -0.116412E+008
  1447.62        21795.7        2917.85       0.183766E-004   1210.17                 NaN            NaN -0.116461E+008
  1467.19        21795.7        2929.85       0.183023E-004   1211.51                 NaN            NaN -0.116589E+008
  1486.77        21795.7        2928.80       0.183696E-004   1213.20                 NaN            NaN -0.116352E+008
  1506.35        21795.7        2983.64       0.180552E-004   1212.15                 NaN            NaN -0.117074E+008
  1525.92        21795.7        2973.12       0.183545E-004   1210.78                 NaN            NaN -0.116836E+008
  1545.50        21795.7        2985.12       0.192616E-004   1210.05        7.01428        3.36955      -0.116451E+008
  1565.08        21795.7        3004.31       0.205439E-004   1209.23        7.01930        3.37196      -0.116035E+008
  1584.65        21795.7        3026.41       0.219954E-004   1208.38                 NaN            NaN -0.115619E+008
  1604.23        21795.7        3055.63       0.238428E-004   1207.21        7.03395        3.37900      -0.115164E+008
  1623.81        21795.7        3096.87       0.263732E-004   1205.55        7.04754        3.38553      -0.114663E+008
  1643.38        21795.7        3161.54       0.302098E-004   1203.07                 NaN            NaN -0.114061E+008
  1662.96        21795.7        3246.86       0.353048E-004   1199.10                 NaN            NaN -0.113357E+008
  1682.54        21795.7        3278.65       0.374382E-004   1197.81        7.11554        3.41820      -0.112892E+008
  1702.12        21795.7        3276.41       0.376628E-004   1198.06        7.10946        3.41528      -0.112575E+008
  1721.69        21795.7        3274.14       0.378790E-004   1198.40        7.10354        3.41243      -0.112256E+008
  1741.27        21795.7        3271.94       0.381039E-004   1198.57        7.09711        3.40934      -0.111930E+008
1760.85 21795.7 3269.28 0.0001 1196.24 NaN NaN -0.111627E+008
  1780.42        21795.7        3266.23       0.367332E-004   1189.23        6.96456        3.34567      -0.111186E+008
  1800.00        21795.7        3263.90       0.357382E-004   1183.99        6.86673        3.29867      -0.110764E+008
  273.000        23077.7        3184.58       0.236705E-004   706.486        6.51611        3.13024      -0.127384E+008
  292.577        23077.7        3174.93       0.244107E-004   748.448        6.45767        3.10217      -0.127233E+008
  312.154        23077.7        3176.36       0.249799E-004   784.868        6.47429        3.11015      -0.127085E+008
  331.731        23077.7        3174.79       0.255080E-004   817.197        6.47045        3.10830      -0.126928E+008
  351.308        23077.7        3169.26       0.260125E-004   845.727        6.43965        3.09351      -0.126761E+008
  370.885        23077.7        3167.63       0.264434E-004   871.699        6.43552        3.09153      -0.126592E+008
  390.462        23077.7        3163.05       0.268616E-004   894.733        6.41108        3.07978      -0.126415E+008
  410.038        23077.7        3161.38       0.272271E-004   916.278        6.40669        3.07767      -0.126237E+008
  429.615        23077.7        3157.50       0.275846E-004   935.340        6.38727        3.06835      -0.126051E+008
  449.192        23077.7        3155.78       0.279057E-004   953.680        6.38262        3.06611      -0.125866E+008
  468.769        23077.7        3152.18       0.282181E-004   969.769        6.36537        3.05783      -0.125672E+008
  488.346        23077.7        3150.43       0.285094E-004   985.701        6.36047        3.05547      -0.125480E+008
  507.923        23077.7        3147.11       0.287963E-004   999.523        6.34562        3.04834      -0.125279E+008
  527.500        23077.7        3145.33       0.290679E-004   1013.60        6.34046        3.04586      -0.125082E+008
  547.077        23077.7        3142.10       0.293383E-004   1025.65        6.32661        3.03920      -0.124873E+008
  566.654        23077.7        3140.29       0.295979E-004   1038.26        6.32118        3.03660      -0.124671E+008
  586.231        23077.7        3137.03       0.298557E-004   1048.90        6.30755        3.03005      -0.124457E+008
  605.808        23077.7        3134.48       0.301094E-004   1059.62        6.29800        3.02546      -0.124244E+008
  625.385        23077.7        3130.24       0.303526E-004   1069.74        6.26926        3.01166      -0.124019E+008
  644.962        23077.7        3127.65       0.306037E-004   1079.46        6.25951        3.00697      -0.123802E+008
  664.538        23077.7        3125.07       0.308558E-004   1088.77        6.24987        3.00234      -0.123583E+008
  684.115        23077.7        3123.18       0.311112E-004   1098.41        6.24350        2.99928      -0.123368E+008
  703.692        23077.7        3120.51       0.313663E-004   1106.37        6.23459        2.99500      -0.123140E+008
  723.269        23077.7        3118.58       0.316324E-004   1115.38        6.22788        2.99178      -0.122922E+008
  742.846        23077.7        3115.73       0.319062E-004   1122.94        6.21774        2.98691      -0.122689E+008
  762.423        23077.7        3113.78       0.322342E-004   1132.01        6.21057        2.98346      -0.122468E+008
  782.000        23077.7        3110.79       0.323111E-004   1136.59        6.19998        2.97838      -0.122231E+008
  801.577        23077.7        3108.82       0.325772E-004   1144.20        6.19249        2.97478      -0.122007E+008
  821.154        23077.7        3105.82       0.328486E-004   1150.68        6.18125        2.96938      -0.121767E+008
  840.731        23077.7        3103.81       0.331381E-004   1157.92        6.17327        2.96554      -0.121541E+008
  860.308        23077.7        3100.76       0.334272E-004   1164.22        6.16157        2.95992      -0.121297E+008
  879.885        23077.7        3098.25       0.337317E-004   1170.78        6.15161        2.95514      -0.121060E+008
  899.462        23077.7        3095.82       0.340476E-004   1177.08        6.14199        2.95052      -0.120825E+008
  919.038        23077.7        3093.36       0.343771E-004   1183.14        6.13204        2.94574      -0.120588E+008
  938.615        23077.7        3090.89       0.347218E-004   1188.95        6.12173        2.94079      -0.120350E+008
  958.192        23077.7        3088.39       0.350817E-004   1194.45        6.11152        2.93588      -0.120111E+008
  977.769        23077.7        3085.89       0.354639E-004   1199.72        6.10004        2.93036      -0.119872E+008
  997.346        23077.7        3083.30       0.358656E-004   1204.69        6.08851        2.92483      -0.119632E+008
  1016.92        23077.7        3080.77       0.362928E-004   1209.34        6.07644        2.91903      -0.119391E+008
  1036.50        23077.7        3078.09       0.367469E-004   1213.81        6.06393        2.91302      -0.119149E+008
  1056.08        23077.7        3075.51       0.372340E-004   1217.83        6.05065        2.90664      -0.118907E+008
  1075.65        23077.7        3072.76       0.377579E-004   1221.89        6.03649        2.89983      -0.118664E+008
  1095.23        23077.7        3070.06       0.383225E-004   1225.46        6.02198        2.89287      -0.118420E+008
  1114.81        23077.7        3067.21       0.389368E-004   1229.11        6.00629        2.88533      -0.118175E+008
  1134.38        23077.7        3064.36       0.396104E-004   1232.73        5.98967        2.87734      -0.117931E+008
  1153.96        23077.7        3056.79       0.400384E-004   1234.78        5.98647        2.87581      -0.118076E+008
  1173.54        23077.7        3055.09       0.403268E-004   1233.67        6.00756        2.88594      -0.118130E+008
  1193.12        23077.7        3060.82       0.406025E-004   1229.89        6.05047        2.90655      -0.117995E+008
  1212.69        23077.7        3069.57       0.410459E-004   1226.01        6.09933        2.93002      -0.117777E+008
  1232.27        23077.7        3062.86       0.424063E-004   1231.44        6.06512        2.91359      -0.117589E+008
  1251.85        23077.7        3053.91       0.439558E-004   1237.51        6.02613        2.89486      -0.117438E+008
  1271.42        23077.7        3037.50       0.455885E-004   1243.43        5.97720        2.87135      -0.117209E+008
  1291.00        23077.7        3029.31       0.479861E-004   1251.36        5.92846        2.84794      -0.117117E+008
  1310.58        23077.7        3014.36       0.509036E-004   1259.59        5.86513        2.81752      -0.116881E+008
  1330.15        23077.7        2996.13       0.547176E-004   1270.14        5.79092        2.78187      -0.116739E+008
  1349.73        23077.7        2981.39       0.609989E-004   1285.13        5.69666        2.73659      -0.116550E+008
  1369.31        23077.7        2968.61       0.727770E-004   1311.09        5.56516        2.67341      -0.116389E+008
1388.88 23077.7 2956.57 0.0001 1382.59 5.33027 2.56058 -0.116254E+008
  1408.46        23077.7        2944.12       0.456048E-004   1209.81        7.15748        3.43834      -0.116136E+008
  1428.04        23077.7        2943.07       0.182568E-004   1211.46                 NaN            NaN -0.115899E+008
  1447.62        23077.7        2940.77       0.181500E-004   1213.04        6.86097        3.29590      -0.116101E+008
  1467.19        23077.7        2939.72       0.182136E-004   1214.65                 NaN            NaN -0.115864E+008
  1486.77        23077.7        2969.85       0.179200E-004   1215.76                 NaN            NaN -0.116373E+008
  1506.35        23077.7        2999.52       0.177175E-004   1216.24        7.09172        3.40675      -0.116634E+008
  1525.92        23077.7        2983.03       0.177414E-004   1214.99                 NaN            NaN -0.116484E+008
  1545.50        23077.7        2967.56       0.178605E-004   1213.46                 NaN            NaN -0.116265E+008
  1565.08        23077.7        2976.93       0.186298E-004   1212.64                 NaN            NaN -0.115887E+008
  1584.65        23077.7        2992.41       0.197191E-004   1211.82                 NaN            NaN -0.115492E+008
  1604.23        23077.7        3016.38       0.212668E-004   1210.79                 NaN            NaN -0.115064E+008
  1623.81        23077.7        3052.51       0.234849E-004   1209.31                 NaN            NaN -0.114584E+008
  1643.38        23077.7        3092.27       0.259394E-004   1207.57        7.06161        3.39229      -0.114092E+008
  1662.96        23077.7        3151.75       0.295083E-004   1205.03        7.08189        3.40203      -0.113520E+008
  1682.54        23077.7        3235.36       0.344974E-004   1201.12                 NaN            NaN -0.112840E+008
  1702.12        23077.7        3279.68       0.373349E-004   1199.10        7.12776        3.42406      -0.112326E+008
  1721.69        23077.7        3277.29       0.375655E-004   1199.26        7.12175        3.42118      -0.112009E+008
  1741.27        23077.7        3275.03       0.377814E-004   1199.53        7.11565        3.41825      -0.111690E+008
  1760.85        23077.7        3272.52       0.380156E-004   1199.68        7.10935        3.41522      -0.111382E+008
  1780.42        23077.7        3270.23       0.380128E-004   1197.27        7.10438        3.41283      -0.111056E+008
  1800.00        23077.7        3267.36       0.359434E-004   1186.85        6.92719        3.32772      -0.110540E+008
  273.000        24359.7        3193.81       0.234671E-004   705.990        6.55880        3.15075      -0.126989E+008
  292.577        24359.7        3189.78       0.241565E-004   747.891        6.53880        3.14114      -0.126843E+008
  312.154        24359.7        3185.96       0.247632E-004   784.437        6.52009        3.13215      -0.126690E+008
  331.731        24359.7        3182.25       0.253042E-004   816.661        6.50204        3.12348      -0.126530E+008
  351.308        24359.7        3178.55       0.257897E-004   845.349        6.48396        3.11480      -0.126364E+008
  370.885        24359.7        3175.09       0.262274E-004   871.101        6.46745        3.10686      -0.126193E+008
  390.462        24359.7        3171.73       0.266301E-004   894.394        6.45156        3.09923      -0.126018E+008
  410.038        24359.7        3168.67       0.270002E-004   915.600        6.43775        3.09259      -0.125837E+008
  429.615        24359.7        3162.68       0.273619E-004   935.035        6.40304        3.07592      -0.125650E+008
  449.192        24359.7        3160.97       0.276774E-004   953.377        6.39850        3.07374      -0.125465E+008
  468.769        24359.7        3157.40       0.279830E-004   969.468        6.38139        3.06552      -0.125271E+008
  488.346        24359.7        3155.66       0.282682E-004   985.398        6.37661        3.06322      -0.125079E+008
  507.923        24359.7        3152.37       0.285481E-004   999.218        6.36190        3.05616      -0.124877E+008
  527.500        24359.7        3150.60       0.288133E-004   1013.29        6.35687        3.05374      -0.124680E+008
  547.077        24359.7        3147.39       0.290763E-004   1025.34        6.34317        3.04716      -0.124472E+008
  566.654        24359.7        3145.59       0.293289E-004   1037.94        6.33789        3.04463      -0.124270E+008
  586.231        24359.7        3142.37       0.295786E-004   1048.57        6.32443        3.03816      -0.124055E+008
  605.808        24359.7        3141.63       0.298162E-004   1059.31        6.32757        3.03966      -0.123846E+008
  625.385        24359.7        3139.02       0.300604E-004   1069.50        6.31760        3.03488      -0.123632E+008
  644.962        24359.7        3134.75       0.302934E-004   1079.13        6.28868        3.02099      -0.123404E+008
  664.538        24359.7        3132.11       0.305364E-004   1088.42        6.27856        3.01612      -0.123184E+008
  684.115        24359.7        3129.44       0.307811E-004   1097.32        6.26829        3.01119      -0.122963E+008
  703.692        24359.7        3126.92       0.310286E-004   1105.89        6.25907        3.00676      -0.122740E+008
  723.269        24359.7        3124.58       0.312813E-004   1114.22        6.25104        3.00290      -0.122516E+008
  742.846        24359.7        3121.24       0.315491E-004   1122.47        6.23657        2.99595      -0.122288E+008
  762.423        24359.7        3119.30       0.318515E-004   1131.35        6.22968        2.99264      -0.122067E+008
  782.000        24359.7        3116.33       0.319361E-004   1136.16        6.21936        2.98768      -0.121829E+008
  801.577        24359.7        3114.38       0.321849E-004   1143.72        6.21218        2.98423      -0.121606E+008
  821.154        24359.7        3111.40       0.324410E-004   1150.17        6.20127        2.97899      -0.121365E+008
  840.731        24359.7        3109.41       0.327140E-004   1157.38        6.19364        2.97533      -0.121140E+008
  860.308        24359.7        3106.39       0.329854E-004   1163.65        6.18232        2.96989      -0.120896E+008
  879.885        24359.7        3104.72       0.332704E-004   1169.99        6.17737        2.96751      -0.120662E+008
  899.462        24359.7        3102.28       0.335659E-004   1176.26        6.16785        2.96294      -0.120426E+008
  919.038        24359.7        3099.75       0.338738E-004   1182.38        6.15751        2.95797      -0.120190E+008
  938.615        24359.7        3097.39       0.341921E-004   1188.01        6.14844        2.95361      -0.119952E+008
  958.192        24359.7        3094.91       0.345266E-004   1193.51        6.13796        2.94858      -0.119713E+008
  977.769        24359.7        3092.42       0.348762E-004   1198.69        6.12753        2.94357      -0.119474E+008
  997.346        24359.7        3089.94       0.352422E-004   1203.53        6.11738        2.93870      -0.119234E+008
  1016.92        24359.7        3087.35       0.356352E-004   1208.38        6.10460        2.93255      -0.118994E+008
  1036.50        24359.7        3084.79       0.360417E-004   1212.44        6.09400        2.92746      -0.118751E+008
  1056.08        24359.7        3082.01       0.364771E-004   1216.59        6.08149        2.92145      -0.118509E+008
  1075.65        24359.7        3079.48       0.369452E-004   1220.29        6.06847        2.91520      -0.118266E+008
  1095.23        24359.7        3076.91       0.374496E-004   1223.95        6.05417        2.90833      -0.118023E+008
  1114.81        24359.7        3074.23       0.379925E-004   1227.61        6.03953        2.90130      -0.117780E+008
  1134.38        24359.7        3071.45       0.385750E-004   1230.93        6.02473        2.89419      -0.117535E+008
  1153.96        24359.7        3068.55       0.392113E-004   1234.45        6.00862        2.88645      -0.117301E+008
  1173.54        24359.7        3061.38       0.396038E-004   1236.41        6.00883        2.88655      -0.117548E+008
  1193.12        24359.7        3062.87       0.399353E-004   1235.33        6.03359        2.89844      -0.117612E+008
  1212.69        24359.7        3073.41       0.402757E-004   1231.50        6.08322        2.92228      -0.117501E+008
  1232.27        24359.7        3084.21       0.409216E-004   1229.42        6.12436        2.94205      -0.117347E+008
  1251.85        24359.7        3080.06       0.422989E-004   1234.97        6.09263        2.92681      -0.117182E+008
  1271.42        24359.7        3074.36       0.438780E-004   1241.23        6.05677        2.90958      -0.117066E+008
  1291.00        24359.7        3060.35       0.454843E-004   1247.40        6.01113        2.88766      -0.116898E+008
  1310.58        24359.7        3041.53       0.473033E-004   1253.78        5.95703        2.86166      -0.116687E+008
  1330.15        24359.7        3039.51       0.503879E-004   1263.21        5.90620        2.83725      -0.116637E+008
  1349.73        24359.7        3032.77       0.542394E-004   1274.32        5.84302        2.80690      -0.116594E+008
  1369.31        24359.7        3014.60       0.592312E-004   1286.89        5.75601        2.76510      -0.116376E+008
  1388.88        24359.7        2999.23       0.677300E-004   1306.57        5.64339        2.71100      -0.116187E+008
  1408.46        24359.7        2957.24       0.833153E-004   1338.93        5.46600        2.62578      -0.115772E+008
1428.04 24359.7 2950.78 0.0001 1545.21 5.09896 2.44946 -0.115499E+008
  1447.62        24359.7        2944.95       0.180365E-004   1212.82        6.88108        3.30556      -0.115677E+008
  1467.19        24359.7        2943.91       0.180993E-004   1214.42        6.87780        3.30399      -0.115439E+008
  1486.77        24359.7        2973.85       0.178167E-004   1215.52        6.99914        3.36228      -0.115953E+008
  1506.35        24359.7        3013.76       0.175330E-004   1220.27                 NaN            NaN -0.116210E+008
  1525.92        24359.7        3012.73       0.176014E-004   1221.80        7.12794        3.42415      -0.115971E+008
  1545.50        24359.7        2982.41       0.174762E-004   1217.70                 NaN            NaN -0.115898E+008
  1565.08        24359.7        2963.83       0.174607E-004   1215.97        7.04442        3.38403      -0.115674E+008
  1584.65        24359.7        2971.17       0.181282E-004   1215.04        7.04425        3.38395      -0.115303E+008
  1604.23        24359.7        2970.12       0.182053E-004   1216.61        7.04099        3.38238      -0.115065E+008
  1623.81        24359.7        3004.22       0.204217E-004   1213.21                 NaN            NaN -0.114510E+008
  1643.38        24359.7        3034.79       0.223405E-004   1211.85                 NaN            NaN -0.114061E+008
  1662.96        24359.7        3081.22       0.251517E-004   1209.79        7.07312        3.39782      -0.113544E+008
  1682.54        24359.7        3146.17       0.290346E-004   1206.81        7.09428        3.40798      -0.112957E+008
  1702.12        24359.7        3229.49       0.340193E-004   1202.90        7.12379        3.42216      -0.112301E+008
  1721.69        24359.7        3280.35       0.372392E-004   1200.43        7.14035        3.43011      -0.111773E+008
  1741.27        24359.7        3278.13       0.374668E-004   1200.48        7.13400        3.42706      -0.111446E+008
  1760.85        24359.7        3275.67       0.376873E-004   1200.73        7.12801        3.42418      -0.111138E+008
  1780.42        24359.7        3273.34       0.377003E-004   1198.10        7.12287        3.42172      -0.110805E+008
  1800.00        24359.7        3270.91       0.377194E-004   1197.35        7.10114        3.41128      -0.110475E+008
  273.000        25641.8        3266.21       0.181564E-004   707.690        7.26060        3.48788      -0.126606E+008
  292.577        25641.8        3265.02       0.188988E-004   748.228        7.25824        3.48674      -0.126464E+008
  312.154        25641.8        3259.78       0.195507E-004   783.772        7.22555        3.47104      -0.126308E+008
  331.731        25641.8        3258.51       0.201081E-004   815.463        7.22285        3.46974      -0.126151E+008
  351.308        25641.8        3253.29       0.206028E-004   843.594        7.18994        3.45394      -0.125982E+008
  370.885        25641.8        3251.96       0.210334E-004   869.286        7.18696        3.45250      -0.125814E+008
  390.462        25641.8        3247.21       0.214218E-004   892.195        7.15740        3.43830      -0.125635E+008
  410.038        25641.8        3244.60       0.217702E-004   913.316        7.14452        3.43212      -0.125455E+008
  429.615        25641.8        3173.90       0.271178E-004   934.719        6.46175        3.10412      -0.125257E+008
  449.192        25641.8        3172.20       0.274290E-004   953.038        6.45731        3.10199      -0.125072E+008
  468.769        25641.8        3168.06       0.277318E-004   969.171        6.43643        3.09196      -0.124877E+008
  488.346        25641.8        3166.33       0.280120E-004   985.070        6.43175        3.08971      -0.124686E+008
  507.923        25641.8        3162.24       0.282923E-004   998.956        6.41127        3.07988      -0.124483E+008
  527.500        25641.8        3160.48       0.285517E-004   1013.00        6.40636        3.07752      -0.124286E+008
  547.077        25641.8        3156.99       0.288069E-004   1025.06        6.39050        3.06990      -0.124078E+008
  566.654        25641.8        3155.21       0.290530E-004   1037.62        6.38535        3.06742      -0.123876E+008
  586.231        25641.8        3151.47       0.292972E-004   1048.29        6.36793        3.05906      -0.123661E+008
  605.808        25641.8        3146.93       0.295439E-004   1058.98        6.34431        3.04771      -0.123446E+008
  625.385        25641.8        3146.14       0.297734E-004   1069.17        6.34704        3.04902      -0.123235E+008
  644.962        25641.8        3143.47       0.300089E-004   1078.88        6.33666        3.04403      -0.123018E+008
  664.538        25641.8        3139.17       0.302326E-004   1088.07        6.30764        3.03009      -0.122787E+008
  684.115        25641.8        3136.47       0.304684E-004   1096.95        6.29711        3.02503      -0.122566E+008
  703.692        25641.8        3133.77       0.307065E-004   1105.48        6.28658        3.01998      -0.122343E+008
  723.269        25641.8        3131.04       0.309495E-004   1113.71        6.27594        3.01486      -0.122118E+008
  742.846        25641.8        3128.64       0.312013E-004   1121.79        6.26746        3.01079      -0.121892E+008
  762.423        25641.8        3126.72       0.314836E-004   1130.48        6.26082        3.00760      -0.121671E+008
  782.000        25641.8        3123.76       0.315776E-004   1135.51        6.25035        3.00257      -0.121434E+008
  801.577        25641.8        3121.83       0.318084E-004   1142.91        6.24346        2.99926      -0.121211E+008
  821.154        25641.8        3118.79       0.320528E-004   1149.34        6.23199        2.99375      -0.120971E+008
  840.731        25641.8        3116.82       0.323112E-004   1156.47        6.22467        2.99023      -0.120745E+008
  860.308        25641.8        3113.73       0.325691E-004   1162.69        6.21282        2.98454      -0.120501E+008
  879.885        25641.8        3111.18       0.328386E-004   1169.18        6.20292        2.97979      -0.120264E+008
  899.462        25641.8        3108.71       0.331163E-004   1175.45        6.19339        2.97521      -0.120028E+008
  919.038        25641.8        3106.22       0.334042E-004   1181.48        6.18352        2.97047      -0.119792E+008
  938.615        25641.8        3103.83       0.337019E-004   1187.12        6.17430        2.96604      -0.119554E+008
  958.192        25641.8        3101.37       0.340124E-004   1192.57        6.16432        2.96125      -0.119316E+008
  977.769        25641.8        3098.89       0.343366E-004   1197.71        6.15403        2.95630      -0.119076E+008
  997.346        25641.8        3096.40       0.346762E-004   1202.57        6.14345        2.95122      -0.118836E+008
  1016.92        25641.8        3093.89       0.350328E-004   1207.11        6.13250        2.94596      -0.118596E+008
  1036.50        25641.8        3091.37       0.354085E-004   1211.37        6.12117        2.94052      -0.118355E+008
  1056.08        25641.8        3088.82       0.358057E-004   1215.33        6.10939        2.93486      -0.118113E+008
  1075.65        25641.8        3086.25       0.362272E-004   1219.06        6.09722        2.92901      -0.117870E+008
  1095.23        25641.8        3083.66       0.366764E-004   1222.58        6.08449        2.92289      -0.117627E+008
  1114.81        25641.8        3080.93       0.371578E-004   1226.17        6.07080        2.91632      -0.117384E+008
  1134.38        25641.8        3078.39       0.376742E-004   1229.37        6.05727        2.90982      -0.117140E+008
  1153.96        25641.8        3075.68       0.382328E-004   1232.74        6.04249        2.90272      -0.116895E+008
  1173.54        25641.8        3070.79       0.387838E-004   1236.18        6.02855        2.89602      -0.116822E+008
  1193.12        25641.8        3062.21       0.382091E-004   1230.27        6.07762        2.91959      -0.116762E+008
  1212.69        25641.8        3071.29       0.395509E-004   1236.66        6.06261        2.91239      -0.117112E+008
  1232.27        25641.8        3087.25       0.399524E-004   1232.56        6.12111        2.94049      -0.117015E+008
  1251.85        25641.8        3097.05       0.408035E-004   1232.92        6.14697        2.95291      -0.116930E+008
  1271.42        25641.8        3094.90       0.421909E-004   1238.59        6.11718        2.93860      -0.116787E+008
  1291.00        25641.8        3091.95       0.437908E-004   1244.95        6.08376        2.92255      -0.116689E+008
  1310.58        25641.8        3088.07       0.456615E-004   1251.99        6.04582        2.90432      -0.116618E+008
  1330.15        25641.8        3084.02       0.479193E-004   1259.81        6.00254        2.88353      -0.116551E+008
  1349.73        25641.8        3050.35       0.496783E-004   1265.42        5.93103        2.84917      -0.116184E+008
  1369.31        25641.8        3070.49       0.541266E-004   1278.87        5.89078        2.82984      -0.116414E+008
  1388.88        25641.8        3059.28       0.587063E-004   1291.32        5.81561        2.79373      -0.116320E+008
  1408.46        25641.8        3039.29       0.652740E-004   1307.06        5.71241        2.74415      -0.116080E+008
  1428.04        25641.8        3035.09       0.772293E-004   1333.59        5.59363        2.68709      -0.115822E+008
1447.62 25641.8 3013.43 0.0001 1403.82 5.34665 2.56845 -0.115759E+008
  1467.19        25641.8        3004.19       0.973339E-004   1220.57                 NaN            NaN -0.115466E+008
  1486.77        25641.8        3013.25       0.176012E-004   1222.57                 NaN            NaN -0.115711E+008
  1506.35        25641.8        3026.74       0.174407E-004   1223.82        7.16358        3.44127      -0.115806E+008
  1525.92        25641.8        3013.33       0.173788E-004   1222.93                 NaN            NaN -0.115654E+008
  1545.50        25641.8        3012.30       0.174459E-004   1224.42                 NaN            NaN -0.115414E+008
  1565.08        25641.8        2981.97       0.172482E-004   1220.22        7.10033        3.41089      -0.115302E+008
  1584.65        25641.8        2962.69       0.171626E-004   1218.41        7.06370        3.39329      -0.115065E+008
  1604.23        25641.8        2967.18       0.177240E-004   1217.31        7.06068        3.39184      -0.114706E+008
  1623.81        25641.8        3008.11       0.203018E-004   1212.88        7.07022        3.39643      -0.114097E+008
  1643.38        25641.8        2995.65       0.197714E-004   1215.42        7.06487        3.39386      -0.113930E+008
  1662.96        25641.8        2994.49       0.198558E-004   1216.88                 NaN            NaN -0.113692E+008
  1682.54        25641.8        3061.99       0.239183E-004   1212.26        7.08177        3.40197      -0.113020E+008
  1702.12        25641.8        3060.56       0.240200E-004   1213.62                 NaN            NaN -0.112783E+008
  1721.69        25641.8        3224.02       0.335379E-004   1204.57                 NaN            NaN -0.111738E+008
  1741.27        25641.8        3281.22       0.371343E-004   1201.73        7.15283        3.43611      -0.111202E+008
  1760.85        25641.8        3278.81       0.373672E-004   1201.74        7.14645        3.43305      -0.110890E+008
  1780.42        25641.8        3276.47       0.373763E-004   1199.15        7.14160        3.43071      -0.110554E+008
  1800.00        25641.8        3274.17       0.376093E-004   1199.20        7.13488        3.42748      -0.110232E+008
  273.000        26923.8        3269.90       0.180706E-004   707.251        7.27334        3.49400      -0.126216E+008
  292.577        26923.8        3268.72       0.188093E-004   747.822        7.27099        3.49287      -0.126074E+008
  312.154        26923.8        3263.52       0.194565E-004   783.394        7.23848        3.47726      -0.125917E+008
  331.731        26923.8        3262.26       0.200109E-004   815.112        7.23579        3.47596      -0.125760E+008
  351.308        26923.8        3257.08       0.205015E-004   843.266        7.20306        3.46024      -0.125591E+008
  370.885        26923.8        3255.76       0.209297E-004   868.978        7.20009        3.45881      -0.125423E+008
  390.462        26923.8        3251.04       0.213147E-004   891.905        7.17068        3.44468      -0.125244E+008
  410.038        26923.8        3250.65       0.216618E-004   913.042        7.17543        3.44697      -0.125067E+008
  429.615        26923.8        3247.89       0.219629E-004   932.448        7.16151        3.44028      -0.124883E+008
  449.192        26923.8        3245.35       0.222417E-004   950.354        7.14944        3.43448      -0.124695E+008
  468.769        26923.8        3242.34       0.224907E-004   966.963        7.13350        3.42682      -0.124503E+008
  488.346        26923.8        3239.83       0.227153E-004   982.396        7.12179        3.42120      -0.124308E+008
  507.923        26923.8        3237.22       0.229232E-004   996.818        7.10930        3.41520      -0.124110E+008
  527.500        26923.8        3235.00       0.231215E-004   1010.32        7.10019        3.41082      -0.123909E+008
  547.077        26923.8        3232.69       0.233029E-004   1023.02        7.09046        3.40615      -0.123705E+008
  566.654        26923.8        3230.49       0.234788E-004   1034.98        7.08193        3.40205      -0.123499E+008
  586.231        26923.8        3227.89       0.236254E-004   1046.28        7.06984        3.39624      -0.123289E+008
  605.808        26923.8        3225.59       0.237725E-004   1056.98        7.06062        3.39181      -0.123078E+008
  625.385        26923.8        3223.30       0.239111E-004   1067.14        7.05163        3.38749      -0.122864E+008
  644.962        26923.8        3221.02       0.240424E-004   1076.79        7.04285        3.38327      -0.122647E+008
  664.538        26923.8        3146.23       0.299431E-004   1087.72        6.33677        3.04409      -0.122391E+008
  684.115        26923.8        3143.50       0.301707E-004   1096.59        6.32599        3.03891      -0.122170E+008
  703.692        26923.8        3140.76       0.304002E-004   1105.10        6.31518        3.03371      -0.121947E+008
  723.269        26923.8        3138.02       0.306335E-004   1113.30        6.30438        3.02853      -0.121722E+008
  742.846        26923.8        3135.27       0.308746E-004   1121.27        6.29355        3.02332      -0.121495E+008
  762.423        26923.8        3132.67       0.311386E-004   1129.24        6.28371        3.01860      -0.121267E+008
  782.000        26923.8        3130.22       0.312471E-004   1135.08        6.27530        3.01456      -0.121037E+008
  801.577        26923.8        3127.76       0.314520E-004   1141.80        6.26641        3.01029      -0.120806E+008
  821.154        26923.8        3125.27       0.316873E-004   1148.65        6.25728        3.00590      -0.120574E+008
  840.731        26923.8        3122.72       0.319297E-004   1155.38        6.24767        3.00128      -0.120340E+008
  860.308        26923.8        3120.19       0.321779E-004   1161.94        6.23811        2.99669      -0.120105E+008
  879.885        26923.8        3117.61       0.324333E-004   1168.41        6.22805        2.99186      -0.119868E+008
  899.462        26923.8        3115.09       0.326950E-004   1174.69        6.21848        2.98726      -0.119631E+008
  919.038        26923.8        3112.68       0.329652E-004   1180.60        6.20941        2.98290      -0.119394E+008
  938.615        26923.8        3110.25       0.332448E-004   1186.26        6.20000        2.97838      -0.119157E+008
  958.192        26923.8        3107.76       0.335352E-004   1191.67        6.19003        2.97360      -0.118919E+008
  977.769        26923.8        3105.31       0.338367E-004   1196.76        6.18022        2.96888      -0.118680E+008
  997.346        26923.8        3102.85       0.341512E-004   1201.55        6.17024        2.96409      -0.118440E+008
  1016.92        26923.8        3100.32       0.344810E-004   1206.07        6.15930        2.95883      -0.118199E+008
  1036.50        26923.8        3097.83       0.348259E-004   1210.25        6.14868        2.95373      -0.117958E+008
  1056.08        26923.8        3095.21       0.351920E-004   1214.39        6.13641        2.94784      -0.117717E+008
  1075.65        26923.8        3092.75       0.355731E-004   1217.83        6.12578        2.94273      -0.117474E+008
  1095.23        26923.8        3090.12       0.359825E-004   1221.53        6.11281        2.93650      -0.117232E+008
  1114.81        26923.8        3087.56       0.364128E-004   1224.79        6.10111        2.93088      -0.116989E+008
  1134.38        26923.8        3084.93       0.368761E-004   1228.09        6.08733        2.92426      -0.116745E+008
  1153.96        26923.8        3082.41       0.373706E-004   1231.21        6.07428        2.91799      -0.116500E+008
  1173.54        26923.8        3079.74       0.379043E-004   1234.51        6.05986        2.91106      -0.116255E+008
  1193.12        26923.8        3073.18       0.383887E-004   1237.99        6.04837        2.90554      -0.116372E+008
  1212.69        26923.8        3073.60       0.387030E-004   1238.19        6.06676        2.91438      -0.116522E+008
  1232.27        26923.8        3081.16       0.391918E-004   1237.68        6.09551        2.92819      -0.116632E+008
  1251.85        26923.8        3105.19       0.396270E-004   1232.67        6.17267        2.96526      -0.116576E+008
  1271.42        26923.8        3109.02       0.407197E-004   1236.55        6.16789        2.96296      -0.116531E+008
  1291.00        26923.8        3108.68       0.421196E-004   1242.35        6.13973        2.94943      -0.116409E+008
  1310.58        26923.8        3108.26       0.437428E-004   1248.79        6.10835        2.93436      -0.116321E+008
  1330.15        26923.8        3107.73       0.456515E-004   1256.07        6.07333        2.91753      -0.116285E+008
  1349.73        26923.8        3107.17       0.479273E-004   1264.13        6.03325        2.89828      -0.116258E+008
  1369.31        26923.8        3106.60       0.507013E-004   1273.22        5.98710        2.87611      -0.116242E+008
  1388.88        26923.8        3105.48       0.541607E-004   1283.71        5.93271        2.84998      -0.116225E+008
  1408.46        26923.8        3102.67       0.586250E-004   1296.23        5.86650        2.81818      -0.116202E+008
  1428.04        26923.8        3092.85       0.645630E-004   1311.39        5.77995        2.77660      -0.116099E+008
  1447.62        26923.8        3074.25       0.737896E-004   1332.61        5.65716        2.71761      -0.115870E+008
  1467.19        26923.8        3062.80       0.931384E-004   1374.82        5.48209        2.63351      -0.115714E+008
1486.77 26923.8 3055.73 0.0001 1543.97 5.13483 2.46669 -0.115610E+008
  1506.35        26923.8        3038.61       0.174034E-004   1226.37        7.19234        3.45509      -0.115419E+008
  1525.92        26923.8        3017.11       0.172908E-004   1222.69        7.16626        3.44256      -0.115240E+008
  1545.50        26923.8        3016.08       0.173572E-004   1224.17                 NaN            NaN -0.115000E+008
  1565.08        26923.8        2985.78       0.171552E-004   1219.96        7.11980        3.42024      -0.114884E+008
  1584.65        26923.8        2981.58       0.170457E-004   1222.62                 NaN            NaN -0.114704E+008
  1604.23        26923.8        2962.04       0.169091E-004   1220.70        7.08246        3.40230      -0.114449E+008
  1623.81        26923.8        2964.64       0.173931E-004   1219.47                 NaN            NaN -0.114091E+008
  1643.38        26923.8        2999.51       0.196559E-004   1215.09        7.08435        3.40321      -0.113516E+008
  1662.96        26923.8        2998.36       0.197392E-004   1216.54                 NaN            NaN -0.113278E+008
  1682.54        26923.8        3065.87       0.237755E-004   1211.86                 NaN            NaN -0.112619E+008
  1702.12        26923.8        3064.44       0.238759E-004   1213.21                 NaN            NaN -0.112381E+008
  1721.69        26923.8        3227.92       0.333325E-004   1204.02                 NaN            NaN -0.111363E+008
  1741.27        26923.8        3186.94       0.313025E-004   1207.60                 NaN            NaN -0.111300E+008
  1760.85        26923.8        3282.29       0.370313E-004   1202.87        7.16460        3.44176      -0.110621E+008
  1780.42        26923.8        3279.81       0.372649E-004   1202.82        7.15844        3.43880      -0.110301E+008
  1800.00        26923.8        3277.37       0.372819E-004   1200.30        7.15353        3.43644      -0.109979E+008
  273.000        28205.8        3276.83       0.179798E-004   706.739        7.31008        3.51165      -0.125832E+008
  292.577        28205.8        3275.66       0.187163E-004   747.363        7.30776        3.51053      -0.125689E+008
  312.154        28205.8        3272.11       0.193679E-004   782.954        7.28791        3.50100      -0.125535E+008
  331.731        28205.8        3270.85       0.199213E-004   814.706        7.28524        3.49972      -0.125378E+008
  351.308        28205.8        3265.87       0.204046E-004   842.906        7.25486        3.48512      -0.125209E+008
  370.885        28205.8        3264.55       0.208320E-004   868.629        7.25191        3.48371      -0.125041E+008
  390.462        28205.8        3259.93       0.212133E-004   891.599        7.22388        3.47024      -0.124861E+008
  410.038        28205.8        3258.57       0.215529E-004   913.044        7.22071        3.46872      -0.124685E+008
  429.615        28205.8        3254.26       0.218590E-004   932.182        7.19498        3.45636      -0.124496E+008
  449.192        28205.8        3252.86       0.221362E-004   950.478        7.19163        3.45475      -0.124312E+008
  468.769        28205.8        3248.52       0.223758E-004   966.708        7.16561        3.44225      -0.124116E+008
  488.346        28205.8        3247.09       0.226075E-004   982.611        7.16211        3.44057      -0.123925E+008
  507.923        28205.8        3243.42       0.228155E-004   996.584        7.14162        3.43072      -0.123723E+008
  527.500        28205.8        3241.97       0.230138E-004   1010.62        7.13799        3.42898      -0.123526E+008
  547.077        28205.8        3238.32       0.231890E-004   1022.81        7.11794        3.41935      -0.123317E+008
  566.654        28205.8        3236.84       0.233624E-004   1035.35        7.11420        3.41755      -0.123116E+008
  586.231        28205.8        3233.42       0.235043E-004   1046.07        7.09631        3.40896      -0.122901E+008
  605.808        28205.8        3231.93       0.236587E-004   1057.38        7.09249        3.40712      -0.122695E+008
  625.385        28205.8        3228.81       0.237897E-004   1066.92        7.07769        3.40001      -0.122475E+008
  644.962        28205.8        3227.30       0.239300E-004   1077.21        7.07379        3.39814      -0.122266E+008
  664.538        28205.8        3224.19       0.240428E-004   1085.77        7.05952        3.39128      -0.122041E+008
  684.115        28205.8        3219.67       0.241973E-004   1094.48        7.02289        3.37369      -0.121808E+008
  703.692        28205.8        3217.38       0.243112E-004   1102.88        7.01436        3.36959      -0.121585E+008
  723.269        28205.8        3215.09       0.244226E-004   1110.95        7.00591        3.36553      -0.121361E+008
  742.846        28205.8        3212.79       0.245347E-004   1118.75        6.99753        3.36151      -0.121134E+008
  762.423        28205.8        3210.49       0.246594E-004   1126.44        6.98928        3.35754      -0.120906E+008
  782.000        28205.8        3208.26       0.246839E-004   1132.67        6.98208        3.35408      -0.120676E+008
  801.577        28205.8        3206.13       0.247090E-004   1138.58        6.97559        3.35096      -0.120446E+008
  821.154        28205.8        3203.97       0.248031E-004   1145.17        6.96877        3.34769      -0.120214E+008
  840.731        28205.8        3202.41       0.248983E-004   1151.92        6.96457        3.34567      -0.119990E+008
  860.308        28205.8        3199.61       0.249887E-004   1157.82        6.95504        3.34109      -0.119747E+008
  879.885        28205.8        3124.07       0.320504E-004   1167.60        6.25344        3.00406      -0.119472E+008
  899.462        28205.8        3121.47       0.322989E-004   1173.94        6.24333        2.99920      -0.119234E+008
  919.038        28205.8        3119.03       0.325542E-004   1179.83        6.23419        2.99481      -0.118998E+008
  938.615        28205.8        3116.61       0.328176E-004   1185.44        6.22504        2.99041      -0.118761E+008
  958.192        28205.8        3114.15       0.330898E-004   1190.79        6.21555        2.98585      -0.118523E+008
  977.769        28205.8        3111.67       0.333723E-004   1195.85        6.20564        2.98109      -0.118284E+008
  997.346        28205.8        3109.20       0.336656E-004   1200.60        6.19579        2.97636      -0.118044E+008
  1016.92        28205.8        3106.69       0.339720E-004   1205.09        6.18520        2.97127      -0.117803E+008
  1036.50        28205.8        3104.23       0.342921E-004   1209.30        6.17494        2.96635      -0.117563E+008
  1056.08        28205.8        3101.68       0.346270E-004   1213.11        6.16379        2.96099      -0.117321E+008
  1075.65        28205.8        3099.15       0.349777E-004   1216.79        6.15334        2.95597      -0.117079E+008
  1095.23        28205.8        3096.64       0.353505E-004   1220.16        6.14114        2.95011      -0.116836E+008
  1114.81        28205.8        3094.11       0.357419E-004   1223.49        6.13008        2.94479      -0.116594E+008
  1134.38        28205.8        3091.53       0.361602E-004   1226.66        6.11691        2.93847      -0.116349E+008
  1153.96        28205.8        3088.79       0.366006E-004   1229.83        6.10449        2.93250      -0.116105E+008
  1173.54        28205.8        3086.36       0.370795E-004   1233.03        6.09085        2.92595      -0.115861E+008
  1193.12        28205.8        3083.22       0.375854E-004   1236.37        6.07667        2.91914      -0.115653E+008
  1212.69        28205.8        3076.08       0.380252E-004   1239.81        6.06882        2.91537      -0.115942E+008
  1232.27        28205.8        3084.24       0.384109E-004   1239.19        6.10012        2.93040      -0.116039E+008
  1251.85        28205.8        3093.52       0.388762E-004   1238.35        6.13381        2.94659      -0.116171E+008
  1271.42        28205.8        3120.04       0.394553E-004   1234.85        6.21207        2.98418      -0.116265E+008
  1291.00        28205.8        3120.77       0.406865E-004   1240.35        6.18753        2.97239      -0.116154E+008
  1310.58        28205.8        3122.25       0.421108E-004   1246.32        6.16082        2.95956      -0.116055E+008
  1330.15        28205.8        3124.52       0.437786E-004   1252.90        6.13130        2.94538      -0.115975E+008
  1349.73        28205.8        3126.83       0.457245E-004   1260.40        6.09853        2.92964      -0.115970E+008
  1369.31        28205.8        3126.18       0.478656E-004   1268.25        6.06019        2.91122      -0.115950E+008
  1388.88        28205.8        3118.78       0.500883E-004   1276.07        6.01428        2.88917      -0.115871E+008
  1408.46        28205.8        3111.17       0.528446E-004   1284.98        5.96186        2.86399      -0.115789E+008
  1428.04        28205.8        3103.26       0.564019E-004   1295.50        5.90045        2.83449      -0.115700E+008
  1447.62        28205.8        3094.98       0.612254E-004   1308.74        5.82649        2.79896      -0.115616E+008
  1467.19        28205.8        3084.92       0.687938E-004   1326.95        5.72199        2.74875      -0.115462E+008
  1486.77        28205.8        3073.35       0.817649E-004   1356.37        5.57969        2.68039      -0.115293E+008
1506.35 28205.8 3052.68 0.0001 1425.12 5.32702 2.55902 -0.115079E+008
1525.92 28205.8 3038.51 0.0001 1228.59 6.47180 3.10895 -0.114876E+008
  1545.50        28205.8        3037.45       0.173755E-004   1230.07                 NaN            NaN -0.114635E+008
  1565.08        28205.8        3013.00       0.171160E-004   1227.82                 NaN            NaN -0.114525E+008
  1584.65        28205.8        3011.99       0.171811E-004   1229.24        7.17657        3.44751      -0.114284E+008
  1604.23        28205.8        2981.18       0.168625E-004   1224.86                 NaN            NaN -0.114098E+008
  1623.81        28205.8        2961.35       0.166817E-004   1222.84        7.10011        3.41078      -0.113825E+008
  1643.38        28205.8        2963.18       0.171210E-004   1221.52        7.09509        3.40837      -0.113468E+008
  1662.96        28205.8        2962.19       0.171923E-004   1222.97        7.09203        3.40690      -0.113229E+008
  1682.54        28205.8        2985.67       0.188615E-004   1219.40        7.09627        3.40894      -0.112721E+008
  1702.12        28205.8        2984.57       0.189411E-004   1220.79                 NaN            NaN -0.112482E+008
  1721.69        28205.8        3039.32       0.223125E-004   1216.45                 NaN            NaN -0.111883E+008
  1741.27        28205.8        3037.99       0.224069E-004   1217.75        7.10243        3.41190      -0.111645E+008
  1760.85        28205.8        3162.04       0.297387E-004   1210.06                 NaN            NaN -0.110798E+008
  1780.42        28205.8        3283.17       0.369397E-004   1203.91        7.17618        3.44733      -0.110052E+008
  1800.00        28205.8        3280.61       0.369662E-004   1201.23        7.17142        3.44504      -0.109728E+008
  273.000        29487.9        3280.47       0.178970E-004   706.306        7.32256        3.51765      -0.125443E+008
  292.577        29487.9        3279.30       0.186299E-004   746.960        7.32025        3.51653      -0.125300E+008
  312.154        29487.9        3275.77       0.192774E-004   782.581        7.30051        3.50705      -0.125145E+008
  331.731        29487.9        3274.52       0.198281E-004   814.358        7.29785        3.50578      -0.124989E+008
  351.308        29487.9        3269.58       0.203076E-004   842.581        7.26764        3.49126      -0.124819E+008
  370.885        29487.9        3268.27       0.207327E-004   868.324        7.26471        3.48985      -0.124652E+008
  390.462        29487.9        3263.68       0.211108E-004   891.312        7.23682        3.47646      -0.124472E+008
  410.038        29487.9        3262.32       0.214485E-004   912.773        7.23367        3.47494      -0.124295E+008
  429.615        29487.9        3258.05       0.217517E-004   931.923        7.20807        3.46264      -0.124106E+008
  449.192        29487.9        3256.65       0.220272E-004   950.231        7.20473        3.46104      -0.123922E+008
  468.769        29487.9        3252.35       0.222641E-004   966.472        7.17884        3.44860      -0.123726E+008
  488.346        29487.9        3250.92       0.224943E-004   982.383        7.17536        3.44693      -0.123535E+008
  507.923        29487.9        3247.28       0.227001E-004   996.364        7.15496        3.43713      -0.123332E+008
  527.500        29487.9        3245.83       0.228971E-004   1010.40        7.15135        3.43540      -0.123136E+008
  547.077        29487.9        3242.21       0.230702E-004   1022.60        7.13139        3.42581      -0.122927E+008
  566.654        29487.9        3240.74       0.232423E-004   1035.14        7.12767        3.42402      -0.122725E+008
  586.231        29487.9        3237.34       0.233824E-004   1045.87        7.10987        3.41547      -0.122510E+008
  605.808        29487.9        3235.86       0.235356E-004   1057.18        7.10606        3.41364      -0.122304E+008
  625.385        29487.9        3232.76       0.236649E-004   1066.72        7.09133        3.40656      -0.122084E+008
  644.962        29487.9        3231.25       0.238040E-004   1077.01        7.08745        3.40470      -0.121875E+008
  664.538        29487.9        3228.16       0.239152E-004   1085.57        7.07323        3.39787      -0.121650E+008
  684.115        29487.9        3227.30       0.240371E-004   1094.29        7.07569        3.39905      -0.121432E+008
  703.692        29487.9        3222.79       0.241839E-004   1102.61        7.03916        3.38150      -0.121197E+008
  723.269        29487.9        3220.48       0.242934E-004   1110.66        7.03042        3.37730      -0.120973E+008
  742.846        29487.9        3218.95       0.244178E-004   1119.05        7.02633        3.37534      -0.120754E+008
  762.423        29487.9        3215.85       0.245225E-004   1126.05        7.01321        3.36904      -0.120518E+008
  782.000        29487.9        3213.53       0.248073E-004   1135.46        7.00451        3.36486      -0.120288E+008
  801.577        29487.9        3211.34       0.245675E-004   1138.18        6.99804        3.36175      -0.120057E+008
  821.154        29487.9        3208.06       0.246657E-004   1144.99        6.98309        3.35457      -0.119823E+008
  840.731        29487.9        3206.50       0.247598E-004   1151.74        6.97892        3.35256      -0.119598E+008
  860.308        29487.9        3203.71       0.248491E-004   1157.64        6.96941        3.34800      -0.119355E+008
  879.885        29487.9        3202.54       0.249343E-004   1163.43        6.96947        3.34803      -0.119122E+008
  899.462        29487.9        3200.29       0.250221E-004   1169.38        6.96215        3.34451      -0.118885E+008
  919.038        29487.9        3198.15       0.251078E-004   1174.99        6.95567        3.34140      -0.118649E+008
  938.615        29487.9        3196.08       0.251920E-004   1180.20        6.94966        3.33851      -0.118412E+008
  958.192        29487.9        3194.01       0.252750E-004   1185.09        6.94370        3.33565      -0.118175E+008
  977.769        29487.9        3191.92       0.253571E-004   1189.69        6.93756        3.33270      -0.117937E+008
  997.346        29487.9        3189.84       0.254382E-004   1193.94        6.93153        3.32980      -0.117699E+008
  1016.92        29487.9        3187.76       0.255186E-004   1197.86        6.92542        3.32687      -0.117460E+008
  1036.50        29487.9        3185.68       0.255985E-004   1201.43        6.91945        3.32400      -0.117220E+008
  1056.08        29487.9        3183.61       0.256777E-004   1204.68        6.91344        3.32111      -0.116980E+008
  1075.65        29487.9        3105.50       0.344329E-004   1215.67        6.17900        2.96830      -0.116684E+008
  1095.23        29487.9        3102.99       0.347743E-004   1219.05        6.16791        2.96297      -0.116441E+008
  1114.81        29487.9        3100.47       0.351339E-004   1222.30        6.15653        2.95750      -0.116198E+008
  1134.38        29487.9        3097.93       0.355135E-004   1225.45        6.14479        2.95186      -0.115955E+008
  1153.96        29487.9        3095.40       0.359157E-004   1228.57        6.13272        2.94606      -0.115711E+008
  1173.54        29487.9        3092.83       0.363433E-004   1231.69        6.12013        2.94001      -0.115467E+008
  1193.12        29487.9        3090.25       0.367999E-004   1234.86        6.10706        2.93374      -0.115222E+008
  1212.69        29487.9        3084.02       0.372600E-004   1238.67        6.09257        2.92678      -0.115272E+008
  1232.27        29487.9        3079.93       0.376946E-004   1241.59        6.09062        2.92584      -0.115528E+008
  1251.85        29487.9        3086.77       0.381283E-004   1241.81        6.11579        2.93793      -0.115688E+008
  1271.42        29487.9        3109.86       0.386285E-004   1238.61        6.17995        2.96875      -0.115733E+008
  1291.00        29487.9        3130.54       0.394591E-004   1238.69        6.22962        2.99261      -0.115892E+008
  1310.58        29487.9        3132.86       0.407199E-004   1244.36        6.20623        2.98138      -0.115801E+008
  1330.15        29487.9        3136.41       0.421886E-004   1250.54        6.18098        2.96925      -0.115726E+008
  1349.73        29487.9        3139.49       0.438280E-004   1257.08        6.15250        2.95557      -0.115646E+008
  1369.31        29487.9        3132.66       0.452739E-004   1263.26        6.11724        2.93863      -0.115551E+008
  1388.88        29487.9        3125.59       0.469611E-004   1269.99        6.07855        2.92004      -0.115466E+008
  1408.46        29487.9        3118.82       0.489692E-004   1277.16        6.03623        2.89971      -0.115344E+008
  1428.04        29487.9        3111.38       0.514167E-004   1285.47        5.98753        2.87632      -0.115256E+008
  1447.62        29487.9        3104.17       0.544764E-004   1295.03        5.93218        2.84973      -0.115148E+008
  1467.19        29487.9        3095.33       0.585488E-004   1306.98        5.86450        2.81721      -0.115097E+008
  1486.77        29487.9        3085.99       0.645230E-004   1322.17        5.77493        2.77419      -0.114951E+008
  1506.35        29487.9        3074.95       0.740084E-004   1344.58        5.65471        2.71644      -0.114778E+008
  1525.92        29487.9        3055.49       0.932870E-004   1386.44        5.45563        2.62080      -0.114557E+008
1545.50 29487.9 3048.66 0.0001 1513.19 5.18147 2.48910 -0.114277E+008
  1565.08        29487.9        3016.74       0.170303E-004   1227.59                 NaN            NaN -0.114111E+008
  1584.65        29487.9        3015.73       0.170946E-004   1229.00        7.19531        3.45651      -0.113870E+008
  1604.23        29487.9        2984.96       0.167726E-004   1224.60        7.15421        3.43677      -0.113680E+008
  1623.81        29487.9        2980.82       0.166929E-004   1226.99                 NaN            NaN -0.113488E+008
  1643.38        29487.9        2960.51       0.164691E-004   1224.82                 NaN            NaN -0.113193E+008
  1662.96        29487.9        2962.59       0.168985E-004   1223.45        7.11278        3.41687      -0.112835E+008
  1682.54        29487.9        2989.50       0.187525E-004   1219.08        7.11568        3.41826      -0.112305E+008
  1702.12        29487.9        2988.40       0.188311E-004   1220.46        7.11231        3.41664      -0.112066E+008
  1721.69        29487.9        3043.16       0.221807E-004   1216.07                 NaN            NaN -0.111477E+008
  1741.27        29487.9        3041.84       0.222738E-004   1217.36        7.12124        3.42093      -0.111239E+008
  1760.85        29487.9        3165.91       0.295588E-004   1209.56                 NaN            NaN -0.110414E+008
  1780.42        29487.9        3145.47       0.286361E-004   1212.13        7.14643        3.43304      -0.110251E+008
  1800.00        29487.9        3257.34       0.351334E-004   1203.71        7.17993        3.44913      -0.109553E+008
  273.000        30769.9        3285.90       0.178110E-004   705.837        7.34827        3.52999      -0.125058E+008
  292.577        30769.9        3284.73       0.185411E-004   746.534        7.34597        3.52889      -0.124915E+008
  312.154        30769.9        3281.77       0.191798E-004   782.189        7.33056        3.52149      -0.124761E+008
  331.731        30769.9        3280.52       0.197284E-004   813.993        7.32793        3.52022      -0.124605E+008
  351.308        30769.9        3276.67       0.202133E-004   842.243        7.30610        3.50974      -0.124437E+008
  370.885        30769.9        3275.36       0.206372E-004   867.993        7.30319        3.50834      -0.124269E+008
  390.462        30769.9        3271.15       0.210148E-004   891.022        7.27850        3.49648      -0.124090E+008
  410.038        30769.9        3269.79       0.213515E-004   912.469        7.27537        3.49497      -0.123913E+008
  429.615        30769.9        3265.83       0.216519E-004   931.661        7.25252        3.48400      -0.123725E+008
  449.192        30769.9        3264.43       0.219266E-004   949.932        7.24921        3.48241      -0.123541E+008
  468.769        30769.9        3260.31       0.221704E-004   966.230        7.22513        3.47084      -0.123344E+008
  488.346        30769.9        3258.89       0.224000E-004   982.091        7.22167        3.46918      -0.123153E+008
  507.923        30769.9        3254.94       0.225963E-004   996.121        7.19897        3.45827      -0.122950E+008
  527.500        30769.9        3253.49       0.227925E-004   1010.10        7.19539        3.45655      -0.122754E+008
  547.077        30769.9        3249.81       0.229687E-004   1022.36        7.17500        3.44676      -0.122544E+008
  566.654        30769.9        3248.34       0.231400E-004   1034.83        7.17131        3.44498      -0.122343E+008
  586.231        30769.9        3244.78       0.232793E-004   1045.60        7.15216        3.43579      -0.122128E+008
  605.808        30769.9        3243.30       0.234317E-004   1056.84        7.14838        3.43397      -0.121922E+008
  625.385        30769.9        3239.81       0.235547E-004   1066.44        7.13012        3.42520      -0.121701E+008
  644.962        30769.9        3238.32       0.236929E-004   1076.66        7.12627        3.42335      -0.121491E+008
  664.538        30769.9        3235.05       0.238013E-004   1085.26        7.11029        3.41567      -0.121266E+008
  684.115        30769.9        3233.54       0.239292E-004   1094.61        7.10637        3.41379      -0.121053E+008
  703.692        30769.9        3230.35       0.240263E-004   1102.39        7.09146        3.40663      -0.120823E+008
  723.269        30769.9        3225.87       0.241667E-004   1110.36        7.05502        3.38912      -0.120586E+008
  742.846        30769.9        3223.54       0.242740E-004   1118.10        7.04608        3.38483      -0.120359E+008
  762.423        30769.9        3222.00       0.244047E-004   1126.25        7.04197        3.38285      -0.120139E+008
  782.000        30769.9        3218.88       0.245884E-004   1134.02        7.02844        3.37635      -0.119901E+008
  801.577        30769.9        3216.58       0.244285E-004   1137.75        7.02081        3.37269      -0.119669E+008
  821.154        30769.9        3214.40       0.245198E-004   1144.28        7.01364        3.36924      -0.119438E+008
  840.731        30769.9        3212.86       0.246127E-004   1150.93        7.00951        3.36726      -0.119213E+008
  860.308        30769.9        3209.98       0.247030E-004   1156.85        6.99891        3.36217      -0.118971E+008
  879.885        30769.9        3208.42       0.247932E-004   1163.01        6.99474        3.36017      -0.118744E+008
  899.462        30769.9        3205.47       0.248792E-004   1168.82        6.98387        3.35494      -0.118498E+008
  919.038        30769.9        3203.25       0.249645E-004   1174.54        6.97670        3.35150      -0.118260E+008
  938.615        30769.9        3201.16       0.250482E-004   1179.72        6.97057        3.34855      -0.118024E+008
  958.192        30769.9        3199.05       0.251309E-004   1184.65        6.96401        3.34540      -0.117787E+008
  977.769        30769.9        3196.94       0.252121E-004   1189.21        6.95777        3.34241      -0.117549E+008
  997.346        30769.9        3194.83       0.252928E-004   1193.48        6.95132        3.33931      -0.117311E+008
  1016.92        30769.9        3192.73       0.253722E-004   1197.37        6.94511        3.33632      -0.117071E+008
  1036.50        30769.9        3190.62       0.254517E-004   1200.98        6.93872        3.33325      -0.116832E+008
  1056.08        30769.9        3188.54       0.255299E-004   1204.20        6.93271        3.33037      -0.116591E+008
  1075.65        30769.9        3186.51       0.256091E-004   1207.27        6.92678        3.32752      -0.116352E+008
  1095.23        30769.9        3184.40       0.256858E-004   1209.90        6.92060        3.32455      -0.116110E+008
  1114.81        30769.9        3182.39       0.257645E-004   1212.52        6.91495        3.32183      -0.115870E+008
  1134.38        30769.9        3180.31       0.258404E-004   1214.82        6.90889        3.31892      -0.115627E+008
  1153.96        30769.9        3178.33       0.259183E-004   1217.15        6.90356        3.31636      -0.115386E+008
  1173.54        30769.9        3176.27       0.259945E-004   1219.34        6.89768        3.31354      -0.115143E+008
  1193.12        30769.9        3174.24       0.260713E-004   1221.54        6.89209        3.31086      -0.114901E+008
  1212.69        30769.9        3171.77       0.261288E-004   1223.81        6.88752        3.30866      -0.114698E+008
  1232.27        30769.9        3166.35       0.258748E-004   1226.52        6.90444        3.31679      -0.114982E+008
  1251.85        30769.9        3169.85       0.254439E-004   1227.06        6.95483        3.34099      -0.115213E+008
  1271.42        30769.9        3098.69       0.378678E-004   1242.55        6.15329        2.95595      -0.115273E+008
  1291.00        30769.9        3138.80       0.383968E-004   1237.32        6.26733        3.01073      -0.115628E+008
  1310.58        30769.9        3141.36       0.395208E-004   1242.73        6.24646        3.00070      -0.115543E+008
  1330.15        30769.9        3145.96       0.408424E-004   1248.63        6.22451        2.99016      -0.115476E+008
  1349.73        30769.9        3144.40       0.420593E-004   1254.17        6.19752        2.97719      -0.115359E+008
  1369.31        30769.9        3138.42       0.432405E-004   1259.51        6.16638        2.96223      -0.115200E+008
  1388.88        30769.9        3131.99       0.445886E-004   1265.34        6.13258        2.94600      -0.115068E+008
  1408.46        30769.9        3125.04       0.461423E-004   1271.79        6.09583        2.92834      -0.114976E+008
  1428.04        30769.9        3119.15       0.479532E-004   1278.42        6.05715        2.90976      -0.114811E+008
  1447.62        30769.9        3110.74       0.501655E-004   1286.60        6.00991        2.88707      -0.114784E+008
  1467.19        30769.9        3104.54       0.528471E-004   1295.09        5.96019        2.86318      -0.114615E+008
  1486.77        30769.9        3095.73       0.563419E-004   1305.96        5.89818        2.83339      -0.114571E+008
  1506.35        30769.9        3087.07       0.611970E-004   1319.05        5.82057        2.79611      -0.114429E+008
  1525.92        30769.9        3076.53       0.685582E-004   1337.11        5.71603        2.74589      -0.114250E+008
  1545.50        30769.9        3072.10       0.798003E-004   1363.76        5.60284        2.69152      -0.113985E+008
1565.08 30769.9 3049.69 0.0001 1426.72 5.36368 2.57663 -0.113842E+008
1584.65 30769.9 3039.65 0.0001 2228.47 4.85026 2.32999 -0.113537E+008
  1604.23        30769.9        3013.08       0.168965E-004   1232.05                 NaN            NaN -0.113357E+008
  1623.81        30769.9        3012.09       0.169597E-004   1233.44        7.20795        3.46259      -0.113116E+008
  1643.38        30769.9        2980.37       0.165335E-004   1228.97        7.16695        3.44289      -0.112870E+008
  1662.96        30769.9        2960.02       0.162808E-004   1226.69                 NaN            NaN -0.112557E+008
  1682.54        30769.9        2962.77       0.167165E-004   1225.30        7.13065        3.42545      -0.112194E+008
  1702.12        30769.9        2961.80       0.167851E-004   1226.68        7.12767        3.42402      -0.111954E+008
  1721.69        30769.9        2982.20       0.183055E-004   1222.89                 NaN            NaN -0.111465E+008
  1741.27        30769.9        2981.13       0.183818E-004   1224.22                 NaN            NaN -0.111225E+008
  1760.85        30769.9        3029.72       0.214280E-004   1219.82                 NaN            NaN -0.110664E+008
  1780.42        30769.9        3028.45       0.215178E-004   1221.06                 NaN            NaN -0.110425E+008
1800.00 30769.9 3134.67 0.0001 1211.74 NaN NaN -0.109681E+008
  273.000        32052.0        3289.49       0.177305E-004   705.406        7.36056        3.53590      -0.124670E+008
  292.577        32052.0        3288.33       0.184571E-004   746.136        7.35828        3.53480      -0.124527E+008
  312.154        32052.0        3285.38       0.190922E-004   781.821        7.34295        3.52744      -0.124373E+008
  331.731        32052.0        3284.14       0.196381E-004   813.648        7.34033        3.52618      -0.124217E+008
  351.308        32052.0        3280.32       0.201197E-004   841.922        7.31862        3.51575      -0.124048E+008
  370.885        32052.0        3279.02       0.205414E-004   867.691        7.31573        3.51436      -0.123881E+008
  390.462        32052.0        3274.83       0.209160E-004   890.738        7.29116        3.50256      -0.123701E+008
  410.038        32052.0        3273.48       0.212509E-004   912.200        7.28804        3.50106      -0.123525E+008
  429.615        32052.0        3269.54       0.215487E-004   931.406        7.26531        3.49014      -0.123336E+008
  449.192        32052.0        3268.16       0.218217E-004   949.689        7.26202        3.48856      -0.123152E+008
  468.769        32052.0        3264.06       0.220631E-004   965.997        7.23806        3.47705      -0.122955E+008
  488.346        32052.0        3262.65       0.222912E-004   981.866        7.23462        3.47540      -0.122764E+008
  507.923        32052.0        3258.73       0.224853E-004   995.904        7.21203        3.46455      -0.122561E+008
  527.500        32052.0        3257.28       0.226802E-004   1009.89        7.20846        3.46283      -0.122364E+008
  547.077        32052.0        3253.63       0.228544E-004   1022.15        7.18817        3.45308      -0.122155E+008
  566.654        32052.0        3252.16       0.230245E-004   1034.63        7.18450        3.45132      -0.121953E+008
  586.231        32052.0        3248.63       0.231620E-004   1045.41        7.16544        3.44216      -0.121738E+008
  605.808        32052.0        3247.16       0.233133E-004   1056.65        7.16168        3.44036      -0.121532E+008
  625.385        32052.0        3243.69       0.234345E-004   1066.25        7.14350        3.43163      -0.121311E+008
  644.962        32052.0        3242.20       0.235716E-004   1076.47        7.13967        3.42979      -0.121102E+008
  664.538        32052.0        3238.96       0.236784E-004   1085.07        7.12376        3.42215      -0.120876E+008
  684.115        32052.0        3237.45       0.238051E-004   1094.42        7.11986        3.42027      -0.120663E+008
  703.692        32052.0        3234.29       0.239006E-004   1102.20        7.10502        3.41314      -0.120433E+008
  723.269        32052.0        3231.24       0.240424E-004   1110.03        7.07975        3.40100      -0.120199E+008
  742.846        32052.0        3227.53       0.241431E-004   1117.90        7.06003        3.39153      -0.119969E+008
  762.423        32052.0        3226.00       0.242703E-004   1126.01        7.05595        3.38957      -0.119749E+008
  782.000        32052.0        3222.89       0.244191E-004   1133.38        7.04253        3.38312      -0.119510E+008
  801.577        32052.0        3221.87       0.242986E-004   1137.35        7.04426        3.38395      -0.119283E+008
  821.154        32052.0        3218.44       0.243872E-004   1144.10        7.02773        3.37601      -0.119048E+008
  840.731        32052.0        3216.90       0.244791E-004   1150.76        7.02362        3.37404      -0.118823E+008
  860.308        32052.0        3214.03       0.245681E-004   1156.67        7.01306        3.36896      -0.118580E+008
  879.885        32052.0        3212.48       0.246575E-004   1162.83        7.00891        3.36697      -0.118353E+008
  899.462        32052.0        3209.53       0.247424E-004   1168.64        6.99807        3.36176      -0.118107E+008
  919.038        32052.0        3208.38       0.248235E-004   1174.04        6.99817        3.36181      -0.117873E+008
  938.615        32052.0        3206.23       0.249068E-004   1179.26        6.99135        3.35854      -0.117637E+008
  958.192        32052.0        3204.36       0.249864E-004   1183.99        6.98677        3.35633      -0.117400E+008
  977.769        32052.0        3202.19       0.250677E-004   1188.58        6.97983        3.35300      -0.117162E+008
  997.346        32052.0        3200.13       0.251471E-004   1192.77        6.97391        3.35016      -0.116924E+008
  1016.92        32052.0        3198.00       0.252266E-004   1196.70        6.96726        3.34696      -0.116685E+008
  1036.50        32052.0        3196.05       0.253037E-004   1200.12        6.96219        3.34453      -0.116446E+008
  1056.08        32052.0        3193.80       0.253834E-004   1203.56        6.95457        3.34087      -0.116206E+008
  1075.65        32052.0        3191.44       0.254623E-004   1206.71        6.94627        3.33688      -0.115964E+008
  1095.23        32052.0        3189.61       0.255382E-004   1209.30        6.94206        3.33486      -0.115724E+008
  1114.81        32052.0        3187.31       0.256163E-004   1212.02        6.93401        3.33099      -0.115482E+008
  1134.38        32052.0        3185.20       0.256933E-004   1214.50        6.92755        3.32789      -0.115240E+008
  1153.96        32052.0        3183.11       0.257695E-004   1216.82        6.92116        3.32482      -0.114998E+008
  1173.54        32052.0        3181.07       0.258447E-004   1219.01        6.91539        3.32205      -0.114756E+008
  1193.12        32052.0        3179.07       0.259202E-004   1221.19        6.90998        3.31945      -0.114513E+008
  1212.69        32052.0        3177.07       0.259959E-004   1223.39        6.90449        3.31681      -0.114271E+008
  1232.27        32052.0        3171.12       0.258946E-004   1226.46        6.90765        3.31833      -0.114402E+008
  1251.85        32052.0        3174.88       0.256094E-004   1228.13        6.95049        3.33891      -0.114637E+008
  1271.42        32052.0        3177.62       0.251589E-004   1228.41        7.00038        3.36287      -0.114856E+008
  1291.00        32052.0        3206.18       0.243804E-004   1224.46        7.14635        3.43300      -0.115006E+008
  1310.58        32052.0        3250.77       0.234985E-004   1219.74        7.37602        3.54333      -0.115399E+008
  1330.15        32052.0        3258.97       0.236550E-004   1223.15        7.40216        3.55588      -0.115344E+008
  1349.73        32052.0        3255.95       0.237050E-004   1225.78        7.39918        3.55445      -0.115201E+008
  1369.31        32052.0        3251.69       0.237427E-004   1228.30        7.39302        3.55149      -0.115045E+008
  1388.88        32052.0        3247.39       0.237794E-004   1230.79        7.38691        3.54856      -0.114885E+008
  1408.46        32052.0        3131.39       0.439572E-004   1267.44        6.14720        2.95302      -0.114578E+008
  1428.04        32052.0        3124.50       0.453967E-004   1273.65        6.11209        2.93615      -0.114482E+008
  1447.62        32052.0        3117.61       0.470709E-004   1280.34        6.07378        2.91775      -0.114379E+008
  1467.19        32052.0        3110.62       0.490557E-004   1287.68        6.03130        2.89735      -0.114270E+008
  1486.77        32052.0        3103.46       0.514657E-004   1295.93        5.98343        2.87435      -0.114158E+008
  1506.35        32052.0        3096.19       0.544800E-004   1305.47        5.92856        2.84799      -0.114036E+008
  1525.92        32052.0        3088.19       0.585097E-004   1317.01        5.86081        2.81544      -0.113895E+008
  1545.50        32052.0        3078.08       0.644599E-004   1332.14        5.76795        2.77083      -0.113710E+008
  1565.08        32052.0        3060.01       0.745970E-004   1354.97        5.62048        2.69999      -0.113480E+008
  1584.65        32052.0        3055.13       0.901963E-004   1391.80        5.48461        2.63472      -0.113211E+008
1604.23 32052.0 3025.76 0.0001 1505.99 5.15837 2.47800 -0.113009E+008
  1623.81        32052.0        3015.79       0.668533E-004   1233.19        8.53593        3.47148      -0.112702E+008
  1643.38        32052.0        2984.10       0.164462E-004   1228.72                 NaN            NaN -0.112452E+008
  1662.96        32052.0        2979.89       0.163806E-004   1230.83        7.18209        3.45016      -0.112244E+008
  1682.54        32052.0        2961.16       0.161497E-004   1228.55        7.15128        3.43536      -0.111910E+008
  1702.12        32052.0        2963.50       0.165720E-004   1227.05                 NaN            NaN -0.111551E+008
  1721.69        32052.0        2985.98       0.182008E-004   1222.58                 NaN            NaN -0.111049E+008
  1741.27        32052.0        2984.92       0.182762E-004   1223.90        7.14601        3.43283      -0.110809E+008
  1760.85        32052.0        3033.53       0.213026E-004   1219.45                 NaN            NaN -0.110257E+008
  1780.42        32052.0        3032.26       0.213913E-004   1220.68                 NaN            NaN -0.110018E+008
  1800.00        32052.0        3138.61       0.277098E-004   1213.38                 NaN            NaN -0.109297E+008
  273.000        33334.0        3294.10       0.176479E-004   704.962        7.38037        3.54541      -0.124284E+008
  292.577        33334.0        3292.94       0.183715E-004   745.726        7.37810        3.54432      -0.124142E+008
  312.154        33334.0        3290.53       0.190032E-004   781.443        7.36672        3.53886      -0.123989E+008
  331.731        33334.0        3289.29       0.195469E-004   813.294        7.36412        3.53761      -0.123833E+008
  351.308        33334.0        3286.17       0.200272E-004   841.599        7.34765        3.52970      -0.123666E+008
  370.885        33334.0        3284.86       0.204474E-004   867.373        7.34478        3.52832      -0.123498E+008
  390.462        33334.0        3281.53       0.208255E-004   890.455        7.32676        3.51966      -0.123320E+008
  410.038        33334.0        3280.18       0.211594E-004   911.899        7.32367        3.51818      -0.123143E+008
  429.615        33334.0        3276.43       0.214534E-004   931.149        7.30264        3.50807      -0.122955E+008
  449.192        33334.0        3275.05       0.217255E-004   949.394        7.29937        3.50650      -0.122771E+008
  468.769        33334.0        3271.32       0.219669E-004   965.744        7.27851        3.49648      -0.122574E+008
  488.346        33334.0        3269.91       0.221943E-004   981.556        7.27509        3.49484      -0.122384E+008
  507.923        33334.0        3266.04       0.223956E-004   995.665        7.25311        3.48428      -0.122180E+008
  527.500        33334.0        3264.60       0.225899E-004   1009.58        7.24957        3.48258      -0.121984E+008
  547.077        33334.0        3260.78       0.227488E-004   1021.87        7.22803        3.47224      -0.121774E+008
  566.654        33334.0        3259.32       0.229182E-004   1034.27        7.22439        3.47049      -0.121572E+008
  586.231        33334.0        3255.74       0.230551E-004   1045.10        7.20487        3.46111      -0.121357E+008
  605.808        33334.0        3254.26       0.232056E-004   1056.25        7.20114        3.45932      -0.121151E+008
  625.385        33334.0        3250.66       0.233285E-004   1065.93        7.18173        3.44999      -0.120930E+008
  644.962        33334.0        3249.17       0.234648E-004   1076.06        7.17792        3.44816      -0.120720E+008
  664.538        33334.0        3245.85       0.235691E-004   1084.69        7.16111        3.44008      -0.120495E+008
  684.115        33334.0        3244.35       0.236949E-004   1093.95        7.15723        3.43822      -0.120281E+008
  703.692        33334.0        3241.07       0.237873E-004   1101.77        7.14110        3.43047      -0.120051E+008
  723.269        33334.0        3238.70       0.238911E-004   1109.76        7.13149        3.42586      -0.119826E+008
  742.846        33334.0        3234.26       0.240232E-004   1117.37        7.09517        3.40841      -0.119587E+008
  762.423        33334.0        3232.74       0.241476E-004   1125.37        7.09112        3.40646      -0.119367E+008
  782.000        33334.0        3229.56       0.242747E-004   1132.51        7.07665        3.39951      -0.119129E+008
  801.577        33334.0        3227.20       0.241745E-004   1136.96        7.06818        3.39544      -0.118897E+008
  821.154        33334.0        3224.89       0.242458E-004   1143.26        7.05961        3.39133      -0.118664E+008
  840.731        33334.0        3223.36       0.243365E-004   1149.80        7.05553        3.38937      -0.118440E+008
  860.308        33334.0        3220.45       0.244262E-004   1155.72        7.04423        3.38394      -0.118198E+008
  879.885        33334.0        3218.91       0.245145E-004   1161.77        7.04012        3.38196      -0.117971E+008
  899.462        33334.0        3215.87       0.246001E-004   1167.61        7.02820        3.37624      -0.117725E+008
  919.038        33334.0        3213.56       0.246846E-004   1173.40        7.02014        3.37237      -0.117487E+008
  938.615        33334.0        3211.36       0.247673E-004   1178.73        7.01286        3.36887      -0.117250E+008
  958.192        33334.0        3209.57       0.248452E-004   1183.32        7.00902        3.36702      -0.117013E+008
  977.769        33334.0        3207.04       0.249287E-004   1188.13        6.99914        3.36228      -0.116775E+008
  997.346        33334.0        3204.91       0.250084E-004   1192.43        6.99227        3.35898      -0.116537E+008
  1016.92        33334.0        3202.72       0.250866E-004   1196.29        6.98539        3.35567      -0.116297E+008
  1036.50        33334.0        3200.43       0.251661E-004   1200.09        6.97721        3.35174      -0.116058E+008
  1056.08        33334.0        3198.40       0.252413E-004   1203.15        6.97168        3.34909      -0.115817E+008
  1075.65        33334.0        3196.42       0.253180E-004   1206.12        6.96619        3.34645      -0.115577E+008
  1095.23        33334.0        3194.16       0.253945E-004   1208.95        6.95848        3.34274      -0.115335E+008
  1114.81        33334.0        3192.29       0.254700E-004   1211.43        6.95383        3.34051      -0.115095E+008
  1134.38        33334.0        3189.98       0.255460E-004   1213.97        6.94582        3.33666      -0.114852E+008
  1153.96        33334.0        3187.85       0.256228E-004   1216.44        6.93899        3.33338      -0.114611E+008
  1173.54        33334.0        3185.88       0.256965E-004   1218.59        6.93371        3.33084      -0.114368E+008
  1193.12        33334.0        3183.80       0.257717E-004   1220.83        6.92777        3.32799      -0.114126E+008
  1212.69        33334.0        3181.85       0.258466E-004   1223.05        6.92225        3.32534      -0.113883E+008
  1232.27        33334.0        3176.87       0.258347E-004   1225.97        6.91924        3.32390      -0.113869E+008
  1251.85        33334.0        3171.56       0.256677E-004   1229.02        6.93037        3.32924      -0.114102E+008
  1271.42        33334.0        3186.92       0.250825E-004   1227.41        7.02432        3.37438      -0.114301E+008
  1291.00        33334.0        3189.14       0.248502E-004   1229.41        7.05935        3.39120      -0.114516E+008
  1310.58        33334.0        3242.17       0.237067E-004   1222.38        7.32273        3.51772      -0.114938E+008
  1330.15        33334.0        3261.80       0.235492E-004   1223.50        7.41778        3.56339      -0.115081E+008
  1349.73        33334.0        3257.63       0.235851E-004   1226.00        7.41148        3.56036      -0.114922E+008
  1369.31        33334.0        3253.33       0.236199E-004   1228.51        7.40522        3.55735      -0.114765E+008
  1388.88        33334.0        3249.27       0.236555E-004   1230.92        7.39953        3.55462      -0.114589E+008
  1408.46        33334.0        3244.87       0.236857E-004   1233.41        7.39320        3.55158      -0.114429E+008
  1428.04        33334.0        3240.48       0.237212E-004   1235.86        7.38715        3.54867      -0.114267E+008
  1447.62        33334.0        3235.34       0.237770E-004   1238.52        7.38002        3.54525      -0.114163E+008
  1467.19        33334.0        3230.29       0.238354E-004   1241.12        7.37297        3.54186      -0.114054E+008
  1486.77        33334.0        3225.25       0.238961E-004   1243.65        7.36595        3.53849      -0.113942E+008
  1506.35        33334.0        3220.28       0.239604E-004   1246.10        7.35889        3.53510      -0.113823E+008
  1525.92        33334.0        3096.65       0.528827E-004   1305.38        5.95614        2.86124      -0.113495E+008
  1545.50        33334.0        3089.33       0.562820E-004   1315.75        5.89672        2.83269      -0.113352E+008
  1565.08        33334.0        3079.56       0.612379E-004   1328.78        5.81290        2.79243      -0.113162E+008
  1584.65        33334.0        3075.69       0.676520E-004   1345.38        5.73269        2.75390      -0.112900E+008
  1604.23        33334.0        3055.10       0.801967E-004   1374.91        5.56716        2.67438      -0.112734E+008
1623.81 33334.0 3049.74 0.0001 1428.14 5.40046 2.59430 -0.112460E+008
1643.38 33334.0 3018.37 0.0001 1752.44 4.92431 2.36556 -0.112200E+008
  1662.96        33334.0        2983.61       0.162945E-004   1230.58                 NaN            NaN -0.111826E+008
  1682.54        33334.0        2979.32       0.162330E-004   1232.57        7.19669        3.45718      -0.111610E+008
  1702.12        33334.0        2962.67       0.160434E-004   1230.27        7.16948        3.44411      -0.111258E+008
  1721.69        33334.0        2964.87       0.164599E-004   1228.72                 NaN            NaN -0.110901E+008
  1741.27        33334.0        2963.91       0.165264E-004   1230.04        7.16383        3.44139      -0.110660E+008
  1760.85        33334.0        2983.29       0.180011E-004   1225.99        7.16482        3.44187      -0.110177E+008
  1780.42        33334.0        2982.23       0.180752E-004   1227.25        7.16162        3.44033      -0.109937E+008
  1800.00        33334.0        3028.46       0.210098E-004   1222.70                 NaN            NaN -0.109408E+008
  273.000        34616.0        3297.66       0.175695E-004   704.537        7.39251        3.55125      -0.123897E+008
  292.577        34616.0        3296.50       0.182897E-004   745.332        7.39025        3.55016      -0.123755E+008
  312.154        34616.0        3294.11       0.189180E-004   781.079        7.37893        3.54472      -0.123602E+008
  331.731        34616.0        3292.87       0.194591E-004   812.955        7.37634        3.54348      -0.123446E+008
  351.308        34616.0        3289.77       0.199364E-004   841.283        7.35997        3.53561      -0.123279E+008
  370.885        34616.0        3288.47       0.203544E-004   867.076        7.35711        3.53424      -0.123111E+008
  390.462        34616.0        3285.16       0.207300E-004   890.175        7.33918        3.52563      -0.122933E+008
  410.038        34616.0        3283.81       0.210620E-004   911.634        7.33611        3.52415      -0.122756E+008
  429.615        34616.0        3280.09       0.213536E-004   930.897        7.31518        3.51410      -0.122567E+008
  449.192        34616.0        3278.71       0.216243E-004   949.153        7.31193        3.51254      -0.122383E+008
  468.769        34616.0        3275.01       0.218634E-004   965.514        7.29117        3.50257      -0.122187E+008
  488.346        34616.0        3273.60       0.220894E-004   981.334        7.28777        3.50093      -0.121996E+008
  507.923        34616.0        3269.76       0.222887E-004   995.451        7.26589        3.49042      -0.121792E+008
  527.500        34616.0        3268.33       0.224817E-004   1009.37        7.26237        3.48873      -0.121596E+008
  547.077        34616.0        3264.53       0.226387E-004   1021.67        7.24095        3.47844      -0.121386E+008
  566.654        34616.0        3263.08       0.228069E-004   1034.07        7.23732        3.47670      -0.121184E+008
  586.231        34616.0        3259.52       0.229420E-004   1044.91        7.21789        3.46736      -0.120969E+008
  605.808        34616.0        3258.05       0.230914E-004   1056.06        7.21419        3.46558      -0.120763E+008
  625.385        34616.0        3254.47       0.232126E-004   1065.74        7.19486        3.45630      -0.120541E+008
  644.962        34616.0        3252.99       0.233479E-004   1075.87        7.19108        3.45448      -0.120332E+008
  664.538        34616.0        3249.69       0.234505E-004   1084.51        7.17433        3.44644      -0.120106E+008
  684.115        34616.0        3248.20       0.235753E-004   1093.77        7.17048        3.44459      -0.119893E+008
  703.692        34616.0        3244.94       0.236661E-004   1101.58        7.15442        3.43687      -0.119662E+008
  723.269        34616.0        3244.02       0.237729E-004   1109.39        7.15608        3.43767      -0.119442E+008
  742.846        34616.0        3241.65       0.238734E-004   1117.04        7.14644        3.43304      -0.119215E+008
  762.423        34616.0        3237.24       0.240052E-004   1124.39        7.11031        3.41568      -0.118974E+008
  782.000        34616.0        3235.72       0.241543E-004   1132.39        7.10621        3.41371      -0.118753E+008
  801.577        34616.0        3232.53       0.240536E-004   1136.55        7.09223        3.40699      -0.118512E+008
  821.154        34616.0        3230.19       0.241167E-004   1142.74        7.08328        3.40270      -0.118279E+008
  840.731        34616.0        3227.96       0.242023E-004   1148.98        7.07535        3.39889      -0.118046E+008
  860.308        34616.0        3224.44       0.242960E-004   1155.54        7.05815        3.39063      -0.117808E+008
  879.885        34616.0        3222.91       0.243834E-004   1161.59        7.05406        3.38866      -0.117582E+008
  899.462        34616.0        3219.89       0.244679E-004   1167.43        7.04218        3.38295      -0.117336E+008
  919.038        34616.0        3218.78       0.245479E-004   1172.70        7.04253        3.38312      -0.117102E+008
  938.615        34616.0        3216.48       0.246302E-004   1178.19        7.03445        3.37924      -0.116864E+008
  958.192        34616.0        3214.75       0.247071E-004   1182.69        7.03095        3.37756      -0.116627E+008
  977.769        34616.0        3212.70       0.247853E-004   1187.06        7.02498        3.37469      -0.116389E+008
  997.346        34616.0        3210.57       0.248638E-004   1191.24        7.01829        3.37148      -0.116152E+008
  1016.92        34616.0        3208.41       0.249418E-004   1195.11        7.01131        3.36813      -0.115913E+008
  1036.50        34616.0        3206.50       0.250168E-004   1198.41        7.00648        3.36580      -0.115674E+008
  1056.08        34616.0        3204.06       0.250962E-004   1201.98        6.99720        3.36135      -0.115434E+008
  1075.65        34616.0        3201.60       0.251742E-004   1205.26        6.98786        3.35686      -0.115192E+008
  1095.23        34616.0        3199.24       0.252509E-004   1208.22        6.97945        3.35282      -0.114950E+008
  1114.81        34616.0        3197.24       0.253259E-004   1210.78        6.97388        3.35015      -0.114709E+008
  1134.38        34616.0        3195.16       0.254018E-004   1213.36        6.96717        3.34692      -0.114468E+008
  1153.96        34616.0        3192.61       0.254784E-004   1216.03        6.95713        3.34210      -0.114224E+008
  1173.54        34616.0        3190.76       0.255505E-004   1218.08        6.95318        3.34020      -0.113982E+008
  1193.12        34616.0        3188.57       0.256253E-004   1220.43        6.94595        3.33673      -0.113739E+008
  1212.69        34616.0        3186.62       0.256994E-004   1222.68        6.94019        3.33396      -0.113496E+008
  1232.27        34616.0        3182.66       0.257324E-004   1225.40        6.93468        3.33131      -0.113384E+008
  1251.85        34616.0        3179.63       0.253904E-004   1227.56        6.96632        3.34651      -0.113739E+008
  1271.42        34616.0        3178.09       0.254347E-004   1231.05        6.96978        3.34817      -0.113781E+008
  1291.00        34616.0        3184.17       0.250716E-004   1232.01        7.02530        3.37485      -0.114046E+008
  1310.58        34616.0        3206.66       0.245028E-004   1229.87        7.14065        3.43026      -0.114205E+008
  1330.15        34616.0        3263.57       0.234374E-004   1223.73        7.43024        3.56937      -0.114803E+008
  1349.73        34616.0        3259.36       0.234713E-004   1226.23        7.42383        3.56629      -0.114643E+008
  1369.31        34616.0        3255.35       0.235087E-004   1228.65        7.41822        3.56360      -0.114469E+008
  1388.88        34616.0        3251.21       0.235317E-004   1231.04        7.41214        3.56068      -0.114288E+008
  1408.46        34616.0        3247.71       0.235592E-004   1233.28        7.40650        3.55797      -0.114072E+008
  1428.04        34616.0        3242.62       0.235920E-004   1235.92        7.39975        3.55473      -0.113958E+008
  1447.62        34616.0        3238.17       0.236277E-004   1238.36        7.39359        3.55177      -0.113797E+008
  1467.19        34616.0        3233.14       0.236799E-004   1240.95        7.38655        3.54839      -0.113684E+008
  1486.77        34616.0        3228.24       0.237511E-004   1243.48        7.37971        3.54510      -0.113575E+008
  1506.35        34616.0        3223.23       0.237910E-004   1245.94        7.37266        3.54171      -0.113442E+008
  1525.92        34616.0        3218.34       0.238499E-004   1248.32        7.36569        3.53836      -0.113313E+008
  1545.50        34616.0        3213.50       0.239122E-004   1250.62        7.35865        3.53498      -0.113176E+008
  1565.08        34616.0        3208.63       0.239788E-004   1252.83        7.35140        3.53150      -0.113034E+008
  1584.65        34616.0        3203.05       0.240439E-004   1254.26        7.34324        3.52758      -0.112857E+008
  1604.23        34616.0        3196.59       0.241121E-004   1255.20        7.33398        3.52313      -0.112662E+008
  1623.81        34616.0        3189.21       0.241863E-004   1255.77        7.32332        3.51801      -0.112455E+008
  1643.38        34616.0        3042.24       0.891720E-004   1401.28        5.46915        2.62729      -0.111915E+008
1662.96 34616.0 3023.64 0.0001 1496.72 5.20274 2.49932 -0.111632E+008
  1682.54        34616.0        2997.61       0.283749E-004   1236.27        7.28788        3.50099      -0.111283E+008
  1702.12        34616.0        2978.70       0.160880E-004   1234.22        7.21073        3.46392      -0.110969E+008
  1721.69        34616.0        2964.63       0.159612E-004   1231.94        7.18770        3.45286      -0.110602E+008
  1741.27        34616.0        2966.80       0.163789E-004   1230.33        7.18488        3.45151      -0.110246E+008
  1760.85        34616.0        2987.04       0.178991E-004   1225.68                 NaN            NaN -0.109761E+008
  1780.42        34616.0        2985.99       0.179724E-004   1226.93        7.18072        3.44950      -0.109521E+008
  1800.00        34616.0        3032.23       0.208880E-004   1222.33                 NaN            NaN -0.109001E+008
  273.000        35898.1        3301.79       0.174895E-004   704.109        7.40895        3.55914      -0.123512E+008
  292.577        35898.1        3300.64       0.182065E-004   744.935        7.40670        3.55806      -0.123370E+008
  312.154        35898.1        3298.54       0.188311E-004   780.716        7.39759        3.55369      -0.123218E+008
  331.731        35898.1        3297.31       0.193698E-004   812.611        7.39502        3.55245      -0.123062E+008
  351.308        35898.1        3294.95       0.198510E-004   840.969        7.38411        3.54721      -0.122896E+008
  370.885        35898.1        3293.66       0.202675E-004   866.766        7.38127        3.54585      -0.122729E+008
  390.462        35898.1        3290.62       0.206332E-004   889.900        7.36555        3.53829      -0.122550E+008
  410.038        35898.1        3289.28       0.209639E-004   911.343        7.36249        3.53683      -0.122374E+008
  429.615        35898.1        3286.12       0.212591E-004   930.645        7.34586        3.52884      -0.122186E+008
  449.192        35898.1        3284.74       0.215287E-004   948.866        7.34263        3.52728      -0.122002E+008
  468.769        35898.1        3281.30       0.217673E-004   965.270        7.32397        3.51832      -0.121806E+008
  488.346        35898.1        3279.90       0.219924E-004   981.037        7.32060        3.51670      -0.121616E+008
  507.923        35898.1        3276.48       0.221899E-004   995.181        7.30221        3.50787      -0.121412E+008
  527.500        35898.1        3275.06       0.223821E-004   1009.03        7.29871        3.50619      -0.121216E+008
  547.077        35898.1        3271.47       0.225427E-004   1021.38        7.27909        3.49676      -0.121006E+008
  566.654        35898.1        3270.02       0.227101E-004   1033.69        7.27549        3.49503      -0.120805E+008
  586.231        35898.1        3266.39       0.228470E-004   1044.60        7.25552        3.48544      -0.120589E+008
  605.808        35898.1        3264.92       0.229957E-004   1055.66        7.25183        3.48367      -0.120383E+008
  625.385        35898.1        3261.33       0.231074E-004   1065.35        7.23226        3.47427      -0.120161E+008
  644.962        35898.1        3259.85       0.232419E-004   1075.38        7.22851        3.47246      -0.119952E+008
  664.538        35898.1        3256.51       0.233450E-004   1084.07        7.21130        3.46419      -0.119726E+008
  684.115        35898.1        3255.01       0.234689E-004   1093.22        7.20747        3.46236      -0.119513E+008
  703.692        35898.1        3251.69       0.235567E-004   1101.06        7.19064        3.45427      -0.119282E+008
  723.269        35898.1        3250.19       0.236740E-004   1109.47        7.18675        3.45240      -0.119066E+008
  742.846        35898.1        3246.95       0.237552E-004   1116.62        7.17086        3.44477      -0.118831E+008
  762.423        35898.1        3242.56       0.238822E-004   1123.92        7.13477        3.42743      -0.118589E+008
  782.000        35898.1        3240.20       0.240032E-004   1131.29        7.12516        3.42281      -0.118359E+008
  801.577        35898.1        3236.46       0.239351E-004   1136.46        7.10591        3.41357      -0.118123E+008
  821.154        35898.1        3235.51       0.239930E-004   1142.22        7.10729        3.41423      -0.117894E+008
  840.731        35898.1        3233.21       0.240704E-004   1148.36        7.09863        3.41007      -0.117661E+008
  860.308        35898.1        3230.97       0.241586E-004   1154.45        7.09054        3.40618      -0.117428E+008
  879.885        35898.1        3229.44       0.242451E-004   1160.37        7.08648        3.40424      -0.117201E+008
  899.462        35898.1        3226.37       0.243301E-004   1166.22        7.07381        3.39815      -0.116956E+008
  919.038        35898.1        3224.02       0.244134E-004   1171.95        7.06526        3.39404      -0.116718E+008
  938.615        35898.1        3221.66       0.244952E-004   1177.60        7.05662        3.38989      -0.116478E+008
  958.192        35898.1        3219.45       0.245754E-004   1182.41        7.04914        3.38630      -0.116242E+008
  977.769        35898.1        3217.23       0.246546E-004   1186.92        7.04166        3.38271      -0.116004E+008
  997.346        35898.1        3215.01       0.247323E-004   1191.13        7.03413        3.37909      -0.115766E+008
  1016.92        35898.1        3212.78       0.248099E-004   1195.03        7.02658        3.37546      -0.115526E+008
  1036.50        35898.1        3210.60       0.248863E-004   1198.64        7.01939        3.37201      -0.115287E+008
  1056.08        35898.1        3208.33       0.249623E-004   1201.96        7.01165        3.36829      -0.115046E+008
  1075.65        35898.1        3206.15       0.250376E-004   1205.01        7.00450        3.36485      -0.114805E+008
  1095.23        35898.1        3203.93       0.251124E-004   1207.85        6.99715        3.36132      -0.114564E+008
  1114.81        35898.1        3201.89       0.251870E-004   1210.48        6.99092        3.35833      -0.114323E+008
  1134.38        35898.1        3199.63       0.252609E-004   1213.02        6.98328        3.35466      -0.114080E+008
  1153.96        35898.1        3198.24       0.253313E-004   1214.88        6.98284        3.35445      -0.113842E+008
  1173.54        35898.1        3195.42       0.254083E-004   1217.77        6.97015        3.34835      -0.113595E+008
  1193.12        35898.1        3193.37       0.254817E-004   1220.06        6.96399        3.34539      -0.113353E+008
  1212.69        35898.1        3191.32       0.255550E-004   1222.32        6.95781        3.34243      -0.113110E+008
  1232.27        35898.1        3188.04       0.256072E-004   1224.89        6.95158        3.33943      -0.112944E+008
  1251.85        35898.1        3180.49       0.255460E-004   1228.59        6.94912        3.33825      -0.113120E+008
  1271.42        35898.1        3183.38       0.251778E-004   1230.15        6.99858        3.36201      -0.113472E+008
  1291.00        35898.1        3177.73       0.252167E-004   1233.62        6.99034        3.35805      -0.113489E+008
  1310.58        35898.1        3192.33       0.248211E-004   1233.46        7.07116        3.39688      -0.113695E+008
  1330.15        35898.1        3233.36       0.240584E-004   1229.34        7.26258        3.48883      -0.113968E+008
  1349.73        35898.1        3261.15       0.233625E-004   1226.47        7.43622        3.57225      -0.114366E+008
  1369.31        35898.1        3256.99       0.233935E-004   1228.92        7.42994        3.56923      -0.114199E+008
  1388.88        35898.1        3253.88       0.234358E-004   1231.14        7.42461        3.56667      -0.113983E+008
  1408.46        35898.1        3248.78       0.234494E-004   1233.70        7.41792        3.56345      -0.113847E+008
  1428.04        35898.1        3246.28       0.234753E-004   1235.64        7.41353        3.56134      -0.113565E+008
  1447.62        35898.1        3240.62       0.234986E-004   1238.35        7.40651        3.55797      -0.113470E+008
  1467.19        35898.1        3236.04       0.235363E-004   1240.79        7.40015        3.55492      -0.113318E+008
  1486.77        35898.1        3231.10       0.235860E-004   1243.31        7.39321        3.55158      -0.113195E+008
  1506.35        35898.1        3226.91       0.236498E-004   1245.52        7.38679        3.54850      -0.113028E+008
  1525.92        35898.1        3221.45       0.236893E-004   1248.14        7.37950        3.54500      -0.112931E+008
  1545.50        35898.1        3216.76       0.237507E-004   1250.43        7.37269        3.54173      -0.112789E+008
  1565.08        35898.1        3211.90       0.238002E-004   1252.69        7.36568        3.53836      -0.112644E+008
  1584.65        35898.1        3207.14       0.238596E-004   1254.84        7.35851        3.53491      -0.112491E+008
  1604.23        35898.1        3201.82       0.239171E-004   1256.47        7.35061        3.53112      -0.112316E+008
  1623.81        35898.1        3195.35       0.239702E-004   1257.39        7.34140        3.52670      -0.112116E+008
  1643.38        35898.1        3187.88       0.240231E-004   1257.96        7.33072        3.52156      -0.111903E+008
  1662.96        35898.1        3179.16       0.240749E-004   1258.07        7.31785        3.51538      -0.111673E+008
  1682.54        35898.1        3168.99       0.241217E-004   1257.64        7.30163        3.50759      -0.111423E+008
  1702.12        35898.1        3157.05       0.241602E-004   1256.55        7.28028        3.49733      -0.111144E+008
  1721.69        35898.1        2977.90       0.159405E-004   1235.77        7.22407        3.47033      -0.110320E+008
  1741.27        35898.1        2966.93       0.159008E-004   1233.53        7.20588        3.46159      -0.109945E+008
  1760.85        35898.1        2969.19       0.163266E-004   1231.84        7.20297        3.46019      -0.109588E+008
  1780.42        35898.1        2968.24       0.163916E-004   1233.10        7.20008        3.45881      -0.109347E+008
  1800.00        35898.1        2987.98       0.179003E-004   1228.77        7.20016        3.45885      -0.108872E+008
  273.000        37180.1        3305.32       0.174130E-004   703.688        7.42096        3.56491      -0.123126E+008
  292.577        37180.1        3304.17       0.181266E-004   744.547        7.41872        3.56384      -0.122984E+008
  312.154        37180.1        3302.09       0.187481E-004   780.355        7.40966        3.55949      -0.122832E+008
  331.731        37180.1        3300.86       0.192842E-004   812.275        7.40710        3.55826      -0.122676E+008
  351.308        37180.1        3298.51       0.197627E-004   840.655        7.39624        3.55304      -0.122510E+008
  370.885        37180.1        3297.22       0.201771E-004   866.473        7.39342        3.55168      -0.122342E+008
  390.462        37180.1        3294.20       0.205404E-004   889.623        7.37778        3.54417      -0.122164E+008
  410.038        37180.1        3292.87       0.208694E-004   911.081        7.37474        3.54271      -0.121988E+008
  429.615        37180.1        3289.72       0.211624E-004   930.396        7.35819        3.53476      -0.121800E+008
  449.192        37180.1        3288.35       0.214305E-004   948.629        7.35497        3.53322      -0.121616E+008
  468.769        37180.1        3284.94       0.216671E-004   965.042        7.33642        3.52430      -0.121420E+008
  488.346        37180.1        3283.54       0.218908E-004   980.818        7.33306        3.52269      -0.121229E+008
  507.923        37180.1        3280.15       0.220865E-004   994.969        7.31476        3.51390      -0.121026E+008
  527.500        37180.1        3278.72       0.222775E-004   1008.82        7.31128        3.51223      -0.120830E+008
  547.077        37180.1        3275.17       0.224363E-004   1021.18        7.29175        3.50285      -0.120619E+008
  566.654        37180.1        3273.72       0.226026E-004   1033.49        7.28818        3.50113      -0.120418E+008
  586.231        37180.1        3270.11       0.227378E-004   1044.40        7.26830        3.49158      -0.120202E+008
  605.808        37180.1        3268.65       0.228855E-004   1055.47        7.26463        3.48982      -0.119996E+008
  625.385        37180.1        3265.08       0.229955E-004   1065.17        7.24516        3.48046      -0.119774E+008
  644.962        37180.1        3263.61       0.231290E-004   1075.20        7.24142        3.47866      -0.119565E+008
  664.538        37180.1        3260.29       0.232305E-004   1083.88        7.22429        3.47044      -0.119339E+008
  684.115        37180.1        3258.80       0.233535E-004   1093.04        7.22048        3.46861      -0.119125E+008
  703.692        37180.1        3255.50       0.234397E-004   1100.87        7.20373        3.46056      -0.118895E+008
  723.269        37180.1        3254.01       0.235558E-004   1109.29        7.19986        3.45870      -0.118678E+008
  742.846        37180.1        3250.78       0.236353E-004   1116.43        7.18405        3.45110      -0.118443E+008
  762.423        37180.1        3249.86       0.237369E-004   1123.51        7.18549        3.45180      -0.118219E+008
  782.000        37180.1        3245.51       0.238749E-004   1130.69        7.14961        3.43456      -0.117975E+008
  801.577        37180.1        3243.15       0.238308E-004   1135.79        7.14055        3.43021      -0.117743E+008
  821.154        37180.1        3241.63       0.238915E-004   1142.06        7.13666        3.42834      -0.117520E+008
  840.731        37180.1        3238.51       0.239407E-004   1147.68        7.12249        3.42153      -0.117277E+008
  860.308        37180.1        3234.91       0.240329E-004   1154.28        7.10423        3.41276      -0.117039E+008
  879.885        37180.1        3233.38       0.241186E-004   1160.20        7.10020        3.41083      -0.116813E+008
  899.462        37180.1        3230.32       0.242024E-004   1166.04        7.08757        3.40476      -0.116567E+008
  919.038        37180.1        3229.25       0.242813E-004   1171.16        7.08807        3.40500      -0.116334E+008
  938.615        37180.1        3226.88       0.243624E-004   1176.81        7.07925        3.40076      -0.116095E+008
  958.192        37180.1        3224.61       0.244422E-004   1181.75        7.07123        3.39691      -0.115857E+008
  977.769        37180.1        3222.39       0.245205E-004   1186.21        7.06357        3.39323      -0.115620E+008
  997.346        37180.1        3220.23       0.245969E-004   1190.27        7.05667        3.38991      -0.115381E+008
  1016.92        37180.1        3217.86       0.246748E-004   1194.31        7.04782        3.38566      -0.115142E+008
  1036.50        37180.1        3215.69       0.247500E-004   1197.82        7.04072        3.38225      -0.114903E+008
  1056.08        37180.1        3213.34       0.248260E-004   1201.26        7.03220        3.37816      -0.114662E+008
  1075.65        37180.1        3211.19       0.249000E-004   1204.25        7.02528        3.37484      -0.114421E+008
  1095.23        37180.1        3208.86       0.249748E-004   1207.22        7.01696        3.37084      -0.114179E+008
  1114.81        37180.1        3206.76       0.250480E-004   1209.84        7.01039        3.36768      -0.113938E+008
  1134.38        37180.1        3204.89       0.251211E-004   1212.26        7.00544        3.36530      -0.113698E+008
  1153.96        37180.1        3202.42       0.251949E-004   1214.90        6.99625        3.36089      -0.113454E+008
  1173.54        37180.1        3200.72       0.252656E-004   1216.96        6.99297        3.35931      -0.113213E+008
  1193.12        37180.1        3198.09       0.253404E-004   1219.66        6.98199        3.35404      -0.112967E+008
  1212.69        37180.1        3196.06       0.254127E-004   1221.93        6.97595        3.35114      -0.112725E+008
  1232.27        37180.1        3192.98       0.254709E-004   1224.47        6.96915        3.34787      -0.112540E+008
  1251.85        37180.1        3185.08       0.254290E-004   1228.29        6.96415        3.34547      -0.112701E+008
  1271.42        37180.1        3186.00       0.252036E-004   1230.40        6.99631        3.36092      -0.112924E+008
  1291.00        37180.1        3178.93       0.252049E-004   1234.05        6.98840        3.35712      -0.113014E+008
  1310.58        37180.1        3185.33       0.249773E-004   1235.49        7.03449        3.37926      -0.113189E+008
  1330.15        37180.1        3211.56       0.244931E-004   1234.10        7.15756        3.43838      -0.113430E+008
  1349.73        37180.1        3263.08       0.232572E-004   1226.68        7.44876        3.57827      -0.114084E+008
  1369.31        37180.1        3260.02       0.233014E-004   1228.92        7.44315        3.57557      -0.113871E+008
  1388.88        37180.1        3255.78       0.233324E-004   1231.35        7.43711        3.57267      -0.113708E+008
  1408.46        37180.1        3251.72       0.233289E-004   1233.52        7.43177        3.57011      -0.113480E+008
  1428.04        37180.1        3248.33       0.233550E-004   1235.72        7.42613        3.56740      -0.113260E+008
  1447.62        37180.1        3242.95       0.233862E-004   1238.39        7.41938        3.56415      -0.113161E+008
  1467.19        37180.1        3238.90       0.234046E-004   1240.67        7.41356        3.56136      -0.112965E+008
  1486.77        37180.1        3234.21       0.234473E-004   1243.12        7.40691        3.55816      -0.112822E+008
  1506.35        37180.1        3229.39       0.235004E-004   1245.57        7.40011        3.55490      -0.112694E+008
  1525.92        37180.1        3224.58       0.235455E-004   1247.96        7.39326        3.55161      -0.112556E+008
  1545.50        37180.1        3220.68       0.236003E-004   1249.95        7.38683        3.54852      -0.112356E+008
  1565.08        37180.1        3215.19       0.236457E-004   1252.51        7.37971        3.54510      -0.112261E+008
  1584.65        37180.1        3210.54       0.236922E-004   1254.69        7.37283        3.54179      -0.112102E+008
  1604.23        37180.1        3205.86       0.237453E-004   1256.78        7.36574        3.53839      -0.111939E+008
  1623.81        37180.1        3200.89       0.237978E-004   1258.60        7.35812        3.53473      -0.111763E+008
  1643.38        37180.1        3194.44       0.238379E-004   1259.51        7.34897        3.53033      -0.111557E+008
  1662.96        37180.1        3186.90       0.238732E-004   1260.06        7.33825        3.52518      -0.111339E+008
  1682.54        37180.1        3185.41       0.239382E-004   1261.46        7.33408        3.52318      -0.111092E+008
  1702.12        37180.1        3167.45       0.239133E-004   1259.82        7.30892        3.51109      -0.110846E+008
  1721.69        37180.1        3154.83       0.239033E-004   1258.81        7.28712        3.50062      -0.110556E+008
  1741.27        37180.1        3139.60       0.238563E-004   1257.17        7.25693        3.48612      -0.110218E+008
  1760.85        37180.1        3132.89       0.240410E-004   1254.95        7.24043        3.47819      -0.109838E+008
  1780.42        37180.1        3134.15       0.244773E-004   1252.52        7.23604        3.47608      -0.109458E+008
  1800.00        37180.1        2979.16       0.169698E-004   1231.64                 NaN            NaN -0.108570E+008
  273.000        38462.2        3309.15       0.173347E-004   703.270        7.43529        3.57180      -0.122741E+008
  292.577        38462.2        3308.01       0.180452E-004   744.158        7.43306        3.57073      -0.122599E+008
  312.154        38462.2        3306.11       0.186636E-004   780.001        7.42533        3.56702      -0.122447E+008
  331.731        38462.2        3304.88       0.191973E-004   811.940        7.42279        3.56579      -0.122291E+008
  351.308        38462.2        3302.89       0.196657E-004   840.349        7.41465        3.56188      -0.122126E+008
  370.885        38462.2        3301.60       0.200781E-004   866.168        7.41185        3.56054      -0.121959E+008
  390.462        38462.2        3299.10       0.204486E-004   889.353        7.39997        3.55483      -0.121782E+008
  410.038        38462.2        3297.77       0.207761E-004   910.799        7.39695        3.55338      -0.121606E+008
  429.615        38462.2        3294.99       0.210685E-004   930.148        7.38320        3.54677      -0.121419E+008
  449.192        38462.2        3293.63       0.213354E-004   948.350        7.38000        3.54524      -0.121235E+008
  468.769        38462.2        3290.63       0.215720E-004   964.796        7.36465        3.53786      -0.121039E+008
  488.346        38462.2        3289.23       0.217949E-004   980.524        7.36132        3.53626      -0.120849E+008
  507.923        38462.2        3286.01       0.219886E-004   994.713        7.34439        3.52813      -0.120645E+008
  527.500        38462.2        3284.59       0.221787E-004   1008.50        7.34093        3.52647      -0.120449E+008
  547.077        38462.2        3281.46       0.223405E-004   1020.88        7.32479        3.51872      -0.120240E+008
  566.654        38462.2        3280.02       0.225061E-004   1033.12        7.32124        3.51701      -0.120039E+008
  586.231        38462.2        3276.49       0.226380E-004   1044.06        7.30201        3.50777      -0.119822E+008
  605.808        38462.2        3275.03       0.227849E-004   1055.04        7.29837        3.50602      -0.119617E+008
  625.385        38462.2        3271.74       0.229012E-004   1064.76        7.28117        3.49776      -0.119395E+008
  644.962        38462.2        3270.27       0.230339E-004   1074.69        7.27746        3.49598      -0.119186E+008
  664.538        38462.2        3266.85       0.231225E-004   1083.37        7.25934        3.48727      -0.118959E+008
  684.115        38462.2        3265.37       0.232446E-004   1092.41        7.25556        3.48546      -0.118746E+008
  703.692        38462.2        3262.14       0.233329E-004   1100.27        7.23927        3.47763      -0.118516E+008
  723.269        38462.2        3260.65       0.234481E-004   1108.57        7.23543        3.47579      -0.118299E+008
  742.846        38462.2        3257.42       0.235239E-004   1115.71        7.21930        3.46804      -0.118064E+008
  762.423        38462.2        3255.92       0.236393E-004   1123.42        7.21538        3.46616      -0.117845E+008
  782.000        38462.2        3252.74       0.237268E-004   1130.16        7.19983        3.45869      -0.117606E+008
  801.577        38462.2        3248.44       0.242911E-004   1142.23        7.16374        3.44135      -0.117360E+008
  821.154        38462.2        3246.10       0.237507E-004   1141.05        7.15551        3.43739      -0.117127E+008
  840.731        38462.2        3243.78       0.238151E-004   1146.99        7.14633        3.43299      -0.116893E+008
  860.308        38462.2        3241.53       0.239002E-004   1152.99        7.13788        3.42893      -0.116660E+008
  879.885        38462.2        3240.01       0.239850E-004   1158.77        7.13389        3.42701      -0.116433E+008
  899.462        38462.2        3236.90       0.240693E-004   1164.62        7.12039        3.42052      -0.116189E+008
  919.038        38462.2        3235.37       0.241513E-004   1169.89        7.11637        3.41859      -0.115960E+008
  938.615        38462.2        3232.12       0.242319E-004   1175.92        7.10216        3.41177      -0.115712E+008
  958.192        38462.2        3229.79       0.243111E-004   1181.03        7.09358        3.40765      -0.115474E+008
  977.769        38462.2        3227.51       0.243891E-004   1185.49        7.08536        3.40370      -0.115236E+008
  997.346        38462.2        3225.22       0.244661E-004   1189.67        7.07716        3.39976      -0.114998E+008
  1016.92        38462.2        3222.92       0.245423E-004   1193.56        7.06896        3.39582      -0.114759E+008
  1036.50        38462.2        3220.63       0.246175E-004   1197.18        7.06080        3.39190      -0.114519E+008
  1056.08        38462.2        3218.33       0.246922E-004   1200.55        7.05264        3.38798      -0.114278E+008
  1075.65        38462.2        3216.05       0.247661E-004   1203.67        7.04465        3.38414      -0.114037E+008
  1095.23        38462.2        3213.77       0.248396E-004   1206.59        7.03666        3.38030      -0.113796E+008
  1114.81        38462.2        3211.54       0.249125E-004   1209.32        7.02908        3.37666      -0.113554E+008
  1134.38        38462.2        3209.31       0.249851E-004   1211.93        7.02149        3.37301      -0.113311E+008
  1153.96        38462.2        3207.05       0.250580E-004   1214.50        7.01360        3.36922      -0.113069E+008
  1173.54        38462.2        3204.96       0.251294E-004   1216.86        7.00716        3.36613      -0.112826E+008
  1193.12        38462.2        3202.85       0.252012E-004   1219.22        7.00042        3.36290      -0.112583E+008
  1212.69        38462.2        3200.74       0.252728E-004   1221.54        6.99368        3.35966      -0.112340E+008
  1232.27        38462.2        3197.43       0.253293E-004   1224.16        6.98662        3.35626      -0.112166E+008
  1251.85        38462.2        3189.65       0.253138E-004   1227.98        6.97906        3.35263      -0.112283E+008
  1271.42        38462.2        3184.96       0.252536E-004   1231.25        6.98284        3.35445      -0.112407E+008
  1291.00        38462.2        3180.21       0.251890E-004   1234.47        6.98685        3.35637      -0.112542E+008
  1310.58        38462.2        3193.39       0.248592E-004   1234.82        7.06016        3.39159      -0.112755E+008
  1330.15        38462.2        3198.43       0.247140E-004   1236.90        7.09731        3.40944      -0.112914E+008
  1349.73        38462.2        3226.38       0.240448E-004   1233.54        7.24178        3.47884      -0.113085E+008
  1369.31        38462.2        3260.97       0.231839E-004   1229.30        7.45491        3.58122      -0.113629E+008
  1388.88        38462.2        3257.90       0.232247E-004   1231.49        7.44956        3.57865      -0.113412E+008
  1408.46        38462.2        3253.03       0.232340E-004   1233.97        7.44289        3.57545      -0.113259E+008
  1428.04        38462.2        3249.75       0.232542E-004   1236.05        7.43818        3.57319      -0.113018E+008
  1447.62        38462.2        3245.20       0.232763E-004   1238.50        7.43157        3.57001      -0.112863E+008
  1467.19        38462.2        3241.29       0.232942E-004   1240.72        7.42613        3.56740      -0.112657E+008
  1486.77        38462.2        3237.19       0.233158E-004   1242.97        7.42050        3.56469      -0.112461E+008
  1506.35        38462.2        3232.48       0.233600E-004   1245.38        7.41376        3.56145      -0.112320E+008
  1525.92        38462.2        3227.70       0.234039E-004   1247.78        7.40694        3.55818      -0.112181E+008
  1545.50        38462.2        3223.13       0.234494E-004   1250.06        7.40032        3.55500      -0.112029E+008
  1565.08        38462.2        3218.47       0.234945E-004   1252.32        7.39362        3.55178      -0.111878E+008
  1584.65        38462.2        3213.89       0.235516E-004   1254.46        7.38679        3.54850      -0.111720E+008
  1604.23        38462.2        3209.33       0.235870E-004   1256.61        7.38006        3.54526      -0.111552E+008
  1623.81        38462.2        3205.64       0.236389E-004   1258.42        7.37324        3.54199      -0.111328E+008
  1643.38        38462.2        3200.09       0.236834E-004   1260.60        7.36564        3.53834      -0.111201E+008
  1662.96        38462.2        3193.73       0.237131E-004   1261.54        7.35655        3.53397      -0.110990E+008
  1682.54        38462.2        3186.18       0.237332E-004   1262.09        7.34585        3.52883      -0.110765E+008
  1702.12        38462.2        3171.05       0.237945E-004   1259.55        7.32229        3.51752      -0.110458E+008
  1721.69        38462.2        3166.24       0.237215E-004   1261.86        7.31610        3.51454      -0.110259E+008
  1741.27        38462.2        3164.77       0.237869E-004   1263.10        7.31189        3.51252      -0.110012E+008
  1760.85        38462.2        3136.94       0.235603E-004   1259.40        7.26301        3.48904      -0.109610E+008
  1780.42        38462.2        3131.32       0.237371E-004   1257.31        7.25067        3.48311      -0.109235E+008
  1800.00        38462.2        3131.20       0.241042E-004   1255.04        7.24581        3.48078      -0.108863E+008
  273.000        39744.2        3312.66       0.172599E-004   702.853        7.44719        3.57752      -0.122356E+008
  292.577        39744.2        3311.51       0.179672E-004   743.775        7.44497        3.57645      -0.122214E+008
  312.154        39744.2        3309.62       0.185825E-004   779.645        7.43728        3.57276      -0.122062E+008
  331.731        39744.2        3308.40       0.191136E-004   811.608        7.43475        3.57154      -0.121906E+008
  351.308        39744.2        3306.42       0.195796E-004   840.040        7.42665        3.56765      -0.121741E+008
  370.885        39744.2        3305.14       0.199900E-004   865.877        7.42386        3.56631      -0.121574E+008
  390.462        39744.2        3302.65       0.203582E-004   889.080        7.41204        3.56063      -0.121397E+008
  410.038        39744.2        3301.32       0.206840E-004   910.540        7.40904        3.55919      -0.121220E+008
  429.615        39744.2        3298.56       0.209745E-004   929.903        7.39535        3.55261      -0.121033E+008
  449.192        39744.2        3297.20       0.212400E-004   948.116        7.39217        3.55109      -0.120850E+008
  468.769        39744.2        3294.22       0.214747E-004   964.571        7.37690        3.54375      -0.120654E+008
  488.346        39744.2        3292.83       0.216963E-004   980.308        7.37358        3.54215      -0.120463E+008
  507.923        39744.2        3289.63       0.218883E-004   994.504        7.35674        3.53406      -0.120260E+008
  527.500        39744.2        3288.21       0.220773E-004   1008.30        7.35330        3.53241      -0.120064E+008
  547.077        39744.2        3285.10       0.222375E-004   1020.68        7.33724        3.52470      -0.119854E+008
  566.654        39744.2        3283.67       0.224020E-004   1032.93        7.33370        3.52300      -0.119653E+008
  586.231        39744.2        3280.16       0.225323E-004   1043.87        7.31456        3.51380      -0.119436E+008
  605.808        39744.2        3278.71       0.226782E-004   1054.85        7.31094        3.51206      -0.119231E+008
  625.385        39744.2        3275.44       0.227930E-004   1064.58        7.29383        3.50384      -0.119009E+008
  644.962        39744.2        3273.97       0.229248E-004   1074.51        7.29014        3.50207      -0.118800E+008
  664.538        39744.2        3270.58       0.230119E-004   1083.19        7.27211        3.49341      -0.118573E+008
  684.115        39744.2        3269.10       0.231330E-004   1092.24        7.26835        3.49160      -0.118360E+008
  703.692        39744.2        3265.90       0.232199E-004   1100.09        7.25213        3.48381      -0.118129E+008
  723.269        39744.2        3264.41       0.233340E-004   1108.39        7.24832        3.48198      -0.117913E+008
  742.846        39744.2        3261.20       0.234082E-004   1115.52        7.23226        3.47426      -0.117678E+008
  762.423        39744.2        3259.70       0.235218E-004   1123.22        7.22837        3.47240      -0.117459E+008
  782.000        39744.2        3256.54       0.236045E-004   1129.92        7.21290        3.46496      -0.117219E+008
  801.577        39744.2        3253.70       0.238581E-004   1137.87        7.18826        3.45313      -0.116978E+008
  821.154        39744.2        3251.38       0.236323E-004   1140.41        7.17968        3.44901      -0.116744E+008
  840.731        39744.2        3249.07       0.236941E-004   1146.28        7.17046        3.44458      -0.116510E+008
  860.308        39744.2        3245.41       0.237789E-004   1152.82        7.15136        3.43540      -0.116273E+008
  879.885        39744.2        3243.90       0.238628E-004   1158.60        7.14739        3.43349      -0.116046E+008
  899.462        39744.2        3240.80       0.239459E-004   1164.45        7.13392        3.42703      -0.115802E+008
  919.038        39744.2        3239.28       0.240272E-004   1169.71        7.12993        3.42511      -0.115573E+008
  938.615        39744.2        3236.04       0.241065E-004   1175.75        7.11576        3.41830      -0.115324E+008
  958.192        39744.2        3235.01       0.241821E-004   1180.23        7.11633        3.41858      -0.115091E+008
  977.769        39744.2        3232.70       0.242595E-004   1184.64        7.10786        3.41451      -0.114853E+008
  997.346        39744.2        3230.48       0.243348E-004   1188.65        7.10032        3.41089      -0.114615E+008
  1016.92        39744.2        3228.04       0.244116E-004   1192.71        7.09065        3.40624      -0.114376E+008
  1036.50        39744.2        3225.77       0.244856E-004   1196.24        7.08277        3.40245      -0.114136E+008
  1056.08        39744.2        3223.36       0.245603E-004   1199.74        7.07359        3.39804      -0.113896E+008
  1075.65        39744.2        3221.12       0.246330E-004   1202.80        7.06588        3.39434      -0.113655E+008
  1095.23        39744.2        3218.73       0.247064E-004   1205.87        7.05694        3.39005      -0.113413E+008
  1114.81        39744.2        3216.54       0.247782E-004   1208.57        7.04962        3.38653      -0.113171E+008
  1134.38        39744.2        3214.62       0.248494E-004   1211.05        7.04425        3.38395      -0.112931E+008
  1153.96        39744.2        3212.14       0.249217E-004   1213.78        7.03474        3.37938      -0.112687E+008
  1173.54        39744.2        3210.44       0.249909E-004   1215.90        7.03123        3.37769      -0.112446E+008
  1193.12        39744.2        3208.04       0.250627E-004   1218.47        7.02232        3.37341      -0.112202E+008
  1212.69        39744.2        3205.78       0.251338E-004   1220.92        7.01442        3.36962      -0.111957E+008
  1232.27        39744.2        3201.43       0.251852E-004   1223.96        7.00383        3.36453      -0.111817E+008
  1251.85        39744.2        3193.68       0.251802E-004   1227.79        6.99522        3.36039      -0.111916E+008
  1271.42        39744.2        3188.77       0.251162E-004   1231.12        6.99922        3.36232      -0.112056E+008
  1291.00        39744.2        3183.27       0.251024E-004   1234.48        6.99601        3.36078      -0.112123E+008
  1310.58        39744.2        3185.72       0.250068E-004   1236.88        7.02134        3.37294      -0.112238E+008
  1330.15        39744.2        3195.98       0.247619E-004   1237.96        7.08089        3.40155      -0.112437E+008
  1349.73        39744.2        3210.31       0.243714E-004   1237.37        7.16301        3.44100      -0.112582E+008
  1369.31        39744.2        3263.10       0.230838E-004   1229.47        7.46754        3.58729      -0.113339E+008
  1388.88        39744.2        3259.14       0.231089E-004   1231.80        7.46140        3.58434      -0.113155E+008
  1408.46        39744.2        3256.87       0.231237E-004   1233.61        7.45713        3.58229      -0.112852E+008
  1428.04        39744.2        3252.47       0.231401E-004   1235.97        7.45126        3.57947      -0.112676E+008
  1447.62        39744.2        3247.90       0.231673E-004   1238.44        7.44496        3.57644      -0.112527E+008
  1467.19        39744.2        3243.77       0.231881E-004   1240.75        7.43876        3.57347      -0.112347E+008
  1486.77        39744.2        3239.90       0.232022E-004   1242.93        7.43346        3.57092      -0.112132E+008
  1506.35        39744.2        3235.50       0.232315E-004   1245.24        7.42730        3.56796      -0.111959E+008
  1525.92        39744.2        3230.90       0.232755E-004   1247.59        7.42064        3.56476      -0.111812E+008
  1545.50        39744.2        3227.09       0.233359E-004   1249.63        7.41446        3.56179      -0.111620E+008
  1565.08        39744.2        3221.75       0.233602E-004   1252.13        7.40741        3.55841      -0.111502E+008
  1584.65        39744.2        3217.31       0.234133E-004   1254.24        7.40084        3.55525      -0.111338E+008
  1604.23        39744.2        3212.74       0.234456E-004   1256.42        7.39412        3.55202      -0.111170E+008
  1623.81        39744.2        3208.23       0.234981E-004   1258.41        7.38704        3.54862      -0.110995E+008
  1643.38        39744.2        3203.73       0.235317E-004   1260.44        7.38025        3.54536      -0.110814E+008
  1662.96        39744.2        3199.20       0.235692E-004   1262.36        7.37303        3.54189      -0.110624E+008
  1682.54        39744.2        3193.22       0.235943E-004   1263.50        7.36421        3.53765      -0.110414E+008
  1702.12        39744.2        3185.66       0.236010E-004   1264.05        7.35349        3.53250      -0.110184E+008
  1721.69        39744.2        3169.83       0.236043E-004   1261.59        7.32940        3.52093      -0.109871E+008
  1741.27        39744.2        3168.37       0.236689E-004   1262.83        7.32521        3.51892      -0.109623E+008
  1760.85        39744.2        3140.58       0.234382E-004   1259.12        7.27670        3.49561      -0.109218E+008
  1780.42        39744.2        3134.66       0.232881E-004   1261.47        7.26896        3.49189      -0.108992E+008
  1800.00        39744.2        3130.52       0.234760E-004   1259.49        7.26110        3.48812      -0.108625E+008
  273.000        41026.2        3316.41       0.171851E-004   702.439        7.46101        3.58415      -0.121971E+008
  292.577        41026.2        3315.27       0.178892E-004   743.388        7.45880        3.58309      -0.121830E+008
  312.154        41026.2        3313.53       0.185047E-004   779.292        7.45219        3.57992      -0.121678E+008
  331.731        41026.2        3312.32       0.190336E-004   811.275        7.44967        3.57870      -0.121522E+008
  351.308        41026.2        3310.36       0.194977E-004   839.744        7.44172        3.57489      -0.121357E+008
  370.885        41026.2        3309.08       0.199063E-004   865.590        7.43894        3.57355      -0.121190E+008
  390.462        41026.2        3307.11       0.202680E-004   888.813        7.43108        3.56978      -0.121015E+008
  410.038        41026.2        3305.79       0.205924E-004   910.263        7.42809        3.56834      -0.120838E+008
  429.615        41026.2        3303.36       0.208817E-004   929.653        7.41692        3.56297      -0.120652E+008
  449.192        41026.2        3302.00       0.211460E-004   947.843        7.41376        3.56146      -0.120468E+008
  468.769        41026.2        3299.35       0.213803E-004   964.324        7.40102        3.55534      -0.120273E+008
  488.346        41026.2        3297.97       0.216008E-004   980.020        7.39773        3.55375      -0.120083E+008
  507.923        41026.2        3295.13       0.217926E-004   994.236        7.38364        3.54699      -0.119880E+008
  527.500        41026.2        3293.71       0.219807E-004   1007.98        7.38022        3.54534      -0.119684E+008
  547.077        41026.2        3290.73       0.221392E-004   1020.39        7.36513        3.53809      -0.119474E+008
  566.654        41026.2        3289.30       0.223029E-004   1032.56        7.36162        3.53641      -0.119273E+008
  586.231        41026.2        3286.22       0.224342E-004   1043.50        7.34592        3.52887      -0.119058E+008
  605.808        41026.2        3284.78       0.225793E-004   1054.40        7.34232        3.52714      -0.118852E+008
  625.385        41026.2        3281.59       0.226901E-004   1064.13        7.32583        3.51921      -0.118631E+008
  644.962        41026.2        3280.13       0.228211E-004   1073.96        7.32216        3.51745      -0.118421E+008
  664.538        41026.2        3277.06       0.229178E-004   1082.66        7.30680        3.51007      -0.118195E+008
  684.115        41026.2        3275.59       0.230382E-004   1091.60        7.30307        3.50828      -0.117982E+008
  703.692        41026.2        3272.35       0.231146E-004   1099.42        7.28637        3.50026      -0.117751E+008
  723.269        41026.2        3270.86       0.232278E-004   1107.60        7.28258        3.49844      -0.117535E+008
  742.846        41026.2        3267.74       0.232989E-004   1114.69        7.26695        3.49093      -0.117300E+008
  762.423        41026.2        3266.24       0.234109E-004   1122.27        7.26309        3.48907      -0.117081E+008
  782.000        41026.2        3263.12       0.234873E-004   1128.88        7.24770        3.48168      -0.116841E+008
  801.577        41026.2        3260.82       0.236575E-004   1136.52        7.23790        3.47697      -0.116610E+008
  821.154        41026.2        3256.62       0.235154E-004   1139.73        7.20381        3.46060      -0.116362E+008
  840.731        41026.2        3254.34       0.235745E-004   1145.52        7.19461        3.45618      -0.116128E+008
  860.308        41026.2        3252.06       0.236514E-004   1151.36        7.18569        3.45189      -0.115894E+008
  879.885        41026.2        3250.55       0.237344E-004   1156.99        7.18176        3.45000      -0.115668E+008
  899.462        41026.2        3247.43       0.238176E-004   1162.83        7.16764        3.44322      -0.115424E+008
  919.038        41026.2        3245.92       0.238980E-004   1167.93        7.16368        3.44132      -0.115196E+008
  938.615        41026.2        3242.65       0.239776E-004   1173.96        7.14884        3.43419      -0.114948E+008
  958.192        41026.2        3240.23       0.240555E-004   1179.34        7.13932        3.42962      -0.114709E+008
  977.769        41026.2        3237.86       0.241325E-004   1183.76        7.13025        3.42526      -0.114471E+008
  997.346        41026.2        3235.49       0.242084E-004   1187.91        7.12124        3.42093      -0.114233E+008
  1016.92        41026.2        3233.12       0.242835E-004   1191.83        7.11223        3.41660      -0.113994E+008
  1036.50        41026.2        3230.75       0.243575E-004   1195.48        7.10332        3.41233      -0.113754E+008
  1056.08        41026.2        3228.37       0.244309E-004   1198.91        7.09442        3.40805      -0.113514E+008
  1075.65        41026.2        3226.02       0.245035E-004   1202.11        7.08577        3.40389      -0.113273E+008
  1095.23        41026.2        3223.66       0.245756E-004   1205.14        7.07712        3.39974      -0.113031E+008
  1114.81        41026.2        3221.35       0.246471E-004   1207.98        7.06878        3.39573      -0.112789E+008
  1134.38        41026.2        3219.03       0.247182E-004   1210.71        7.06045        3.39173      -0.112546E+008
  1153.96        41026.2        3216.78       0.247891E-004   1213.32        7.05254        3.38793      -0.112303E+008
  1173.54        41026.2        3214.53       0.248592E-004   1215.83        7.04475        3.38419      -0.112060E+008
  1193.12        41026.2        3212.92       0.249276E-004   1217.92        7.04179        3.38277      -0.111819E+008
  1212.69        41026.2        3210.16       0.249995E-004   1220.68        7.03006        3.37713      -0.111572E+008
  1232.27        41026.2        3205.12       0.250412E-004   1223.83        7.02088        3.37272      -0.111485E+008
  1251.85        41026.2        3197.70       0.250486E-004   1227.61        7.01128        3.36811      -0.111550E+008
  1271.42        41026.2        3192.05       0.250333E-004   1231.07        7.00822        3.36664      -0.111624E+008
  1291.00        41026.2        3186.34       0.250161E-004   1234.48        7.00516        3.36517      -0.111704E+008
  1310.58        41026.2        3187.66       0.249258E-004   1236.97        7.02715        3.37573      -0.111818E+008
  1330.15        41026.2        3189.16       0.248266E-004   1239.42        7.05066        3.38703      -0.111949E+008
  1349.73        41026.2        3201.40       0.245441E-004   1239.77        7.11831        3.41952      -0.112098E+008
  1369.31        41026.2        3224.50       0.239236E-004   1236.85        7.24760        3.48164      -0.112278E+008
  1388.88        41026.2        3261.39       0.230103E-004   1231.94        7.47404        3.59041      -0.112859E+008
  1408.46        41026.2        3257.58       0.230324E-004   1234.19        7.46812        3.58757      -0.112662E+008
  1428.04        41026.2        3255.07       0.230433E-004   1236.02        7.46390        3.58554      -0.112367E+008
  1447.62        41026.2        3250.07       0.230699E-004   1238.61        7.45685        3.58215      -0.112248E+008
  1467.19        41026.2        3246.32       0.230843E-004   1240.75        7.45193        3.57979      -0.112025E+008
  1486.77        41026.2        3242.49       0.230983E-004   1242.94        7.44613        3.57700      -0.111818E+008
  1506.35        41026.2        3238.66       0.231089E-004   1245.07        7.44094        3.57451      -0.111595E+008
  1525.92        41026.2        3234.08       0.231488E-004   1247.41        7.43427        3.57131      -0.111443E+008
  1545.50        41026.2        3229.59       0.231886E-004   1249.69        7.42772        3.56816      -0.111284E+008
  1565.08        41026.2        3225.02       0.232279E-004   1251.94        7.42112        3.56499      -0.111127E+008
  1584.65        41026.2        3220.62       0.232676E-004   1254.09        7.41464        3.56188      -0.110957E+008
  1604.23        41026.2        3216.14       0.233066E-004   1256.23        7.40808        3.55873      -0.110789E+008
  1623.81        41026.2        3211.79       0.233455E-004   1258.26        7.40144        3.55554      -0.110608E+008
  1643.38        41026.2        3207.36       0.233836E-004   1260.27        7.39471        3.55230      -0.110428E+008
  1662.96        41026.2        3202.95       0.234209E-004   1262.17        7.38761        3.54890      -0.110234E+008
  1682.54        41026.2        3198.41       0.234572E-004   1264.06        7.38038        3.54542      -0.110042E+008
  1702.12        41026.2        3192.88       0.234801E-004   1265.39        7.37190        3.54135      -0.109829E+008
  1721.69        41026.2        3185.30       0.234744E-004   1265.93        7.36110        3.53616      -0.109594E+008
  1741.27        41026.2        3183.84       0.235363E-004   1267.27        7.35702        3.53420      -0.109346E+008
  1760.85        41026.2        3164.75       0.233763E-004   1265.72        7.33062        3.52152      -0.109061E+008
  1780.42        41026.2        3150.56       0.232489E-004   1264.86        7.30737        3.51035      -0.108742E+008
  1800.00        41026.2        3134.48       0.230809E-004   1263.39        7.27848        3.49647      -0.108370E+008
  273.000        42308.3        3319.88       0.171119E-004   702.029        7.47280        3.58982      -0.121587E+008
  292.577        42308.3        3318.75       0.178128E-004   743.008        7.47060        3.58876      -0.121445E+008
  312.154        42308.3        3317.02       0.184254E-004   778.940        7.46402        3.58560      -0.121294E+008
  331.731        42308.3        3315.81       0.189518E-004   810.948        7.46151        3.58439      -0.121138E+008
  351.308        42308.3        3313.86       0.194135E-004   839.437        7.45360        3.58060      -0.120973E+008
  370.885        42308.3        3312.59       0.198201E-004   865.303        7.45083        3.57927      -0.120806E+008
  390.462        42308.3        3310.63       0.201798E-004   888.543        7.44301        3.57551      -0.120630E+008
  410.038        42308.3        3309.31       0.205026E-004   910.008        7.44004        3.57408      -0.120454E+008
  429.615        42308.3        3306.89       0.207901E-004   929.411        7.42892        3.56874      -0.120268E+008
  449.192        42308.3        3305.54       0.210530E-004   947.612        7.42578        3.56723      -0.120084E+008
  468.769        42308.3        3302.91       0.212856E-004   964.103        7.41310        3.56114      -0.119889E+008
  488.346        42308.3        3301.52       0.215049E-004   979.806        7.40982        3.55956      -0.119698E+008
  507.923        42308.3        3298.70       0.216951E-004   994.030        7.39580        3.55283      -0.119496E+008
  527.500        42308.3        3297.29       0.218821E-004   1007.78        7.39240        3.55120      -0.119300E+008
  547.077        42308.3        3294.33       0.220392E-004   1020.19        7.37739        3.54398      -0.119090E+008
  566.654        42308.3        3292.90       0.222018E-004   1032.37        7.37389        3.54230      -0.118889E+008
  586.231        42308.3        3289.85       0.223317E-004   1043.31        7.35827        3.53480      -0.118673E+008
  605.808        42308.3        3288.40       0.224758E-004   1054.21        7.35469        3.53308      -0.118468E+008
  625.385        42308.3        3285.24       0.225853E-004   1063.95        7.33828        3.52520      -0.118246E+008
  644.962        42308.3        3283.78       0.227153E-004   1073.79        7.33463        3.52344      -0.118037E+008
  664.538        42308.3        3280.73       0.228107E-004   1082.48        7.31934        3.51610      -0.117810E+008
  684.115        42308.3        3279.26       0.229302E-004   1091.42        7.31563        3.51432      -0.117597E+008
  703.692        42308.3        3276.05       0.230053E-004   1099.24        7.29901        3.50633      -0.117366E+008
  723.269        42308.3        3274.57       0.231174E-004   1107.43        7.29524        3.50452      -0.117150E+008
  742.846        42308.3        3271.46       0.231870E-004   1114.51        7.27969        3.49705      -0.116914E+008
  762.423        42308.3        3269.97       0.232975E-004   1122.08        7.27585        3.49521      -0.116695E+008
  782.000        42308.3        3266.87       0.233705E-004   1128.66        7.26054        3.48785      -0.116456E+008
  801.577        42308.3        3265.99       0.235118E-004   1135.45        7.26181        3.48846      -0.116228E+008
  821.154        42308.3        3263.72       0.233816E-004   1139.10        7.25367        3.48455      -0.115995E+008
  840.731        42308.3        3259.59       0.234563E-004   1144.71        7.21879        3.46780      -0.115746E+008
  860.308        42308.3        3255.89       0.235342E-004   1151.19        7.19894        3.45826      -0.115508E+008
  879.885        42308.3        3254.39       0.236164E-004   1156.82        7.19503        3.45638      -0.115282E+008
  899.462        42308.3        3251.28       0.236984E-004   1162.66        7.18096        3.44962      -0.115038E+008
  919.038        42308.3        3249.77       0.237781E-004   1167.76        7.17702        3.44773      -0.114810E+008
  938.615        42308.3        3246.52       0.238564E-004   1173.79        7.16222        3.44062      -0.114562E+008
  958.192        42308.3        3245.46       0.239311E-004   1178.33        7.16253        3.44077      -0.114328E+008
  977.769        42308.3        3243.07       0.240075E-004   1182.72        7.15316        3.43627      -0.114090E+008
  997.346        42308.3        3240.77       0.240817E-004   1186.69        7.14484        3.43227      -0.113852E+008
  1016.92        42308.3        3238.23       0.241573E-004   1190.83        7.13419        3.42715      -0.113613E+008
  1036.50        42308.3        3235.88       0.242302E-004   1194.41        7.12547        3.42296      -0.113373E+008
  1056.08        42308.3        3233.41       0.243034E-004   1197.98        7.11565        3.41825      -0.113133E+008
  1075.65        42308.3        3231.08       0.243749E-004   1201.15        7.10716        3.41417      -0.112892E+008
  1095.23        42308.3        3228.63       0.244468E-004   1204.32        7.09765        3.40960      -0.112650E+008
  1114.81        42308.3        3226.35       0.245172E-004   1207.16        7.08954        3.40571      -0.112408E+008
  1134.38        42308.3        3224.05       0.245879E-004   1209.98        7.08116        3.40168      -0.112165E+008
  1153.96        42308.3        3221.94       0.246573E-004   1212.49        7.07437        3.39842      -0.111923E+008
  1173.54        42308.3        3220.10       0.247253E-004   1214.77        7.06968        3.39616      -0.111682E+008
  1193.12        42308.3        3217.09       0.247970E-004   1217.79        7.05605        3.38962      -0.111434E+008
  1212.69        42308.3        3214.88       0.248661E-004   1220.22        7.04851        3.38599      -0.111190E+008
  1232.27        42308.3        3208.55       0.248978E-004   1223.76        7.03776        3.38083      -0.111165E+008
  1251.85        42308.3        3201.27       0.249113E-004   1227.52        7.02758        3.37594      -0.111215E+008
  1271.42        42308.3        3195.50       0.248940E-004   1231.02        7.02470        3.37456      -0.111297E+008
  1291.00        42308.3        3189.74       0.249027E-004   1234.43        7.01809        3.37138      -0.111325E+008
  1310.58        42308.3        3188.88       0.248729E-004   1237.30        7.02860        3.37643      -0.111386E+008
  1330.15        42308.3        3193.36       0.247457E-004   1239.40        7.06313        3.39302      -0.111538E+008
  1349.73        42308.3        3197.06       0.246150E-004   1241.23        7.09463        3.40815      -0.111634E+008
  1369.31        42308.3        3210.38       0.242136E-004   1240.23        7.17461        3.44657      -0.111731E+008
  1388.88        42308.3        3263.22       0.229241E-004   1232.15        7.48414        3.59526      -0.112556E+008
  1408.46        42308.3        3260.11       0.229343E-004   1234.24        7.48099        3.59375      -0.112349E+008
  1428.04        42308.3        3257.24       0.229505E-004   1236.19        7.47640        3.59155      -0.112084E+008
  1447.62        42308.3        3253.19       0.229608E-004   1238.41        7.47080        3.58886      -0.111879E+008
  1467.19        42308.3        3249.28       0.229964E-004   1240.72        7.46499        3.58606      -0.111705E+008
  1486.77        42308.3        3245.15       0.229984E-004   1242.93        7.45888        3.58313      -0.111500E+008
  1506.35        42308.3        3241.38       0.230072E-004   1245.04        7.45368        3.58063      -0.111274E+008
  1525.92        42308.3        3237.24       0.230287E-004   1247.25        7.44784        3.57783      -0.111079E+008
  1545.50        42308.3        3232.72       0.230666E-004   1249.53        7.44127        3.57467      -0.110921E+008
  1565.08        42308.3        3228.29       0.231058E-004   1251.75        7.43478        3.57155      -0.110757E+008
  1584.65        42308.3        3223.95       0.231478E-004   1253.88        7.42849        3.56853      -0.110587E+008
  1604.23        42308.3        3219.52       0.231802E-004   1256.03        7.42186        3.56535      -0.110414E+008
  1623.81        42308.3        3215.20       0.232215E-004   1258.05        7.41530        3.56219      -0.110233E+008
  1643.38        42308.3        3210.87       0.232522E-004   1260.07        7.40876        3.55905      -0.110047E+008
  1662.96        42308.3        3206.50       0.232885E-004   1261.96        7.40176        3.55569      -0.109853E+008
  1682.54        42308.3        3202.15       0.233199E-004   1263.88        7.39498        3.55243      -0.109658E+008
  1702.12        42308.3        3197.73       0.233477E-004   1265.70        7.38778        3.54898      -0.109453E+008
  1721.69        42308.3        3192.65       0.233690E-004   1267.21        7.37954        3.54502      -0.109238E+008
  1741.27        42308.3        3185.08       0.233525E-004   1267.74        7.36872        3.53982      -0.108998E+008
  1760.85        42308.3        3183.62       0.234134E-004   1269.06        7.36467        3.53788      -0.108750E+008
  1780.42        42308.3        3164.26       0.232165E-004   1267.54        7.33781        3.52497      -0.108450E+008
  1800.00        42308.3        3149.58       0.230555E-004   1266.67        7.31393        3.51350      -0.108121E+008
  273.000        43590.3        3323.48       0.170382E-004   701.622        7.48557        3.59595      -0.121203E+008
  292.577        43590.3        3322.35       0.177361E-004   742.630        7.48339        3.59490      -0.121062E+008
  312.154        43590.3        3320.88       0.183414E-004   778.592        7.47875        3.59267      -0.120911E+008
  331.731        43590.3        3319.67       0.188655E-004   810.616        7.47625        3.59147      -0.120755E+008
  351.308        43590.3        3318.09       0.193280E-004   839.132        7.47104        3.58897      -0.120591E+008
  370.885        43590.3        3316.82       0.197328E-004   865.000        7.46828        3.58765      -0.120424E+008
  390.462        43590.3        3314.78       0.200909E-004   888.276        7.45982        3.58358      -0.120248E+008
  410.038        43590.3        3313.46       0.204121E-004   909.736        7.45686        3.58216      -0.120072E+008
  429.615        43590.3        3311.32       0.206985E-004   929.162        7.44777        3.57779      -0.119886E+008
  449.192        43590.3        3309.97       0.209602E-004   947.344        7.44464        3.57629      -0.119703E+008
  468.769        43590.3        3307.62       0.211919E-004   963.853        7.43416        3.57126      -0.119508E+008
  488.346        43590.3        3306.25       0.214102E-004   979.525        7.43090        3.56969      -0.119318E+008
  507.923        43590.3        3303.72       0.215999E-004   993.760        7.41917        3.56406      -0.119116E+008
  527.500        43590.3        3302.32       0.217859E-004   1007.46        7.41580        3.56243      -0.118920E+008
  547.077        43590.3        3299.64       0.219425E-004   1019.88        7.40302        3.55630      -0.118711E+008
  566.654        43590.3        3298.22       0.221043E-004   1032.00        7.39954        3.55463      -0.118510E+008
  586.231        43590.3        3295.42       0.222341E-004   1042.94        7.38587        3.54806      -0.118294E+008
  605.808        43590.3        3293.98       0.223775E-004   1053.77        7.38231        3.54635      -0.118089E+008
  625.385        43590.3        3291.12       0.224871E-004   1063.48        7.36833        3.53963      -0.117868E+008
  644.962        43590.3        3289.67       0.226163E-004   1073.23        7.36470        3.53789      -0.117659E+008
  664.538        43590.3        3286.72       0.227065E-004   1081.89        7.35008        3.53087      -0.117432E+008
  684.115        43590.3        3285.25       0.228251E-004   1090.74        7.34640        3.52910      -0.117219E+008
  703.692        43590.3        3282.31       0.229070E-004   1098.54        7.33196        3.52216      -0.116988E+008
  723.269        43590.3        3280.83       0.230183E-004   1106.62        7.32821        3.52036      -0.116773E+008
  742.846        43590.3        3277.80       0.230782E-004   1113.60        7.31308        3.51309      -0.116537E+008
  762.423        43590.3        3276.32       0.231873E-004   1121.03        7.30928        3.51127      -0.116318E+008
  782.000        43590.3        3273.35       0.232552E-004   1127.50        7.29476        3.50429      -0.116079E+008
  801.577        43590.3        3271.85       0.234033E-004   1134.86        7.29074        3.50236      -0.115857E+008
  821.154        43590.3        3268.87       0.232696E-004   1138.34        7.27741        3.49596      -0.115614E+008
  840.731        43590.3        3264.81       0.233390E-004   1143.85        7.24286        3.47936      -0.115365E+008
  860.308        43590.3        3262.56       0.234120E-004   1149.55        7.23387        3.47504      -0.115131E+008
  879.885        43590.3        3261.06       0.234934E-004   1155.02        7.23000        3.47318      -0.114906E+008
  899.462        43590.3        3257.94       0.235752E-004   1160.82        7.21540        3.46617      -0.114662E+008
  919.038        43590.3        3256.44       0.236541E-004   1165.74        7.21150        3.46429      -0.114434E+008
  938.615        43590.3        3253.17       0.237324E-004   1171.75        7.19610        3.45689      -0.114187E+008
  958.192        43590.3        3250.72       0.238090E-004   1177.16        7.18611        3.45210      -0.113947E+008
  977.769        43590.3        3248.25       0.238849E-004   1181.60        7.17597        3.44723      -0.113710E+008
  997.346        43590.3        3245.78       0.239596E-004   1185.79        7.16601        3.44244      -0.113472E+008
  1016.92        43590.3        3243.31       0.240336E-004   1189.78        7.15604        3.43765      -0.113233E+008
  1036.50        43590.3        3240.86       0.241063E-004   1193.50        7.14641        3.43302      -0.112993E+008
  1056.08        43590.3        3238.42       0.241784E-004   1197.03        7.13677        3.42839      -0.112753E+008
  1075.65        43590.3        3236.00       0.242496E-004   1200.34        7.12743        3.42391      -0.112511E+008
  1095.23        43590.3        3233.57       0.243203E-004   1203.50        7.11808        3.41941      -0.112269E+008
  1114.81        43590.3        3231.21       0.243897E-004   1206.41        7.10934        3.41522      -0.112027E+008
  1134.38        43590.3        3228.79       0.244600E-004   1209.34        7.10003        3.41074      -0.111784E+008
  1153.96        43590.3        3226.59       0.245289E-004   1211.99        7.09250        3.40712      -0.111541E+008
  1173.54        43590.3        3224.09       0.245971E-004   1214.69        7.08282        3.40248      -0.111296E+008
  1193.12        43590.3        3221.85       0.246666E-004   1217.27        7.07492        3.39868      -0.111053E+008
  1212.69        43590.3        3219.07       0.247306E-004   1219.90        7.06656        3.39467      -0.110836E+008
  1232.27        43590.3        3211.96       0.247536E-004   1223.71        7.05521        3.38922      -0.110857E+008
  1251.85        43590.3        3204.82       0.247761E-004   1227.44        7.04379        3.38373      -0.110880E+008
  1271.42        43590.3        3199.00       0.247839E-004   1230.93        7.03739        3.38065      -0.110911E+008
  1291.00        43590.3        3193.14       0.247907E-004   1234.37        7.03094        3.37755      -0.110946E+008
  1310.58        43590.3        3191.52       0.247616E-004   1237.30        7.03942        3.38163      -0.111008E+008
  1330.15        43590.3        3189.91       0.247289E-004   1240.19        7.04836        3.38592      -0.111080E+008
  1349.73        43590.3        3195.59       0.246183E-004   1242.11        7.08445        3.40326      -0.111193E+008
  1369.31        43590.3        3203.16       0.243488E-004   1242.31        7.13702        3.42851      -0.111256E+008
  1388.88        43590.3        3224.94       0.237597E-004   1239.66        7.26437        3.48969      -0.111487E+008
  1408.46        43590.3        3262.36       0.228402E-004   1234.38        7.49354        3.59978      -0.112057E+008
  1428.04        43590.3        3259.46       0.228638E-004   1236.39        7.48852        3.59737      -0.111810E+008
  1447.62        43590.3        3255.03       0.228745E-004   1238.71        7.48222        3.59434      -0.111632E+008
  1467.19        43590.3        3251.85       0.228778E-004   1240.65        7.47787        3.59225      -0.111361E+008
  1486.77        43590.3        3247.80       0.228994E-004   1242.93        7.47159        3.58924      -0.111183E+008
  1506.35        43590.3        3244.12       0.229075E-004   1245.01        7.46651        3.58680      -0.110951E+008
  1525.92        43590.3        3240.40       0.229143E-004   1247.09        7.46143        3.58435      -0.110719E+008
  1545.50        43590.3        3235.96       0.229493E-004   1249.35        7.45489        3.58121      -0.110554E+008
  1565.08        43590.3        3231.55       0.229852E-004   1251.57        7.44837        3.57808      -0.110387E+008
  1584.65        43590.3        3227.24       0.230207E-004   1253.71        7.44199        3.57502      -0.110212E+008
  1604.23        43590.3        3222.88       0.230556E-004   1255.83        7.43555        3.57192      -0.110038E+008
  1623.81        43590.3        3218.66       0.230896E-004   1257.86        7.42917        3.56886      -0.109852E+008
  1643.38        43590.3        3214.36       0.231229E-004   1259.87        7.42271        3.56576      -0.109667E+008
  1662.96        43590.3        3210.15       0.231545E-004   1261.79        7.41612        3.56259      -0.109470E+008
  1682.54        43590.3        3205.86       0.231852E-004   1263.69        7.40944        3.55938      -0.109274E+008
  1702.12        43590.3        3201.55       0.232130E-004   1265.50        7.40234        3.55597      -0.109066E+008
  1721.69        43590.3        3197.13       0.232393E-004   1267.30        7.39512        3.55250      -0.108859E+008
  1741.27        43590.3        3192.52       0.232603E-004   1268.98        7.38718        3.54869      -0.108640E+008
  1760.85        43590.3        3184.94       0.232336E-004   1269.50        7.37627        3.54345      -0.108395E+008
  1780.42        43590.3        3167.82       0.231036E-004   1267.27        7.35091        3.53126      -0.108062E+008
  1800.00        43590.3        3163.87       0.230622E-004   1269.29        7.34488        3.52837      -0.107833E+008
  273.000        44872.3        3326.94       0.169666E-004   701.215        7.49726        3.60157      -0.120819E+008
  292.577        44872.3        3325.81       0.176614E-004   742.254        7.49508        3.60052      -0.120678E+008
  312.154        44872.3        3324.34       0.182639E-004   778.245        7.49046        3.59830      -0.120527E+008
  331.731        44872.3        3323.13       0.187855E-004   810.292        7.48798        3.59711      -0.120372E+008
  351.308        44872.3        3321.56       0.192458E-004   838.829        7.48279        3.59461      -0.120208E+008
  370.885        44872.3        3320.29       0.196486E-004   864.718        7.48005        3.59330      -0.120041E+008
  390.462        44872.3        3318.26       0.200048E-004   888.010        7.47162        3.58925      -0.119865E+008
  410.038        44872.3        3316.95       0.203245E-004   909.483        7.46868        3.58784      -0.119689E+008
  429.615        44872.3        3314.82       0.206092E-004   928.922        7.45963        3.58349      -0.119503E+008
  449.192        44872.3        3313.47       0.208694E-004   947.116        7.45652        3.58199      -0.119319E+008
  468.769        44872.3        3311.14       0.210997E-004   963.635        7.44609        3.57699      -0.119125E+008
  488.346        44872.3        3309.77       0.213167E-004   979.315        7.44284        3.57543      -0.118934E+008
  507.923        44872.3        3307.26       0.215050E-004   993.558        7.43118        3.56982      -0.118732E+008
  527.500        44872.3        3305.86       0.216900E-004   1007.27        7.42781        3.56821      -0.118536E+008
  547.077        44872.3        3303.20       0.218452E-004   1019.69        7.41510        3.56210      -0.118327E+008
  566.654        44872.3        3301.78       0.220060E-004   1031.82        7.41165        3.56044      -0.118126E+008
  586.231        44872.3        3298.99       0.221346E-004   1042.76        7.39804        3.55390      -0.117910E+008
  605.808        44872.3        3297.56       0.222770E-004   1053.59        7.39450        3.55220      -0.117705E+008
  625.385        44872.3        3294.72       0.223853E-004   1063.30        7.38059        3.54552      -0.117484E+008
  644.962        44872.3        3293.27       0.225137E-004   1073.05        7.37698        3.54379      -0.117275E+008
  664.538        44872.3        3290.34       0.226026E-004   1081.72        7.36243        3.53680      -0.117048E+008
  684.115        44872.3        3288.88       0.227204E-004   1090.57        7.35877        3.53504      -0.116836E+008
  703.692        44872.3        3285.95       0.228011E-004   1098.37        7.34440        3.52813      -0.116604E+008
  723.269        44872.3        3284.48       0.229115E-004   1106.45        7.34067        3.52635      -0.116389E+008
  742.846        44872.3        3281.47       0.229700E-004   1113.42        7.32562        3.51911      -0.116153E+008
  762.423        44872.3        3280.00       0.230777E-004   1120.85        7.32184        3.51730      -0.115934E+008
  782.000        44872.3        3277.04       0.231429E-004   1127.29        7.30740        3.51036      -0.115694E+008
  801.577        44872.3        3275.56       0.232798E-004   1134.53        7.30344        3.50846      -0.115473E+008
  821.154        44872.3        3272.59       0.231632E-004   1138.23        7.29009        3.50205      -0.115229E+008
  840.731        44872.3        3271.81       0.232068E-004   1143.03        7.29234        3.50313      -0.114999E+008
  860.308        44872.3        3267.76       0.232960E-004   1148.59        7.25785        3.48656      -0.114751E+008
  879.885        44872.3        3265.48       0.233774E-004   1154.24        7.24860        3.48212      -0.114517E+008
  899.462        44872.3        3261.74       0.234600E-004   1160.65        7.22850        3.47246      -0.114277E+008
  919.038        44872.3        3260.24       0.235381E-004   1165.58        7.22463        3.47060      -0.114050E+008
  938.615        44872.3        3256.99       0.236153E-004   1171.58        7.20927        3.46322      -0.113802E+008
  958.192        44872.3        3255.94       0.236891E-004   1175.84        7.20955        3.46336      -0.113568E+008
  977.769        44872.3        3253.40       0.237645E-004   1180.35        7.19881        3.45820      -0.113331E+008
  997.346        44872.3        3250.97       0.238377E-004   1184.42        7.18930        3.45363      -0.113093E+008
  1016.92        44872.3        3248.39       0.239119E-004   1188.62        7.17809        3.44825      -0.112854E+008
  1036.50        44872.3        3245.92       0.239835E-004   1192.34        7.16833        3.44355      -0.112614E+008
  1056.08        44872.3        3243.43       0.240553E-004   1196.00        7.15806        3.43862      -0.112373E+008
  1075.65        44872.3        3241.01       0.241254E-004   1199.31        7.14876        3.43415      -0.112132E+008
  1095.23        44872.3        3238.53       0.241958E-004   1202.62        7.13880        3.42937      -0.111890E+008
  1114.81        44872.3        3236.43       0.242636E-004   1205.33        7.13220        3.42620      -0.111649E+008
  1134.38        44872.3        3234.12       0.243322E-004   1208.21        7.12371        3.42212      -0.111406E+008
  1153.96        44872.3        3231.81       0.244009E-004   1211.02        7.11514        3.41800      -0.111163E+008
  1173.54        44872.3        3229.59       0.244684E-004   1213.64        7.10742        3.41429      -0.110920E+008
  1193.12        44872.3        3226.63       0.245383E-004   1216.72        7.09394        3.40782      -0.110672E+008
  1212.69        44872.3        3221.86       0.245841E-004   1219.95        7.08391        3.40300      -0.110561E+008
  1232.27        44872.3        3214.73       0.246099E-004   1223.76        7.07209        3.39732      -0.110576E+008
  1251.85        44872.3        3208.12       0.246398E-004   1227.40        7.06015        3.39158      -0.110562E+008
  1271.42        44872.3        3202.25       0.246463E-004   1230.92        7.05389        3.38858      -0.110597E+008
  1291.00        44872.3        3196.54       0.246679E-004   1234.32        7.04536        3.38448      -0.110592E+008
  1310.58        44872.3        3194.91       0.246362E-004   1237.26        7.05434        3.38880      -0.110662E+008
  1330.15        44872.3        3194.27       0.246222E-004   1240.10        7.06380        3.39334      -0.110702E+008
  1349.73        44872.3        3195.77       0.245807E-004   1242.65        7.08213        3.40215      -0.110772E+008
  1369.31        44872.3        3199.71       0.243985E-004   1243.61        7.11721        3.41900      -0.110802E+008
  1388.88        44872.3        3211.80       0.240347E-004   1242.77        7.19130        3.45459      -0.110875E+008
  1408.46        44872.3        3257.31       0.229152E-004   1235.86        7.46283        3.58503      -0.111626E+008
  1428.04        44872.3        3261.26       0.227643E-004   1236.60        7.50061        3.60317      -0.111536E+008
  1447.62        44872.3        3258.72       0.227754E-004   1238.43        7.49613        3.60102      -0.111245E+008
  1467.19        44872.3        3254.72       0.227872E-004   1240.63        7.49069        3.59841      -0.111040E+008
  1486.77        44872.3        3250.55       0.228038E-004   1242.91        7.48443        3.59540      -0.110862E+008
  1506.35        44872.3        3247.01       0.228105E-004   1244.95        7.47937        3.59297      -0.110621E+008
  1525.92        44872.3        3243.26       0.228164E-004   1247.02        7.47426        3.59052      -0.110391E+008
  1545.50        44872.3        3239.20       0.228357E-004   1249.17        7.46846        3.58773      -0.110189E+008
  1565.08        44872.3        3234.82       0.228713E-004   1251.38        7.46197        3.58462      -0.110020E+008
  1584.65        44872.3        3230.55       0.229073E-004   1253.52        7.45572        3.58161      -0.109845E+008
  1604.23        44872.3        3226.23       0.229390E-004   1255.63        7.44920        3.57848      -0.109666E+008
  1623.81        44872.3        3222.03       0.229745E-004   1257.66        7.44288        3.57544      -0.109481E+008
  1643.38        44872.3        3217.81       0.230032E-004   1259.66        7.43650        3.57238      -0.109291E+008
  1662.96        44872.3        3213.63       0.230342E-004   1261.57        7.42997        3.56924      -0.109093E+008
  1682.54        44872.3        3209.44       0.230622E-004   1263.48        7.42350        3.56614      -0.108895E+008
  1702.12        44872.3        3205.10       0.230928E-004   1265.23        7.41615        3.56260      -0.108683E+008
  1721.69        44872.3        3200.92       0.231129E-004   1267.10        7.40970        3.55951      -0.108477E+008
  1741.27        44872.3        3196.60       0.231312E-004   1268.84        7.40240        3.55600      -0.108259E+008
  1760.85        44872.3        3192.08       0.231471E-004   1270.50        7.39449        3.55220      -0.108033E+008
  1780.42        44872.3        3184.88       0.231173E-004   1271.19        7.38378        3.54705      -0.107786E+008
  1800.00        44872.3        3183.44       0.231765E-004   1272.45        7.37979        3.54514      -0.107537E+008
  273.000        46154.4        3330.46       0.168948E-004   700.813        7.50957        3.60748      -0.120436E+008
  292.577        46154.4        3329.34       0.175864E-004   741.879        7.50740        3.60644      -0.120295E+008
  312.154        46154.4        3327.97       0.181857E-004   777.901        7.50350        3.60457      -0.120145E+008
  331.731        46154.4        3326.76       0.187050E-004   809.967        7.50103        3.60338      -0.119989E+008
  351.308        46154.4        3325.22       0.191614E-004   838.533        7.49606        3.60099      -0.119825E+008
  370.885        46154.4        3323.96       0.195624E-004   864.431        7.49334        3.59968      -0.119658E+008
  390.462        46154.4        3321.97       0.199180E-004   887.751        7.48520        3.59577      -0.119482E+008
  410.038        46154.4        3320.67       0.202360E-004   909.226        7.48226        3.59436      -0.119306E+008
  429.615        46154.4        3318.98       0.205190E-004   928.673        7.47661        3.59164      -0.119122E+008
  449.192        46154.4        3317.64       0.207780E-004   946.853        7.47351        3.59016      -0.118938E+008
  468.769        46154.4        3315.55       0.210070E-004   963.384        7.46489        3.58602      -0.118744E+008
  488.346        46154.4        3314.18       0.212230E-004   979.039        7.46166        3.58447      -0.118554E+008
  507.923        46154.4        3311.93       0.214103E-004   993.286        7.45198        3.57981      -0.118352E+008
  527.500        46154.4        3310.53       0.215943E-004   1006.96        7.44863        3.57821      -0.118156E+008
  547.077        46154.4        3308.14       0.217488E-004   1019.38        7.43797        3.57308      -0.117948E+008
  566.654        46154.4        3306.73       0.219087E-004   1031.45        7.43453        3.57143      -0.117747E+008
  586.231        46154.4        3304.22       0.220366E-004   1042.37        7.42307        3.56593      -0.117532E+008
  605.808        46154.4        3302.79       0.221782E-004   1053.14        7.41956        3.56424      -0.117327E+008
  625.385        46154.4        3299.77       0.222792E-004   1062.87        7.40415        3.55684      -0.117104E+008
  644.962        46154.4        3298.33       0.224067E-004   1072.55        7.40057        3.55512      -0.116895E+008
  664.538        46154.4        3296.08       0.225018E-004   1081.11        7.39144        3.55073      -0.116670E+008
  684.115        46154.4        3294.62       0.226188E-004   1089.87        7.38780        3.54898      -0.116458E+008
  703.692        46154.4        3291.85       0.226894E-004   1097.56        7.37448        3.54259      -0.116227E+008
  723.269        46154.4        3290.38       0.227988E-004   1105.52        7.37079        3.54081      -0.116011E+008
  742.846        46154.4        3287.61       0.228611E-004   1112.43        7.35762        3.53449      -0.115775E+008
  762.423        46154.4        3286.14       0.229676E-004   1119.73        7.35387        3.53268      -0.115557E+008
  782.000        46154.4        3283.36       0.230281E-004   1126.02        7.34066        3.52634      -0.115317E+008
  801.577        46154.4        3281.88       0.231569E-004   1133.03        7.33676        3.52447      -0.115096E+008
  821.154        46154.4        3279.07       0.230537E-004   1136.77        7.32437        3.51851      -0.114852E+008
  840.731        46154.4        3276.94       0.230927E-004   1142.06        7.31608        3.51453      -0.114618E+008
  860.308        46154.4        3274.71       0.231678E-004   1147.71        7.30701        3.51017      -0.114386E+008
  879.885        46154.4        3270.66       0.232629E-004   1153.19        7.27250        3.49359      -0.114137E+008
  899.462        46154.4        3268.32       0.233423E-004   1158.66        7.26280        3.48894      -0.113902E+008
  919.038        46154.4        3266.82       0.234197E-004   1163.41        7.25896        3.48709      -0.113675E+008
  938.615        46154.4        3263.59       0.234964E-004   1169.33        7.24331        3.47957      -0.113428E+008
  958.192        46154.4        3261.11       0.235718E-004   1174.42        7.23278        3.47452      -0.113190E+008
  977.769        46154.4        3258.52       0.236466E-004   1179.01        7.22154        3.46911      -0.112953E+008
  997.346        46154.4        3255.98       0.237199E-004   1183.31        7.21079        3.46395      -0.112714E+008
  1016.92        46154.4        3253.44       0.237925E-004   1187.42        7.20004        3.45879      -0.112475E+008
  1036.50        46154.4        3250.92       0.238638E-004   1191.28        7.18965        3.45379      -0.112235E+008
  1056.08        46154.4        3248.41       0.239346E-004   1194.96        7.17925        3.44880      -0.111995E+008
  1075.65        46154.4        3245.93       0.240044E-004   1198.42        7.16933        3.44404      -0.111753E+008
  1095.23        46154.4        3243.46       0.240737E-004   1201.73        7.15941        3.43927      -0.111511E+008
  1114.81        46154.4        3240.94       0.241419E-004   1204.86        7.14936        3.43444      -0.111268E+008
  1134.38        46154.4        3238.57       0.242104E-004   1207.85        7.14022        3.43005      -0.111025E+008
  1153.96        46154.4        3236.82       0.242750E-004   1210.13        7.13660        3.42831      -0.110784E+008
  1173.54        46154.4        3233.75       0.243451E-004   1213.50        7.12179        3.42120      -0.110537E+008
  1193.12        46154.4        3231.41       0.244121E-004   1216.16        7.11309        3.41702      -0.110292E+008
  1212.69        46154.4        3224.62       0.244464E-004   1219.99        7.10005        3.41075      -0.110271E+008
  1232.27        46154.4        3218.02       0.244761E-004   1223.72        7.08828        3.40510      -0.110257E+008
  1251.85        46154.4        3211.40       0.245055E-004   1227.37        7.07643        3.39941      -0.110245E+008
  1271.42        46154.4        3205.68       0.245263E-004   1230.86        7.06811        3.39541      -0.110240E+008
  1291.00        46154.4        3199.93       0.245466E-004   1234.28        7.05971        3.39137      -0.110238E+008
  1310.58        46154.4        3197.05       0.245484E-004   1237.36        7.06139        3.39218      -0.110258E+008
  1330.15        46154.4        3194.15       0.245486E-004   1240.41        7.06320        3.39305      -0.110284E+008
  1349.73        46154.4        3196.90       0.245167E-004   1242.99        7.08461        3.40333      -0.110364E+008
  1369.31        46154.4        3198.57       0.243931E-004   1244.44        7.10844        3.41479      -0.110368E+008
  1388.88        46154.4        3205.69       0.241449E-004   1244.64        7.15841        3.43879      -0.110406E+008
  1408.46        46154.4        3226.70       0.235781E-004   1242.13        7.28610        3.50013      -0.110685E+008
  1428.04        46154.4        3263.78       0.226722E-004   1236.66        7.51336        3.60930      -0.111227E+008
  1447.62        46154.4        3260.33       0.226866E-004   1238.74        7.50788        3.60667      -0.111000E+008
  1467.19        46154.4        3257.53       0.226887E-004   1240.57        7.50354        3.60458      -0.110707E+008
  1486.77        46154.4        3253.28       0.227091E-004   1242.89        7.49722        3.60155      -0.110541E+008
  1506.35        46154.4        3249.73       0.227161E-004   1244.93        7.49213        3.59910      -0.110303E+008
  1525.92        46154.4        3246.14       0.227219E-004   1246.97        7.48704        3.59666      -0.110065E+008
  1545.50        46154.4        3242.45       0.227253E-004   1249.00        7.48207        3.59427      -0.109825E+008
  1565.08        46154.4        3238.08       0.227588E-004   1251.20        7.47551        3.59112      -0.109654E+008
  1584.65        46154.4        3233.86       0.227916E-004   1253.33        7.46917        3.58807      -0.109474E+008
  1604.23        46154.4        3229.58       0.228239E-004   1255.43        7.46278        3.58500      -0.109294E+008
  1623.81        46154.4        3225.44       0.228548E-004   1257.45        7.45652        3.58199      -0.109104E+008
  1643.38        46154.4        3221.24       0.228851E-004   1259.45        7.45020        3.57896      -0.108915E+008
  1662.96        46154.4        3217.15       0.229135E-004   1261.37        7.44387        3.57592      -0.108715E+008
  1682.54        46154.4        3212.99       0.229410E-004   1263.27        7.43747        3.57285      -0.108516E+008
  1702.12        46154.4        3208.88       0.229655E-004   1265.09        7.43086        3.56967      -0.108305E+008
  1721.69        46154.4        3204.70       0.229887E-004   1266.90        7.42416        3.56645      -0.108096E+008
  1741.27        46154.4        3200.31       0.230109E-004   1268.59        7.41662        3.56283      -0.107876E+008
  1760.85        46154.4        3196.12       0.230235E-004   1270.33        7.40964        3.55948      -0.107654E+008
  1780.42        46154.4        3191.62       0.230336E-004   1271.96        7.40164        3.55563      -0.107423E+008
  1800.00        46154.4        3184.88       0.230021E-004   1272.81        7.39116        3.55060      -0.107172E+008
  273.000        47436.4        3333.89       0.168246E-004   700.412        7.52115        3.61305      -0.120053E+008
  292.577        47436.4        3332.77       0.175133E-004   741.508        7.51900        3.61201      -0.119912E+008
  312.154        47436.4        3331.40       0.181098E-004   777.557        7.51511        3.61014      -0.119762E+008
  331.731        47436.4        3330.20       0.186267E-004   809.648        7.51265        3.60896      -0.119606E+008
  351.308        47436.4        3328.66       0.190810E-004   838.234        7.50771        3.60658      -0.119442E+008
  370.885        47436.4        3327.41       0.194800E-004   864.151        7.50499        3.60528      -0.119276E+008
  390.462        47436.4        3325.43       0.198337E-004   887.488        7.49689        3.60139      -0.119099E+008
  410.038        47436.4        3324.13       0.201503E-004   908.978        7.49397        3.59999      -0.118923E+008
  429.615        47436.4        3322.45       0.204317E-004   928.436        7.48834        3.59728      -0.118739E+008
  449.192        47436.4        3321.11       0.206894E-004   946.627        7.48526        3.59580      -0.118556E+008
  468.769        47436.4        3319.03       0.209169E-004   963.168        7.47669        3.59168      -0.118361E+008
  488.346        47436.4        3317.67       0.211317E-004   978.832        7.47347        3.59014      -0.118171E+008
  507.923        47436.4        3315.43       0.213178E-004   993.086        7.46383        3.58551      -0.117970E+008
  527.500        47436.4        3314.04       0.215008E-004   1006.76        7.46050        3.58391      -0.117774E+008
  547.077        47436.4        3311.66       0.216540E-004   1019.19        7.44990        3.57881      -0.117565E+008
  566.654        47436.4        3310.25       0.218130E-004   1031.27        7.44647        3.57717      -0.117364E+008
  586.231        47436.4        3307.76       0.219397E-004   1042.19        7.43508        3.57170      -0.117149E+008
  605.808        47436.4        3306.33       0.220804E-004   1052.96        7.43158        3.57001      -0.116944E+008
  625.385        47436.4        3303.33       0.221802E-004   1062.69        7.41625        3.56265      -0.116721E+008
  644.962        47436.4        3301.90       0.223069E-004   1072.38        7.41269        3.56094      -0.116512E+008
  664.538        47436.4        3299.66       0.224010E-004   1080.94        7.40360        3.55658      -0.116288E+008
  684.115        47436.4        3298.21       0.225171E-004   1089.70        7.39998        3.55483      -0.116075E+008
  703.692        47436.4        3295.45       0.225867E-004   1097.39        7.38673        3.54847      -0.115844E+008
  723.269        47436.4        3293.99       0.226952E-004   1105.35        7.38306        3.54671      -0.115628E+008
  742.846        47436.4        3291.24       0.227563E-004   1112.25        7.36996        3.54041      -0.115392E+008
  762.423        47436.4        3289.77       0.228615E-004   1119.56        7.36623        3.53862      -0.115174E+008
  782.000        47436.4        3287.01       0.229199E-004   1125.83        7.35309        3.53231      -0.114934E+008
  801.577        47436.4        3285.53       0.230426E-004   1132.77        7.34924        3.53046      -0.114713E+008
  821.154        47436.4        3282.74       0.229629E-004   1136.81        7.33678        3.52448      -0.114469E+008
  840.731        47436.4        3282.04       0.229789E-004   1141.04        7.33962        3.52584      -0.114238E+008
  860.308        47436.4        3279.80       0.230578E-004   1146.70        7.33051        3.52146      -0.114007E+008
  879.885        47436.4        3275.78       0.231507E-004   1152.13        7.29600        3.50489      -0.113758E+008
  899.462        47436.4        3273.48       0.232292E-004   1157.51        7.28652        3.50033      -0.113523E+008
  919.038        47436.4        3271.15       0.233062E-004   1162.79        7.27685        3.49569      -0.113287E+008
  938.615        47436.4        3268.75       0.233819E-004   1168.05        7.26679        3.49085      -0.113049E+008
  958.192        47436.4        3266.16       0.234569E-004   1172.98        7.25530        3.48533      -0.112813E+008
  977.769        47436.4        3263.52       0.235308E-004   1177.67        7.24354        3.47969      -0.112575E+008
  997.346        47436.4        3260.91       0.236026E-004   1181.98        7.23256        3.47441      -0.112336E+008
  1016.92        47436.4        3258.41       0.236752E-004   1186.21        7.22155        3.46912      -0.112097E+008
  1036.50        47436.4        3255.84       0.237456E-004   1190.13        7.21085        3.46398      -0.111857E+008
  1056.08        47436.4        3253.35       0.238158E-004   1193.88        7.20035        3.45894      -0.111617E+008
  1075.65        47436.4        3250.85       0.238845E-004   1197.40        7.19024        3.45408      -0.111375E+008
  1095.23        47436.4        3248.35       0.239534E-004   1200.81        7.17991        3.44912      -0.111133E+008
  1114.81        47436.4        3246.07       0.240193E-004   1203.75        7.17210        3.44536      -0.110890E+008
  1134.38        47436.4        3244.05       0.240846E-004   1206.41        7.16619        3.44253      -0.110649E+008
  1153.96        47436.4        3240.97       0.241553E-004   1210.04        7.15058        3.43503      -0.110402E+008
  1173.54        47436.4        3238.60       0.242219E-004   1212.84        7.14160        3.43071      -0.110158E+008
  1193.12        47436.4        3233.87       0.242722E-004   1216.23        7.12986        3.42508      -0.110027E+008
  1212.69        47436.4        3227.33       0.243103E-004   1220.00        7.11696        3.41888      -0.109994E+008
  1232.27        47436.4        3220.73       0.243371E-004   1223.77        7.10509        3.41317      -0.109978E+008
  1251.85        47436.4        3214.56       0.243719E-004   1227.35        7.09280        3.40727      -0.109935E+008
  1271.42        47436.4        3216.54       0.242780E-004   1230.10        7.12233        3.42146      -0.110135E+008
  1291.00        47436.4        3210.42       0.244175E-004   1233.61        7.09464        3.40816      -0.109876E+008
  1310.58        47436.4        3200.08       0.244412E-004   1237.36        7.07310        3.39781      -0.109885E+008
  1330.15        47436.4        3196.95       0.244409E-004   1240.42        7.07439        3.39843      -0.109911E+008
  1349.73        47436.4        3198.25       0.244326E-004   1243.16        7.08927        3.40557      -0.109960E+008
  1369.31        47436.4        3198.89       0.243524E-004   1244.97        7.10667        3.41393      -0.109952E+008
  1388.88        47436.4        3202.82       0.241813E-004   1245.84        7.14091        3.43038      -0.109959E+008
  1408.46        47436.4        3214.19       0.238418E-004   1245.05        7.21180        3.46444      -0.110014E+008
  1428.04        47436.4        3255.23       0.228315E-004   1238.81        7.46134        3.58431      -0.110723E+008
  1447.62        47436.4        3263.02       0.225942E-004   1238.74        7.52081        3.61288      -0.110680E+008
  1467.19        47436.4        3260.33       0.226002E-004   1240.57        7.51635        3.61074      -0.110391E+008
  1486.77        47436.4        3256.28       0.226210E-004   1242.82        7.51082        3.60808      -0.110208E+008
  1506.35        47436.4        3252.50       0.226233E-004   1244.89        7.50525        3.60540      -0.109979E+008
  1525.92        47436.4        3249.06       0.226271E-004   1246.89        7.50000        3.60288      -0.109731E+008
  1545.50        47436.4        3245.42       0.226301E-004   1248.91        7.49497        3.60047      -0.109491E+008
  1565.08        47436.4        3241.38       0.226505E-004   1251.02        7.48915        3.59767      -0.109288E+008
  1584.65        47436.4        3237.15       0.226836E-004   1253.15        7.48272        3.59458      -0.109108E+008
  1604.23        47436.4        3232.92       0.227142E-004   1255.24        7.47632        3.59151      -0.108925E+008
  1623.81        47436.4        3228.83       0.227461E-004   1257.24        7.47029        3.58861      -0.108735E+008
  1643.38        47436.4        3224.66       0.227735E-004   1259.25        7.46381        3.58550      -0.108542E+008
  1662.96        47436.4        3220.58       0.228013E-004   1261.16        7.45752        3.58248      -0.108342E+008
  1682.54        47436.4        3216.51       0.228273E-004   1263.05        7.45124        3.57946      -0.108139E+008
  1702.12        47436.4        3212.40       0.228528E-004   1264.84        7.44455        3.57625      -0.107926E+008
  1721.69        47436.4        3208.33       0.228731E-004   1266.68        7.43822        3.57321      -0.107717E+008
  1741.27        47436.4        3204.09       0.228931E-004   1268.39        7.43103        3.56975      -0.107496E+008
  1760.85        47436.4        3199.96       0.229067E-004   1270.12        7.42424        3.56649      -0.107274E+008
  1780.42        47436.4        3195.67       0.229155E-004   1271.78        7.41681        3.56292      -0.107044E+008
  1800.00        47436.4        3191.18       0.229195E-004   1273.38        7.40869        3.55902      -0.106808E+008
  273.000        48718.5        3337.36       0.167544E-004   700.012        7.53314        3.61881      -0.119671E+008
  292.577        48718.5        3336.25       0.174400E-004   741.139        7.53100        3.61777      -0.119530E+008
  312.154        48718.5        3334.95       0.180334E-004   777.217        7.52763        3.61616      -0.119380E+008
  331.731        48718.5        3333.75       0.185480E-004   809.327        7.52518        3.61498      -0.119224E+008
  351.308        48718.5        3332.31       0.189993E-004   837.939        7.52091        3.61293      -0.119061E+008
  370.885        48718.5        3331.05       0.193965E-004   863.866        7.51821        3.61163      -0.118894E+008
  390.462        48718.5        3329.49       0.197490E-004   887.214        7.51327        3.60926      -0.118719E+008
  410.038        48718.5        3328.20       0.200642E-004   908.702        7.51037        3.60786      -0.118543E+008
  429.615        48718.5        3326.42       0.203430E-004   928.186        7.50397        3.60479      -0.118358E+008
  449.192        48718.5        3325.09       0.205994E-004   946.369        7.50090        3.60332      -0.118175E+008
  468.769        48718.5        3323.20       0.208255E-004   962.916        7.49384        3.59992      -0.117981E+008
  488.346        48718.5        3321.84       0.210392E-004   978.561        7.49064        3.59839      -0.117791E+008
  507.923        48718.5        3319.83       0.212239E-004   992.813        7.48270        3.59457      -0.117590E+008
  527.500        48718.5        3318.44       0.214059E-004   1006.46        7.47939        3.59298      -0.117394E+008
  547.077        48718.5        3316.31       0.215580E-004   1018.87        7.47063        3.58878      -0.117186E+008
  566.654        48718.5        3314.90       0.217161E-004   1030.91        7.46723        3.58714      -0.116985E+008
  586.231        48718.5        3312.65       0.218416E-004   1041.80        7.45774        3.58258      -0.116770E+008
  605.808        48718.5        3311.23       0.219815E-004   1052.52        7.45426        3.58091      -0.116565E+008
  625.385        48718.5        3308.89       0.220849E-004   1062.15        7.44415        3.57606      -0.116345E+008
  644.962        48718.5        3307.46       0.222108E-004   1071.76        7.44061        3.57435      -0.116136E+008
  664.538        48718.5        3304.95       0.222954E-004   1080.32        7.42921        3.56887      -0.115909E+008
  684.115        48718.5        3303.50       0.224107E-004   1088.99        7.42561        3.56715      -0.115697E+008
  703.692        48718.5        3301.15       0.224813E-004   1096.56        7.41558        3.56233      -0.115466E+008
  723.269        48718.5        3299.69       0.225889E-004   1104.42        7.41193        3.56058      -0.115251E+008
  742.846        48718.5        3297.16       0.226466E-004   1111.19        7.40045        3.55506      -0.115015E+008
  762.423        48718.5        3295.69       0.227507E-004   1118.37        7.39675        3.55328      -0.114797E+008
  782.000        48718.5        3293.15       0.228044E-004   1124.44        7.38527        3.54777      -0.114557E+008
  801.577        48718.5        3291.68       0.229221E-004   1131.20        7.38146        3.54594      -0.114336E+008
  821.154        48718.5        3289.12       0.232331E-004   1139.85        7.36908        3.53999      -0.114093E+008
  840.731        48718.5        3287.06       0.228715E-004   1140.08        7.36279        3.53697      -0.113859E+008
  860.308        48718.5        3284.83       0.229501E-004   1145.69        7.35364        3.53257      -0.113628E+008
  879.885        48718.5        3282.57       0.230289E-004   1151.15        7.34428        3.52808      -0.113395E+008
  899.462        48718.5        3278.57       0.231184E-004   1156.35        7.30986        3.51154      -0.113145E+008
  919.038        48718.5        3276.23       0.231947E-004   1161.57        7.30004        3.50683      -0.112909E+008
  938.615        48718.5        3273.70       0.232701E-004   1166.71        7.28881        3.50143      -0.112672E+008
  958.192        48718.5        3271.10       0.233442E-004   1171.61        7.27713        3.49582      -0.112436E+008
  977.769        48718.5        3268.49       0.234173E-004   1176.31        7.26544        3.49021      -0.112198E+008
  997.346        48718.5        3265.92       0.234891E-004   1180.75        7.25420        3.48481      -0.111960E+008
  1016.92        48718.5        3263.35       0.235602E-004   1185.00        7.24295        3.47940      -0.111720E+008
  1036.50        48718.5        3260.81       0.236300E-004   1188.99        7.23216        3.47422      -0.111480E+008
  1056.08        48718.5        3258.27       0.236992E-004   1192.82        7.22135        3.46903      -0.111239E+008
  1075.65        48718.5        3255.74       0.237675E-004   1196.43        7.21083        3.46397      -0.110998E+008
  1095.23        48718.5        3253.22       0.238352E-004   1199.90        7.20031        3.45892      -0.110755E+008
  1114.81        48718.5        3250.81       0.239015E-004   1203.08        7.19104        3.45446      -0.110513E+008
  1134.38        48718.5        3248.25       0.239688E-004   1206.33        7.18018        3.44925      -0.110269E+008
  1153.96        48718.5        3245.79       0.240349E-004   1209.34        7.17039        3.44454      -0.110025E+008
  1173.54        48718.5        3242.51       0.240950E-004   1212.46        7.15990        3.43951      -0.109821E+008
  1193.12        48718.5        3234.43       0.241060E-004   1216.70        7.14963        3.43457      -0.109906E+008
  1212.69        48718.5        3230.00       0.241720E-004   1220.07        7.13347        3.42681      -0.109713E+008
  1232.27        48718.5        3223.86       0.242062E-004   1223.75        7.12132        3.42097      -0.109669E+008
  1251.85        48718.5        3217.70       0.242402E-004   1227.34        7.10910        3.41510      -0.109626E+008
  1271.42        48718.5        3212.19       0.242690E-004   1230.80        7.09962        3.41055      -0.109593E+008
  1291.00        48718.5        3206.66       0.242974E-004   1234.18        7.09007        3.40596      -0.109560E+008
  1310.58        48718.5        3203.67       0.243004E-004   1237.27        7.09108        3.40645      -0.109573E+008
  1330.15        48718.5        3199.73       0.243343E-004   1240.43        7.08555        3.40379      -0.109537E+008
  1349.73        48718.5        3200.19       0.243378E-004   1243.25        7.09669        3.40914      -0.109569E+008
  1369.31        48718.5        3200.07       0.242885E-004   1245.33        7.10929        3.41519      -0.109550E+008
  1388.88        48718.5        3208.85       0.240186E-004   1245.14        7.16628        3.44257      -0.109592E+008
  1408.46        48718.5        3208.88       0.239363E-004   1246.77        7.18184        3.45004      -0.109547E+008
  1428.04        48718.5        3229.55       0.233841E-004   1244.28        7.31146        3.51231      -0.109863E+008
  1447.62        48718.5        3265.71       0.225045E-004   1238.75        7.53365        3.61905      -0.110364E+008
  1467.19        48718.5        3263.16       0.225091E-004   1240.53        7.52916        3.61689      -0.110065E+008
  1486.77        48718.5        3258.88       0.225255E-004   1242.82        7.52294        3.61390      -0.109892E+008
  1506.35        48718.5        3255.42       0.225316E-004   1244.83        7.51785        3.61146      -0.109650E+008
  1525.92        48718.5        3251.93       0.225364E-004   1246.84        7.51276        3.60901      -0.109407E+008
  1545.50        48718.5        3248.39       0.225378E-004   1248.83        7.50784        3.60665      -0.109158E+008
  1565.08        48718.5        3244.62       0.225442E-004   1250.85        7.50259        3.60413      -0.108926E+008
  1584.65        48718.5        3240.45       0.225753E-004   1252.96        7.49622        3.60107      -0.108741E+008
  1604.23        48718.5        3236.24       0.226058E-004   1255.05        7.48980        3.59799      -0.108556E+008
  1623.81        48718.5        3232.17       0.226349E-004   1257.06        7.48360        3.59500      -0.108362E+008
  1643.38        48718.5        3228.06       0.226632E-004   1259.04        7.47734        3.59200      -0.108169E+008
  1662.96        48718.5        3224.06       0.226895E-004   1260.95        7.47116        3.58903      -0.107965E+008
  1682.54        48718.5        3220.00       0.227150E-004   1262.84        7.46492        3.58603      -0.107762E+008
  1702.12        48718.5        3216.00       0.227375E-004   1264.66        7.45859        3.58299      -0.107550E+008
  1721.69        48718.5        3211.94       0.227591E-004   1266.46        7.45219        3.57992      -0.107339E+008
  1741.27        48718.5        3207.90       0.227760E-004   1268.19        7.44549        3.57670      -0.107117E+008
  1760.85        48718.5        3203.78       0.227916E-004   1269.91        7.43871        3.57344      -0.106895E+008
  1780.42        48718.5        3199.42       0.228024E-004   1271.53        7.43100        3.56973      -0.106663E+008
  1800.00        48718.5        3195.27       0.228068E-004   1273.19        7.42387        3.56631      -0.106430E+008
  273.000        50000.5        3340.77       0.166857E-004   699.616        7.54463        3.62432      -0.119289E+008
  292.577        50000.5        3339.65       0.173683E-004   740.770        7.54249        3.62329      -0.119148E+008
  312.154        50000.5        3338.36       0.179591E-004   776.876        7.53914        3.62168      -0.118998E+008
  331.731        50000.5        3337.17       0.184714E-004   809.010        7.53669        3.62051      -0.118842E+008
  351.308        50000.5        3335.73       0.189206E-004   837.643        7.53245        3.61847      -0.118679E+008
  370.885        50000.5        3334.48       0.193159E-004   863.589        7.52976        3.61718      -0.118512E+008
  390.462        50000.5        3332.92       0.196667E-004   886.952        7.52485        3.61482      -0.118337E+008
  410.038        50000.5        3331.63       0.199803E-004   908.456        7.52196        3.61343      -0.118162E+008
  429.615        50000.5        3329.86       0.202576E-004   927.952        7.51559        3.61037      -0.117976E+008
  449.192        50000.5        3328.53       0.205128E-004   946.146        7.51254        3.60891      -0.117793E+008
  468.769        50000.5        3326.66       0.207375E-004   962.703        7.50551        3.60553      -0.117599E+008
  488.346        50000.5        3325.30       0.209501E-004   978.356        7.50232        3.60400      -0.117409E+008
  507.923        50000.5        3323.30       0.211336E-004   992.615        7.49442        3.60020      -0.117208E+008
  527.500        50000.5        3321.92       0.213146E-004   1006.27        7.49113        3.59862      -0.117012E+008
  547.077        50000.5        3319.79       0.214656E-004   1018.68        7.48242        3.59444      -0.116804E+008
  566.654        50000.5        3318.39       0.216228E-004   1030.73        7.47903        3.59281      -0.116603E+008
  586.231        50000.5        3316.16       0.217472E-004   1041.63        7.46959        3.58828      -0.116388E+008
  605.808        50000.5        3314.74       0.218862E-004   1052.35        7.46613        3.58661      -0.116183E+008
  625.385        50000.5        3312.41       0.219887E-004   1061.98        7.45608        3.58178      -0.115963E+008
  644.962        50000.5        3310.98       0.221138E-004   1071.59        7.45255        3.58009      -0.115754E+008
  664.538        50000.5        3308.49       0.221974E-004   1080.15        7.44121        3.57464      -0.115527E+008
  684.115        50000.5        3307.05       0.223118E-004   1088.83        7.43762        3.57292      -0.115315E+008
  703.692        50000.5        3304.71       0.223815E-004   1096.39        7.42765        3.56813      -0.115084E+008
  723.269        50000.5        3303.26       0.224883E-004   1104.26        7.42402        3.56638      -0.114869E+008
  742.846        50000.5        3300.74       0.225450E-004   1111.02        7.41260        3.56090      -0.114633E+008
  762.423        50000.5        3299.28       0.226479E-004   1118.20        7.40892        3.55913      -0.114415E+008
  782.000        50000.5        3296.76       0.227000E-004   1124.25        7.39751        3.55365      -0.114175E+008
  801.577        50000.5        3295.29       0.228137E-004   1130.98        7.39373        3.55183      -0.113954E+008
  821.154        50000.5        3292.75       0.229762E-004   1137.84        7.38177        3.54609      -0.113711E+008
  840.731        50000.5        3292.00       0.227675E-004   1139.15        7.38545        3.54785      -0.113481E+008
  860.308        50000.5        3289.79       0.228446E-004   1144.68        7.37631        3.54347      -0.113249E+008
  879.885        50000.5        3287.77       0.229221E-004   1149.89        7.36883        3.53987      -0.113016E+008
  899.462        50000.5        3283.57       0.230099E-004   1155.21        7.33261        3.52247      -0.112766E+008
  919.038        50000.5        3281.02       0.230859E-004   1160.48        7.32106        3.51693      -0.112532E+008
  938.615        50000.5        3278.37       0.231601E-004   1165.61        7.30892        3.51109      -0.112295E+008
  958.192        50000.5        3275.86       0.232338E-004   1170.47        7.29764        3.50567      -0.112059E+008
  977.769        50000.5        3273.26       0.233059E-004   1175.18        7.28599        3.50007      -0.111821E+008
  997.346        50000.5        3270.67       0.233766E-004   1179.64        7.27467        3.49464      -0.111582E+008
  1016.92        50000.5        3268.16       0.234471E-004   1183.90        7.26359        3.48931      -0.111344E+008
  1036.50        50000.5        3265.61       0.235159E-004   1187.93        7.25277        3.48412      -0.111103E+008
  1056.08        50000.5        3262.99       0.235841E-004   1191.88        7.24131        3.47861      -0.110862E+008
  1075.65        50000.5        3260.55       0.236519E-004   1195.48        7.23122        3.47377      -0.110621E+008
  1095.23        50000.5        3258.18       0.237170E-004   1198.77        7.22253        3.46959      -0.110379E+008
  1114.81        50000.5        3255.68       0.237834E-004   1202.14        7.21210        3.46458      -0.110136E+008
  1134.38        50000.5        3253.13       0.238501E-004   1205.46        7.20109        3.45929      -0.109892E+008
  1153.96        50000.5        3250.56       0.239163E-004   1208.65        7.18998        3.45395      -0.109647E+008
  1173.54        50000.5        3244.66       0.239587E-004   1212.54        7.17662        3.44754      -0.109571E+008
  1193.12        50000.5        3238.68       0.239993E-004   1216.35        7.16328        3.44113      -0.109501E+008
  1212.69        50000.5        3232.67       0.240383E-004   1220.09        7.15013        3.43481      -0.109435E+008
  1232.27        50000.5        3226.67       0.240750E-004   1223.75        7.13751        3.42875      -0.109376E+008
  1251.85        50000.5        3220.83       0.241101E-004   1227.31        7.12562        3.42304      -0.109320E+008
  1271.42        50000.5        3215.20       0.241428E-004   1230.77        7.11477        3.41783      -0.109271E+008
  1291.00        50000.5        3210.03       0.241730E-004   1234.13        7.10566        3.41345      -0.109228E+008
  1310.58        50000.5        3210.51       0.242661E-004   1237.99        7.10925        3.41517      -0.109256E+008
  1330.15        50000.5        3206.23       0.242714E-004   1240.89        7.10502        3.41314      -0.109216E+008
  1349.73        50000.5        3203.23       0.242556E-004   1243.44        7.10642        3.41381      -0.109185E+008
  1369.31        50000.5        3201.98       0.242088E-004   1245.54        7.11547        3.41816      -0.109157E+008
  1388.88        50000.5        3202.28       0.241280E-004   1247.17        7.13150        3.42586      -0.109118E+008
  1408.46        50000.5        3209.80       0.239034E-004   1247.14        7.18028        3.44930      -0.109103E+008
  1428.04        50000.5        3217.82       0.236289E-004   1247.09        7.23985        3.47791      -0.109192E+008
  1447.62        50000.5        3256.05       0.226933E-004   1241.15        7.47409        3.59044      -0.109831E+008
  1467.19        50000.5        3265.11       0.224264E-004   1240.76        7.54117        3.62266      -0.109806E+008
  1486.77        50000.5        3261.77       0.224355E-004   1242.77        7.53593        3.62014      -0.109563E+008
  1506.35        50000.5        3258.28       0.224412E-004   1244.78        7.53092        3.61774      -0.109322E+008
  1525.92        50000.5        3254.90       0.224460E-004   1246.76        7.52570        3.61523      -0.109073E+008
  1545.50        50000.5        3251.40       0.224470E-004   1248.73        7.52073        3.61284      -0.108823E+008
  1565.08        50000.5        3247.82       0.224454E-004   1250.70        7.51589        3.61052      -0.108572E+008
  1584.65        50000.5        3243.70       0.224712E-004   1252.80        7.50964        3.60751      -0.108378E+008
  1604.23        50000.5        3239.58       0.225014E-004   1254.86        7.50329        3.60447      -0.108189E+008
  1623.81        50000.5        3235.54       0.225302E-004   1256.86        7.49727        3.60157      -0.107995E+008
  1643.38        50000.5        3231.43       0.225574E-004   1258.85        7.49083        3.59848      -0.107799E+008
  1662.96        50000.5        3227.44       0.225832E-004   1260.75        7.48469        3.59553      -0.107595E+008
  1682.54        50000.5        3223.44       0.226078E-004   1262.63        7.47849        3.59255      -0.107389E+008
  1702.12        50000.5        3219.47       0.226304E-004   1264.42        7.47219        3.58953      -0.107175E+008
  1721.69        50000.5        3215.49       0.226507E-004   1266.24        7.46593        3.58652      -0.106962E+008
  1741.27        50000.5        3211.43       0.226673E-004   1267.94        7.45908        3.58323      -0.106737E+008
  1760.85        50000.5        3207.46       0.226826E-004   1269.68        7.45277        3.58020      -0.106517E+008
  1780.42        50000.5        3203.17       0.226897E-004   1271.29        7.44500        3.57646      -0.106280E+008
  1800.00        50000.5        3199.16       0.226984E-004   1272.96        7.43849        3.57334      -0.106052E+008
  273.000        51282.5        3344.20       0.166170E-004   699.221        7.55638        3.62997      -0.118907E+008
  292.577        51282.5        3343.09       0.172967E-004   740.405        7.55425        3.62895      -0.118766E+008
  312.154        51282.5        3341.85       0.178843E-004   776.539        7.55129        3.62752      -0.118616E+008
  331.731        51282.5        3340.66       0.183944E-004   808.695        7.54886        3.62635      -0.118461E+008
  351.308        51282.5        3339.30       0.188409E-004   837.350        7.54520        3.62460      -0.118298E+008
  370.885        51282.5        3338.05       0.192345E-004   863.308        7.54253        3.62331      -0.118131E+008
  390.462        51282.5        3336.55       0.195792E-004   886.687        7.53801        3.62114      -0.117956E+008
  410.038        51282.5        3335.26       0.198913E-004   908.194        7.53514        3.61976      -0.117781E+008
  429.615        51282.5        3333.69       0.201704E-004   927.702        7.53022        3.61740      -0.117596E+008
  449.192        51282.5        3332.36       0.204243E-004   945.892        7.52718        3.61594      -0.117413E+008
  468.769        51282.5        3330.46       0.206460E-004   962.462        7.51989        3.61244      -0.117218E+008
  488.346        51282.5        3329.10       0.208574E-004   978.105        7.51673        3.61092      -0.117029E+008
  507.923        51282.5        3327.49       0.210407E-004   992.341        7.51183        3.60857      -0.116828E+008
  527.500        51282.5        3326.11       0.212207E-004   1005.97        7.50855        3.60699      -0.116633E+008
  547.077        51282.5        3324.21       0.213701E-004   1018.36        7.50151        3.60361      -0.116425E+008
  566.654        51282.5        3322.81       0.215264E-004   1030.37        7.49814        3.60199      -0.116224E+008
  586.231        51282.5        3320.81       0.216493E-004   1041.23        7.49050        3.59832      -0.116010E+008
  605.808        51282.5        3319.40       0.217875E-004   1051.90        7.48706        3.59667      -0.115805E+008
  625.385        51282.5        3317.32       0.218882E-004   1061.47        7.47891        3.59275      -0.115584E+008
  644.962        51282.5        3315.89       0.220124E-004   1071.02        7.47540        3.59107      -0.115376E+008
  664.538        51282.5        3313.74       0.220943E-004   1079.47        7.46680        3.58694      -0.115150E+008
  684.115        51282.5        3312.30       0.222080E-004   1088.07        7.46324        3.58523      -0.114937E+008
  703.692        51282.5        3310.15       0.222745E-004   1095.52        7.45464        3.58109      -0.114707E+008
  723.269        51282.5        3308.70       0.223804E-004   1103.30        7.45103        3.57936      -0.114491E+008
  742.846        51282.5        3306.54       0.224345E-004   1109.85        7.44244        3.57523      -0.114256E+008
  762.423        51282.5        3305.08       0.225363E-004   1116.92        7.43879        3.57348      -0.114038E+008
  782.000        51282.5        3302.72       0.225827E-004   1122.76        7.42854        3.56855      -0.113798E+008
  801.577        51282.5        3301.26       0.226930E-004   1129.32        7.42480        3.56676      -0.113577E+008
  821.154        51282.5        3298.99       0.228061E-004   1135.31        7.41499        3.56205      -0.113334E+008
  840.731        51282.5        3296.87       0.226659E-004   1138.22        7.40761        3.55850      -0.113103E+008
  860.308        51282.5        3294.57       0.227413E-004   1143.77        7.39774        3.55376      -0.112872E+008
  879.885        51282.5        3292.17       0.228185E-004   1149.25        7.38712        3.54866      -0.112639E+008
  899.462        51282.5        3289.72       0.228948E-004   1154.57        7.37615        3.54339      -0.112406E+008
  919.038        51282.5        3285.58       0.229791E-004   1159.62        7.34040        3.52621      -0.112155E+008
  938.615        51282.5        3283.07       0.230528E-004   1164.63        7.32909        3.52078      -0.111920E+008
  958.192        51282.5        3280.53       0.231253E-004   1169.49        7.31763        3.51528      -0.111683E+008
  977.769        51282.5        3278.01       0.231966E-004   1174.13        7.30642        3.50989      -0.111445E+008
  997.346        51282.5        3275.42       0.232667E-004   1178.62        7.29493        3.50437      -0.111207E+008
  1016.92        51282.5        3272.94       0.233362E-004   1182.87        7.28411        3.49918      -0.110968E+008
  1036.50        51282.5        3270.41       0.234036E-004   1186.89        7.27357        3.49411      -0.110727E+008
  1056.08        51282.5        3267.87       0.234720E-004   1190.87        7.26212        3.48861      -0.110486E+008
  1075.65        51282.5        3265.38       0.235371E-004   1194.47        7.25237        3.48393      -0.110244E+008
  1095.23        51282.5        3262.83       0.236050E-004   1198.17        7.24070        3.47832      -0.110002E+008
  1114.81        51282.5        3260.34       0.236700E-004   1201.53        7.23058        3.47346      -0.109759E+008
  1134.38        51282.5        3257.82       0.237354E-004   1204.83        7.21991        3.46833      -0.109516E+008
  1153.96        51282.5        3252.48       0.237817E-004   1208.73        7.20670        3.46199      -0.109410E+008
  1173.54        51282.5        3246.83       0.238249E-004   1212.60        7.19331        3.45555      -0.109320E+008
  1193.12        51282.5        3241.10       0.238666E-004   1216.39        7.18003        3.44918      -0.109236E+008
  1212.69        51282.5        3241.55       0.239881E-004   1220.86        7.17972        3.44903      -0.109231E+008
  1232.27        51282.5        3236.06       0.240015E-004   1224.48        7.17268        3.44564      -0.109215E+008
  1251.85        51282.5        3229.94       0.240615E-004   1228.03        7.15452        3.43692      -0.109092E+008
  1271.42        51282.5        3224.30       0.240928E-004   1231.45        7.14324        3.43150      -0.109030E+008
  1291.00        51282.5        3218.84       0.241223E-004   1234.76        7.13258        3.42638      -0.108965E+008
  1310.58        51282.5        3218.24       0.240797E-004   1236.90        7.14355        3.43165      -0.108919E+008
  1330.15        51282.5        3209.34       0.241584E-004   1240.81        7.11792        3.41934      -0.108847E+008
  1349.73        51282.5        3206.51       0.241410E-004   1243.32        7.11991        3.42029      -0.108812E+008
  1369.31        51282.5        3203.76       0.241280E-004   1245.74        7.12098        3.42081      -0.108756E+008
  1388.88        51282.5        3203.60       0.240651E-004   1247.49        7.13432        3.42721      -0.108713E+008
  1408.46        51282.5        3205.67       0.239504E-004   1248.66        7.15840        3.43878      -0.108676E+008
  1428.04        51282.5        3212.72       0.237212E-004   1248.70        7.20761        3.46242      -0.108680E+008
  1447.62        51282.5        3233.24       0.231821E-004   1246.16        7.33935        3.52571      -0.109021E+008
  1467.19        51282.5        3267.94       0.223379E-004   1240.72        7.55414        3.62889      -0.109480E+008
  1486.77        51282.5        3264.64       0.223463E-004   1242.71        7.54887        3.62636      -0.109234E+008
  1506.35        51282.5        3261.26       0.223519E-004   1244.70        7.54373        3.62389      -0.108987E+008
  1525.92        51282.5        3257.86       0.223564E-004   1246.67        7.53860        3.62143      -0.108740E+008
  1545.50        51282.5        3254.38       0.223572E-004   1248.64        7.53378        3.61911      -0.108488E+008
  1565.08        51282.5        3250.87       0.223556E-004   1250.59        7.52879        3.61671      -0.108234E+008
  1584.65        51282.5        3246.99       0.223691E-004   1252.62        7.52315        3.61400      -0.108013E+008
  1604.23        51282.5        3242.91       0.223981E-004   1254.67        7.51672        3.61092      -0.107822E+008
  1623.81        51282.5        3238.87       0.224258E-004   1256.67        7.51051        3.60793      -0.107625E+008
  1643.38        51282.5        3234.79       0.224528E-004   1258.65        7.50426        3.60493      -0.107428E+008
  1662.96        51282.5        3230.85       0.224778E-004   1260.55        7.49815        3.60199      -0.107222E+008
  1682.54        51282.5        3226.86       0.225020E-004   1262.42        7.49199        3.59904      -0.107016E+008
  1702.12        51282.5        3222.97       0.225233E-004   1264.23        7.48582        3.59607      -0.106801E+008
  1721.69        51282.5        3219.02       0.225437E-004   1266.02        7.47960        3.59308      -0.106586E+008
  1741.27        51282.5        3215.10       0.225600E-004   1267.74        7.47320        3.59001      -0.106363E+008
  1760.85        51282.5        3211.12       0.225750E-004   1269.45        7.46675        3.58691      -0.106140E+008
  1780.42        51282.5        3207.11       0.225841E-004   1271.10        7.45991        3.58363      -0.105907E+008
  1800.00        51282.5        3203.03       0.225915E-004   1272.74        7.45300        3.58030      -0.105674E+008
  273.000        52564.6        3347.58       0.165497E-004   698.828        7.56777        3.63544      -0.118526E+008
  292.577        52564.6        3346.47       0.172265E-004   740.042        7.56565        3.63442      -0.118385E+008
  312.154        52564.6        3345.24       0.178115E-004   776.202        7.56269        3.63300      -0.118235E+008
  331.731        52564.6        3344.05       0.183193E-004   808.381        7.56027        3.63184      -0.118080E+008
  351.308        52564.6        3342.69       0.187638E-004   837.057        7.55664        3.63009      -0.117916E+008
  370.885        52564.6        3341.45       0.191556E-004   863.035        7.55397        3.62881      -0.117750E+008
  390.462        52564.6        3339.95       0.194986E-004   886.430        7.54948        3.62665      -0.117575E+008
  410.038        52564.6        3338.67       0.198092E-004   907.950        7.54662        3.62528      -0.117399E+008
  429.615        52564.6        3337.10       0.200869E-004   927.471        7.54173        3.62293      -0.117215E+008
  449.192        52564.6        3335.78       0.203395E-004   945.672        7.53870        3.62148      -0.117032E+008
  468.769        52564.6        3333.89       0.205599E-004   962.252        7.53145        3.61799      -0.116837E+008
  488.346        52564.6        3332.54       0.207703E-004   977.903        7.52830        3.61648      -0.116648E+008
  507.923        52564.6        3330.93       0.209525E-004   992.146        7.52343        3.61414      -0.116447E+008
  527.500        52564.6        3329.56       0.211315E-004   1005.78        7.52017        3.61257      -0.116252E+008
  547.077        52564.6        3327.66       0.212800E-004   1018.18        7.51316        3.60921      -0.116044E+008
  566.654        52564.6        3326.27       0.214353E-004   1030.19        7.50981        3.60760      -0.115843E+008
  586.231        52564.6        3324.28       0.215573E-004   1041.06        7.50221        3.60394      -0.115629E+008
  605.808        52564.6        3322.87       0.216946E-004   1051.73        7.49878        3.60230      -0.115424E+008
  625.385        52564.6        3320.80       0.217944E-004   1061.30        7.49068        3.59841      -0.115203E+008
  644.962        52564.6        3319.38       0.219179E-004   1070.86        7.48719        3.59673      -0.114995E+008
  664.538        52564.6        3317.24       0.219990E-004   1079.31        7.47864        3.59262      -0.114769E+008
  684.115        52564.6        3315.81       0.221118E-004   1087.91        7.47510        3.59092      -0.114556E+008
  703.692        52564.6        3313.66       0.221776E-004   1095.36        7.46654        3.58681      -0.114326E+008
  723.269        52564.6        3312.22       0.222827E-004   1103.14        7.46296        3.58509      -0.114110E+008
  742.846        52564.6        3310.07       0.223359E-004   1109.69        7.45442        3.58099      -0.113875E+008
  762.423        52564.6        3308.62       0.224367E-004   1116.75        7.45079        3.57924      -0.113657E+008
  782.000        52564.6        3306.28       0.224817E-004   1122.58        7.44060        3.57435      -0.113417E+008
  801.577        52564.6        3305.64       0.225488E-004   1127.77        7.44369        3.57583      -0.113187E+008
  821.154        52564.6        3303.42       0.226791E-004   1134.39        7.43396        3.57116      -0.112956E+008
  840.731        52564.6        3301.08       0.225671E-004   1137.84        7.42467        3.56670      -0.112726E+008
  860.308        52564.6        3298.79       0.226403E-004   1143.35        7.41484        3.56198      -0.112495E+008
  879.885        52564.6        3296.44       0.227165E-004   1148.76        7.40450        3.55701      -0.112263E+008
  899.462        52564.6        3294.06       0.227919E-004   1154.01        7.39400        3.55196      -0.112030E+008
  919.038        52564.6        3292.49       0.229849E-004   1159.17        7.35817        3.53475      -0.111784E+008
  938.615        52564.6        3290.03       0.230580E-004   1164.10        7.34729        3.52952      -0.111548E+008
  958.192        52564.6        3287.54       0.231300E-004   1168.88        7.33622        3.52421      -0.111312E+008
  977.769        52564.6        3289.06       0.231655E-004   1173.94        7.33998        3.52601      -0.111140E+008
  997.346        52564.6        3286.54       0.232354E-004   1178.39        7.32878        3.52063      -0.110901E+008
  1016.92        52564.6        3284.01       0.233043E-004   1182.66        7.31765        3.51528      -0.110661E+008
  1036.50        52564.6        3281.48       0.233723E-004   1186.77        7.30657        3.50996      -0.110421E+008
  1056.08        52564.6        3278.94       0.234394E-004   1190.71        7.29547        3.50463      -0.110180E+008
  1075.65        52564.6        3276.41       0.235058E-004   1194.47        7.28456        3.49939      -0.109938E+008
  1095.23        52564.6        3273.87       0.235714E-004   1198.08        7.27372        3.49418      -0.109695E+008
  1114.81        52564.6        3271.20       0.236357E-004   1201.57        7.26292        3.48900      -0.109459E+008
  1134.38        52564.6        3266.00       0.236833E-004   1205.59        7.24965        3.48262      -0.109347E+008
  1153.96        52564.6        3260.68       0.237293E-004   1209.53        7.23631        3.47621      -0.109241E+008
  1173.54        52564.6        3255.27       0.237737E-004   1213.38        7.22303        3.46983      -0.109140E+008
  1193.12        52564.6        3249.73       0.238161E-004   1217.16        7.20965        3.46340      -0.109046E+008
  1212.69        52564.6        3244.22       0.238571E-004   1220.82        7.19666        3.45716      -0.108953E+008
  1232.27        52564.6        3238.42       0.238927E-004   1224.47        7.18415        3.45115      -0.108883E+008
  1251.85        52564.6        3232.99       0.239321E-004   1227.95        7.17130        3.44498      -0.108788E+008
  1271.42        52564.6        3227.49       0.239614E-004   1231.35        7.16057        3.43983      -0.108725E+008
  1291.00        52564.6        3224.74       0.239296E-004   1234.09        7.16659        3.44272      -0.108734E+008
  1310.58        52564.6        3217.48       0.240131E-004   1237.68        7.14182        3.43082      -0.108577E+008
  1330.15        52564.6        3215.32       0.239893E-004   1240.09        7.14661        3.43312      -0.108534E+008
  1349.73        52564.6        3212.44       0.240081E-004   1242.54        7.14132        3.43058      -0.108384E+008
  1369.31        52564.6        3209.28       0.240030E-004   1245.03        7.14032        3.43010      -0.108318E+008
  1388.88        52564.6        3205.23       0.239916E-004   1247.75        7.13893        3.42943      -0.108314E+008
  1408.46        52564.6        3206.15       0.239081E-004   1249.17        7.15697        3.43810      -0.108262E+008
  1428.04        52564.6        3210.43       0.237466E-004   1249.80        7.19192        3.45489      -0.108236E+008
  1447.62        52564.6        3222.30       0.234071E-004   1248.88        7.27200        3.49335      -0.108377E+008
  1467.19        52564.6        3258.49       0.225265E-004   1243.11        7.49452        3.60025      -0.108938E+008
  1486.77        52564.6        3267.54       0.222577E-004   1242.65        7.56190        3.63262      -0.108903E+008
  1506.35        52564.6        3264.24       0.222639E-004   1244.61        7.55676        3.63015      -0.108654E+008
  1525.92        52564.6        3260.85       0.222680E-004   1246.58        7.55159        3.62767      -0.108405E+008
  1545.50        52564.6        3257.35       0.222674E-004   1248.54        7.54689        3.62541      -0.108152E+008
  1565.08        52564.6        3253.90       0.222664E-004   1250.48        7.54178        3.62296      -0.107896E+008
  1584.65        52564.6        3250.26       0.222688E-004   1252.44        7.53657        3.62045      -0.107650E+008
  1604.23        52564.6        3246.22       0.222972E-004   1254.49        7.53028        3.61743      -0.107456E+008
  1623.81        52564.6        3242.19       0.223251E-004   1256.49        7.52409        3.61446      -0.107260E+008
  1643.38        52564.6        3238.14       0.223515E-004   1258.46        7.51765        3.61136      -0.107060E+008
  1662.96        52564.6        3234.21       0.223761E-004   1260.35        7.51158        3.60844      -0.106853E+008
  1682.54        52564.6        3230.29       0.223999E-004   1262.22        7.50542        3.60549      -0.106644E+008
  1702.12        52564.6        3226.39       0.224216E-004   1264.02        7.49929        3.60254      -0.106429E+008
  1721.69        52564.6        3222.51       0.224408E-004   1265.80        7.49313        3.59958      -0.106212E+008
  1741.27        52564.6        3218.59       0.224577E-004   1267.52        7.48676        3.59652      -0.105989E+008
  1760.85        52564.6        3214.70       0.224718E-004   1269.23        7.48048        3.59351      -0.105763E+008
  1780.42        52564.6        3210.69       0.224817E-004   1270.87        7.47366        3.59023      -0.105531E+008
  1800.00        52564.6        3206.75       0.224887E-004   1272.51        7.46706        3.58706      -0.105297E+008
  273.000        53846.6        3350.98       0.164825E-004   698.437        7.57934        3.64100      -0.118145E+008
  292.577        53846.6        3349.87       0.171564E-004   739.679        7.57723        3.63998      -0.118004E+008
  312.154        53846.6        3348.68       0.177384E-004   775.868        7.57458        3.63871      -0.117854E+008
  331.731        53846.6        3347.50       0.182439E-004   808.068        7.57217        3.63755      -0.117699E+008
  351.308        53846.6        3346.20       0.186858E-004   836.766        7.56901        3.63603      -0.117536E+008
  370.885        53846.6        3344.97       0.190758E-004   862.757        7.56636        3.63476      -0.117370E+008
  390.462        53846.6        3343.58       0.194195E-004   886.168        7.56270        3.63300      -0.117195E+008
  410.038        53846.6        3342.30       0.197286E-004   907.696        7.55985        3.63163      -0.117019E+008
  429.615        53846.6        3340.82       0.200017E-004   927.223        7.55564        3.62961      -0.116835E+008
  449.192        53846.6        3339.50       0.202530E-004   945.422        7.55263        3.62817      -0.116652E+008
  468.769        53846.6        3337.95       0.204724E-004   961.988        7.54804        3.62596      -0.116459E+008
  488.346        53846.6        3336.61       0.206817E-004   977.625        7.54491        3.62446      -0.116269E+008
  507.923        53846.6        3334.95       0.208624E-004   991.879        7.53961        3.62191      -0.116068E+008
  527.500        53846.6        3333.58       0.210404E-004   1005.50        7.53636        3.62035      -0.115873E+008
  547.077        53846.6        3331.90       0.211852E-004   1017.86        7.53102        3.61779      -0.115665E+008
  566.654        53846.6        3330.51       0.213397E-004   1029.84        7.52769        3.61619      -0.115464E+008
  586.231        53846.6        3328.73       0.214596E-004   1040.66        7.52173        3.61332      -0.115250E+008
  605.808        53846.6        3327.33       0.215961E-004   1051.29        7.51832        3.61169      -0.115045E+008
  625.385        53846.6        3325.49       0.216937E-004   1060.78        7.51204        3.60867      -0.114825E+008
  644.962        53846.6        3324.07       0.218163E-004   1070.29        7.50857        3.60700      -0.114616E+008
  664.538        53846.6        3322.19       0.218948E-004   1078.63        7.50201        3.60385      -0.114391E+008
  684.115        53846.6        3320.76       0.220069E-004   1087.16        7.49849        3.60216      -0.114179E+008
  703.692        53846.6        3318.85       0.220690E-004   1094.46        7.49176        3.59893      -0.113948E+008
  723.269        53846.6        3317.42       0.221733E-004   1102.15        7.48821        3.59722      -0.113733E+008
  742.846        53846.6        3315.55       0.222220E-004   1108.48        7.48190        3.59419      -0.113497E+008
  762.423        53846.6        3314.11       0.223217E-004   1115.44        7.47830        3.59246      -0.113280E+008
  782.000        53846.6        3312.09       0.223639E-004   1120.99        7.47069        3.58880      -0.113039E+008
  801.577        53846.6        3309.89       0.224490E-004   1127.29        7.46123        3.58426      -0.112810E+008
  821.154        53846.6        3307.52       0.225700E-004   1133.92        7.45043        3.57907      -0.112580E+008
  840.731        53846.6        3305.15       0.224706E-004   1137.57        7.44074        3.57442      -0.112349E+008
  860.308        53846.6        3302.91       0.225409E-004   1143.02        7.43122        3.56984      -0.112118E+008
  879.885        53846.6        3300.63       0.226161E-004   1148.36        7.42138        3.56512      -0.111887E+008
  899.462        53846.6        3299.19       0.228075E-004   1153.63        7.38614        3.54819      -0.111642E+008
  919.038        53846.6        3296.82       0.228813E-004   1158.66        7.37585        3.54324      -0.111408E+008
  938.615        53846.6        3294.42       0.229537E-004   1163.52        7.36532        3.53818      -0.111173E+008
  958.192        53846.6        3296.01       0.229896E-004   1168.68        7.36971        3.54030      -0.111002E+008
  977.769        53846.6        3293.54       0.230597E-004   1173.25        7.35873        3.53502      -0.110765E+008
  997.346        53846.6        3291.03       0.231288E-004   1177.67        7.34757        3.52966      -0.110526E+008
  1016.92        53846.6        3288.57       0.231969E-004   1181.91        7.33680        3.52448      -0.110287E+008
  1036.50        53846.6        3286.03       0.232640E-004   1186.02        7.32559        3.51910      -0.110046E+008
  1056.08        53846.6        3283.55       0.233305E-004   1189.94        7.31486        3.51395      -0.109805E+008
  1075.65        53846.6        3281.04       0.233961E-004   1193.72        7.30401        3.50873      -0.109563E+008
  1095.23        53846.6        3277.51       0.234546E-004   1197.61        7.29214        3.50303      -0.109370E+008
  1114.81        53846.6        3270.61       0.234881E-004   1202.20        7.27781        3.49614      -0.109339E+008
  1134.38        53846.6        3267.69       0.235521E-004   1205.69        7.26603        3.49049      -0.109119E+008
  1153.96        53846.6        3260.99       0.235820E-004   1210.02        7.25278        3.48412      -0.109089E+008
  1173.54        53846.6        3257.40       0.236431E-004   1213.42        7.23962        3.47780      -0.108889E+008
  1193.12        53846.6        3252.43       0.236789E-004   1217.16        7.22835        3.47239      -0.108783E+008
  1212.69        53846.6        3246.78       0.237275E-004   1220.82        7.21339        3.46520      -0.108679E+008
  1232.27        53846.6        3241.41       0.237661E-004   1224.40        7.20073        3.45912      -0.108582E+008
  1251.85        53846.6        3236.03       0.238045E-004   1227.87        7.18802        3.45301      -0.108485E+008
  1271.42        53846.6        3230.77       0.238383E-004   1231.23        7.17648        3.44747      -0.108396E+008
  1291.00        53846.6        3225.50       0.238719E-004   1234.50        7.16489        3.44190      -0.108306E+008
  1310.58        53846.6        3220.70       0.238978E-004   1237.59        7.15569        3.43748      -0.108220E+008
  1330.15        53846.6        3215.88       0.239235E-004   1240.60        7.14643        3.43303      -0.108136E+008
  1349.73        53846.6        3217.74       0.238700E-004   1241.95        7.16320        3.44109      -0.108011E+008
  1369.31        53846.6        3208.69       0.239386E-004   1245.84        7.13899        3.42946      -0.107976E+008
  1388.88        53846.6        3206.93       0.239136E-004   1247.95        7.14389        3.43181      -0.107910E+008
  1408.46        53846.6        3207.44       0.238467E-004   1249.51        7.15955        3.43933      -0.107860E+008
  1428.04        53846.6        3209.83       0.237320E-004   1250.54        7.18470        3.45142      -0.107809E+008
  1447.62        53846.6        3217.11       0.235030E-004   1250.47        7.23626        3.47618      -0.107822E+008
  1467.19        53846.6        3237.87       0.229681E-004   1247.76        7.37076        3.54080      -0.108163E+008
  1486.77        53846.6        3270.46       0.221713E-004   1242.58        7.57488        3.63885      -0.108574E+008
  1506.35        53846.6        3267.16       0.221765E-004   1244.54        7.56971        3.63637      -0.108322E+008
  1525.92        53846.6        3263.83       0.221805E-004   1246.49        7.56454        3.63389      -0.108070E+008
  1545.50        53846.6        3260.42       0.221805E-004   1248.43        7.55958        3.63150      -0.107814E+008
  1565.08        53846.6        3256.99       0.221792E-004   1250.37        7.55462        3.62912      -0.107557E+008
  1584.65        53846.6        3253.49       0.221744E-004   1252.29        7.54983        3.62682      -0.107296E+008
  1604.23        53846.6        3249.47       0.221984E-004   1254.32        7.54355        3.62380      -0.107093E+008
  1623.81        53846.6        3245.50       0.222252E-004   1256.31        7.53728        3.62079      -0.106892E+008
  1643.38        53846.6        3241.48       0.222514E-004   1258.27        7.53098        3.61777      -0.106691E+008
  1662.96        53846.6        3237.61       0.222755E-004   1260.15        7.52490        3.61485      -0.106481E+008
  1682.54        53846.6        3233.70       0.222990E-004   1262.01        7.51878        3.61191      -0.106272E+008
  1702.12        53846.6        3229.86       0.223195E-004   1263.81        7.51270        3.60899      -0.106055E+008
  1721.69        53846.6        3225.98       0.223392E-004   1265.58        7.50659        3.60605      -0.105838E+008
  1741.27        53846.6        3222.15       0.223550E-004   1267.30        7.50039        3.60307      -0.105613E+008
  1760.85        53846.6        3218.27       0.223698E-004   1269.00        7.49415        3.60007      -0.105387E+008
  1780.42        53846.6        3214.39       0.223792E-004   1270.64        7.48763        3.59694      -0.105154E+008
  1800.00        53846.6        3210.46       0.223872E-004   1272.27        7.48104        3.59378      -0.104921E+008
  273.000        55128.7        3354.35       0.164162E-004   698.049        7.59073        3.64647      -0.117764E+008
  292.577        55128.7        3353.23       0.170874E-004   739.285        7.58851        3.64540      -0.117623E+008
  312.154        55128.7        3352.04       0.176670E-004   775.534        7.58589        3.64414      -0.117474E+008
  331.731        55128.7        3350.87       0.181704E-004   807.759        7.58349        3.64299      -0.117319E+008
  351.308        55128.7        3349.58       0.186103E-004   836.477        7.58035        3.64148      -0.117155E+008
  370.885        55128.7        3348.34       0.189985E-004   862.486        7.57770        3.64021      -0.116989E+008
  390.462        55128.7        3346.96       0.193405E-004   885.914        7.57407        3.63846      -0.116815E+008
  410.038        55128.7        3345.69       0.196482E-004   907.455        7.57123        3.63710      -0.116639E+008
  429.615        55128.7        3344.21       0.199199E-004   926.995        7.56704        3.63509      -0.116455E+008
  449.192        55128.7        3342.90       0.201701E-004   945.204        7.56405        3.63365      -0.116271E+008
  468.769        55128.7        3341.35       0.203882E-004   961.780        7.55948        3.63146      -0.116078E+008
  488.346        55128.7        3340.01       0.205965E-004   977.426        7.55636        3.62996      -0.115889E+008
  507.923        55128.7        3338.36       0.207761E-004   991.687        7.55109        3.62743      -0.115688E+008
  527.500        55128.7        3337.00       0.209532E-004   1005.31        7.54786        3.62587      -0.115492E+008
  547.077        55128.7        3335.32       0.210971E-004   1017.68        7.54255        3.62333      -0.115285E+008
  566.654        55128.7        3333.94       0.212507E-004   1029.66        7.53924        3.62173      -0.115084E+008
  586.231        55128.7        3332.17       0.213698E-004   1040.48        7.53331        3.61888      -0.114870E+008
  605.808        55128.7        3330.77       0.215055E-004   1051.12        7.52992        3.61726      -0.114665E+008
  625.385        55128.7        3328.94       0.216023E-004   1060.62        7.52367        3.61425      -0.114445E+008
  644.962        55128.7        3327.53       0.217242E-004   1070.12        7.52022        3.61260      -0.114236E+008
  664.538        55128.7        3325.66       0.218020E-004   1078.47        7.51370        3.60946      -0.114010E+008
  684.115        55128.7        3324.24       0.219132E-004   1087.00        7.51020        3.60778      -0.113798E+008
  703.692        55128.7        3322.34       0.219747E-004   1094.30        7.50352        3.60457      -0.113568E+008
  723.269        55128.7        3321.53       0.220438E-004   1101.07        7.50529        3.60542      -0.113344E+008
  742.846        55128.7        3319.91       0.221160E-004   1107.80        7.50058        3.60316      -0.113118E+008
  762.423        55128.7        3318.09       0.221722E-004   1113.99        7.49409        3.60004      -0.112886E+008
  782.000        55128.7        3316.17       0.222667E-004   1120.61        7.48704        3.59666      -0.112663E+008
  801.577        55128.7        3313.90       0.223575E-004   1127.04        7.47708        3.59188      -0.112434E+008
  821.154        55128.7        3311.57       0.224673E-004   1133.54        7.46651        3.58679      -0.112204E+008
  840.731        55128.7        3309.22       0.223816E-004   1137.37        7.45682        3.58214      -0.111973E+008
  860.308        55128.7        3306.97       0.224428E-004   1142.73        7.44718        3.57751      -0.111742E+008
  879.885        55128.7        3304.75       0.225170E-004   1148.04        7.43775        3.57298      -0.111511E+008
  899.462        55128.7        3303.38       0.227063E-004   1153.26        7.40290        3.55624      -0.111266E+008
  919.038        55128.7        3305.10       0.227438E-004   1158.67        7.40846        3.55891      -0.111099E+008
  938.615        55128.7        3302.73       0.228156E-004   1163.49        7.39805        3.55391      -0.110864E+008
  958.192        55128.7        3300.34       0.228862E-004   1168.16        7.38754        3.54886      -0.110628E+008
  977.769        55128.7        3297.90       0.229555E-004   1172.69        7.37671        3.54365      -0.110390E+008
  997.346        55128.7        3295.50       0.230239E-004   1177.04        7.36626        3.53864      -0.110152E+008
  1016.92        55128.7        3293.04       0.230912E-004   1181.26        7.35544        3.53344      -0.109912E+008
  1036.50        55128.7        3290.57       0.231576E-004   1185.34        7.34459        3.52823      -0.109672E+008
  1056.08        55128.7        3287.65       0.232205E-004   1189.37        7.33339        3.52285      -0.109453E+008
  1075.65        55128.7        3283.28       0.232735E-004   1193.61        7.32079        3.51679      -0.109303E+008
  1095.23        55128.7        3278.83       0.233252E-004   1197.74        7.30801        3.51066      -0.109156E+008
  1114.81        55128.7        3271.36       0.233545E-004   1202.48        7.29229        3.50310      -0.109143E+008
  1134.38        55128.7        3267.71       0.234078E-004   1206.24        7.28140        3.49787      -0.108969E+008
  1153.96        55128.7        3263.76       0.234593E-004   1209.89        7.26945        3.49213      -0.108801E+008
  1173.54        55128.7        3259.82       0.235099E-004   1213.50        7.25715        3.48622      -0.108628E+008
  1193.12        55128.7        3254.69       0.235525E-004   1217.14        7.24455        3.48017      -0.108520E+008
  1212.69        55128.7        3251.09       0.236033E-004   1220.46        7.23234        3.47430      -0.108325E+008
  1232.27        55128.7        3244.10       0.236376E-004   1224.34        7.21769        3.46726      -0.108302E+008
  1251.85        55128.7        3239.08       0.236782E-004   1227.76        7.20498        3.46116      -0.108184E+008
  1271.42        55128.7        3233.86       0.237109E-004   1231.12        7.19360        3.45569      -0.108093E+008
  1291.00        55128.7        3228.87       0.237478E-004   1234.34        7.18153        3.44989      -0.107980E+008
  1310.58        55128.7        3224.11       0.237725E-004   1237.42        7.17260        3.44561      -0.107896E+008
  1330.15        55128.7        3219.36       0.238041E-004   1240.43        7.16198        3.44050      -0.107787E+008
  1349.73        55128.7        3220.09       0.237624E-004   1242.05        7.17488        3.44670      -0.107676E+008
  1369.31        55128.7        3216.14       0.237581E-004   1244.75        7.17275        3.44568      -0.107642E+008
  1388.88        55128.7        3209.27       0.238239E-004   1248.04        7.15198        3.43570      -0.107516E+008
  1408.46        55128.7        3208.67       0.237816E-004   1249.83        7.16183        3.44043      -0.107448E+008
  1428.04        55128.7        3210.34       0.236912E-004   1251.04        7.18302        3.45061      -0.107394E+008
  1447.62        55128.7        3214.94       0.235278E-004   1251.52        7.21959        3.46818      -0.107360E+008
  1467.19        55128.7        3227.46       0.231810E-004   1250.42        7.30579        3.50959      -0.107535E+008
  1486.77        55128.7        3262.43       0.223323E-004   1244.70        7.52236        3.61363      -0.108047E+008
  1506.35        55128.7        3270.17       0.220905E-004   1244.45        7.58269        3.64260      -0.107987E+008
  1525.92        55128.7        3266.87       0.220938E-004   1246.39        7.57758        3.64015      -0.107732E+008
  1545.50        55128.7        3263.68       0.220868E-004   1248.24        7.57304        3.63797      -0.107443E+008
  1565.08        55128.7        3260.08       0.220925E-004   1250.24        7.56759        3.63535      -0.107216E+008
  1584.65        55128.7        3256.59       0.220878E-004   1252.16        7.56272        3.63302      -0.106954E+008
  1604.23        55128.7        3252.77       0.221010E-004   1254.14        7.55701        3.63027      -0.106729E+008
  1623.81        55128.7        3248.80       0.221279E-004   1256.13        7.55076        3.62727      -0.106528E+008
  1643.38        55128.7        3244.81       0.221537E-004   1258.08        7.54432        3.62417      -0.106324E+008
  1662.96        55128.7        3240.94       0.221775E-004   1259.96        7.53827        3.62127      -0.106114E+008
  1682.54        55128.7        3237.07       0.222007E-004   1261.81        7.53209        3.61830      -0.105902E+008
  1702.12        55128.7        3233.28       0.222200E-004   1263.59        7.52622        3.61548      -0.105684E+008
  1721.69        55128.7        3229.42       0.222404E-004   1265.37        7.51996        3.61247      -0.105465E+008
  1741.27        55128.7        3225.59       0.222567E-004   1267.09        7.51379        3.60951      -0.105240E+008
  1760.85        55128.7        3221.78       0.222709E-004   1268.78        7.50766        3.60656      -0.105012E+008
  1780.42        55128.7        3217.91       0.222809E-004   1270.42        7.50114        3.60343      -0.104779E+008
  1800.00        55128.7        3214.07       0.222887E-004   1272.04        7.49477        3.60037      -0.104545E+008
  273.000        56410.7        3680.46       0.178887E-004   681.838        8.22025        3.94888      -0.117578E+008
  292.577        56410.7        3356.60       0.170189E-004   738.927        7.59990        3.65087      -0.117243E+008
  312.154        56410.7        3355.45       0.175954E-004   775.204        7.59757        3.64975      -0.117094E+008
  331.731        56410.7        3354.28       0.180965E-004   807.449        7.59518        3.64861      -0.116939E+008
  351.308        56410.7        3353.04       0.185339E-004   836.188        7.59243        3.64728      -0.116776E+008
  370.885        56410.7        3351.81       0.189203E-004   862.211        7.58980        3.64602      -0.116609E+008
  390.462        56410.7        3350.49       0.192598E-004   885.653        7.58664        3.64450      -0.116435E+008
  410.038        56410.7        3349.22       0.195661E-004   907.202        7.58382        3.64315      -0.116259E+008
  429.615        56410.7        3347.88       0.198342E-004   926.743        7.58074        3.64167      -0.116075E+008
  449.192        56410.7        3346.58       0.200831E-004   944.951        7.57776        3.64024      -0.115892E+008
  468.769        56410.7        3345.12       0.203006E-004   961.527        7.57388        3.63837      -0.115699E+008
  488.346        56410.7        3343.79       0.205078E-004   977.165        7.57077        3.63688      -0.115509E+008
  507.923        56410.7        3342.23       0.206828E-004   991.407        7.56630        3.63473      -0.115309E+008
  527.500        56410.7        3340.88       0.208589E-004   1005.01        7.56308        3.63319      -0.115113E+008
  547.077        56410.7        3339.41       0.210030E-004   1017.35        7.55944        3.63144      -0.114906E+008
  566.654        56410.7        3338.04       0.211557E-004   1029.31        7.55614        3.62985      -0.114705E+008
  586.231        56410.7        3336.47       0.212725E-004   1040.08        7.55180        3.62777      -0.114491E+008
  605.808        56410.7        3335.07       0.214073E-004   1050.67        7.54843        3.62615      -0.114287E+008
  625.385        56410.7        3333.46       0.215013E-004   1060.09        7.54389        3.62397      -0.114066E+008
  644.962        56410.7        3332.06       0.216224E-004   1069.54        7.54046        3.62232      -0.113858E+008
  664.538        56410.7        3330.43       0.216969E-004   1077.76        7.53588        3.62012      -0.113632E+008
  684.115        56410.7        3329.01       0.218074E-004   1086.23        7.53241        3.61845      -0.113420E+008
  703.692        56410.7        3327.38       0.218648E-004   1093.35        7.52782        3.61625      -0.113189E+008
  723.269        56410.7        3325.85       0.219400E-004   1100.43        7.52379        3.61431      -0.112965E+008
  742.846        56410.7        3324.47       0.220056E-004   1106.91        7.52103        3.61299      -0.112738E+008
  762.423        56410.7        3322.14       0.220900E-004   1113.79        7.51040        3.60788      -0.112511E+008
  782.000        56410.7        3325.93       0.221936E-004   1119.12        7.49250        3.59928      -0.112284E+008
  801.577        56410.7        3323.55       0.222642E-004   1125.33        7.48190        3.59419      -0.112054E+008
  821.154        56410.7        3321.44       0.223351E-004   1131.24        7.47292        3.58988      -0.111826E+008
  840.731        56410.7        3319.12       0.223994E-004   1136.92        7.46258        3.58491      -0.111596E+008
  860.308        56410.7        3316.78       0.224609E-004   1142.38        7.45209        3.57987      -0.111364E+008
  879.885        56410.7        3314.42       0.225203E-004   1147.63        7.44145        3.57476      -0.111130E+008
  899.462        56410.7        3311.83       0.225788E-004   1153.04        7.43325        3.57082      -0.110928E+008
  919.038        56410.7        3309.25       0.226433E-004   1158.32        7.42508        3.56689      -0.110724E+008
  938.615        56410.7        3306.94       0.227145E-004   1163.10        7.41504        3.56207      -0.110489E+008
  958.192        56410.7        3304.59       0.227843E-004   1167.73        7.40481        3.55716      -0.110253E+008
  977.769        56410.7        3302.24       0.228530E-004   1172.20        7.39458        3.55224      -0.110016E+008
  997.346        56410.7        3299.84       0.229205E-004   1176.53        7.38404        3.54718      -0.109778E+008
  1016.92        56410.7        3296.50       0.229813E-004   1180.93        7.37271        3.54173      -0.109584E+008
  1036.50        56410.7        3290.98       0.230274E-004   1185.74        7.35773        3.53454      -0.109474E+008
  1056.08        56410.7        3288.55       0.230923E-004   1189.61        7.34860        3.53015      -0.109255E+008
  1075.65        56410.7        3284.66       0.231470E-004   1193.75        7.33633        3.52426      -0.109082E+008
  1095.23        56410.7        3280.13       0.231971E-004   1197.91        7.32386        3.51827      -0.108942E+008
  1114.81        56410.7        3275.63       0.232463E-004   1201.95        7.31113        3.51215      -0.108798E+008
  1134.38        56410.7        3271.13       0.232951E-004   1205.87        7.29838        3.50603      -0.108653E+008
  1153.96        56410.7        3266.70       0.233399E-004   1209.70        7.28598        3.50007      -0.108502E+008
  1173.54        56410.7        3261.79       0.233878E-004   1213.46        7.27282        3.49375      -0.108378E+008
  1193.12        56410.7        3256.63       0.234255E-004   1217.26        7.26029        3.48773      -0.108268E+008
  1212.69        56410.7        3252.06       0.234739E-004   1220.73        7.24718        3.48143      -0.108123E+008
  1232.27        56410.7        3247.09       0.235139E-004   1224.24        7.23456        3.47537      -0.108002E+008
  1251.85        56410.7        3242.12       0.235536E-004   1227.65        7.22189        3.46929      -0.107882E+008
  1271.42        56410.7        3237.17       0.235897E-004   1230.97        7.21002        3.46358      -0.107769E+008
  1291.00        56410.7        3232.22       0.236255E-004   1234.19        7.19809        3.45785      -0.107655E+008
  1310.58        56410.7        3227.53       0.236560E-004   1237.27        7.18780        3.45291      -0.107547E+008
  1330.15        56410.7        3222.82       0.236862E-004   1240.27        7.17745        3.44794      -0.107439E+008
  1349.73        56410.7        3218.85       0.237059E-004   1243.01        7.17063        3.44466      -0.107334E+008
  1369.31        56410.7        3214.86       0.237250E-004   1245.69        7.16376        3.44136      -0.107231E+008
  1388.88        56410.7        3213.02       0.237147E-004   1247.81        7.16620        3.44253      -0.107137E+008
  1408.46        56410.7        3210.52       0.237031E-004   1250.01        7.16728        3.44305      -0.107047E+008
  1428.04        56410.7        3211.30       0.236372E-004   1251.44        7.18358        3.45088      -0.106982E+008
  1447.62        56410.7        3214.40       0.235144E-004   1252.25        7.21206        3.46456      -0.106930E+008
  1467.19        56410.7        3222.16       0.232795E-004   1252.07        7.26915        3.49199      -0.106985E+008
  1486.77        56410.7        3243.23       0.227450E-004   1249.13        7.40493        3.55721      -0.107292E+008
  1506.35        56410.7        3273.22       0.220048E-004   1244.34        7.59581        3.64891      -0.107649E+008
  1525.92        56410.7        3269.90       0.220080E-004   1246.28        7.59058        3.64640      -0.107393E+008
  1545.50        56410.7        3266.48       0.220046E-004   1248.20        7.58581        3.64411      -0.107130E+008
  1565.08        56410.7        3263.16       0.220067E-004   1250.12        7.58051        3.64156      -0.106875E+008
  1584.65        56410.7        3259.73       0.220018E-004   1252.03        7.57567        3.63924      -0.106611E+008
  1604.23        56410.7        3256.05       0.220055E-004   1253.97        7.57032        3.63666      -0.106366E+008
  1623.81        56410.7        3252.10       0.220316E-004   1255.94        7.56398        3.63362      -0.106162E+008
  1643.38        56410.7        3248.12       0.220571E-004   1257.90        7.55760        3.63055      -0.105958E+008
  1662.96        56410.7        3244.29       0.220806E-004   1259.77        7.55148        3.62762      -0.105745E+008
  1682.54        56410.7        3240.43       0.221034E-004   1261.62        7.54533        3.62466      -0.105533E+008
  1702.12        56410.7        3236.65       0.221236E-004   1263.40        7.53932        3.62177      -0.105313E+008
  1721.69        56410.7        3232.84       0.221428E-004   1265.17        7.53327        3.61887      -0.105093E+008
  1741.27        56410.7        3229.08       0.221585E-004   1266.87        7.52721        3.61595      -0.104865E+008
  1760.85        56410.7        3225.28       0.221731E-004   1268.55        7.52111        3.61302      -0.104637E+008
  1780.42        56410.7        3221.50       0.221829E-004   1270.19        7.51479        3.60999      -0.104403E+008
  1800.00        56410.7        3217.66       0.221914E-004   1271.81        7.50843        3.60693      -0.104169E+008
  273.000        57692.7        3683.63       0.178241E-004   681.382        8.23108        3.95409      -0.117231E+008
  292.577        57692.7        3682.32       0.186518E-004   728.536        8.22897        3.95307      -0.117093E+008
  312.154        57692.7        3680.98       0.193724E-004   769.024        8.22670        3.95198      -0.116946E+008
  331.731        57692.7        3357.64       0.180234E-004   807.086        7.60656        3.65407      -0.116558E+008
  351.308        57692.7        3356.43       0.184590E-004   835.901        7.60401        3.65285      -0.116396E+008
  370.885        57692.7        3355.20       0.188422E-004   861.861        7.60136        3.65157      -0.116228E+008
  390.462        57692.7        3353.85       0.191825E-004   885.401        7.59791        3.64992      -0.116055E+008
  410.038        57692.7        3352.58       0.194873E-004   906.964        7.59510        3.64857      -0.115880E+008
  429.615        57692.7        3351.25       0.197542E-004   926.517        7.59204        3.64710      -0.115696E+008
  449.192        57692.7        3349.95       0.200019E-004   944.735        7.58907        3.64567      -0.115513E+008
  468.769        57692.7        3348.50       0.202183E-004   961.322        7.58521        3.64382      -0.115320E+008
  488.346        57692.7        3347.17       0.204244E-004   976.968        7.58212        3.64233      -0.115130E+008
  507.923        57692.7        3345.62       0.205985E-004   991.217        7.57767        3.64019      -0.114929E+008
  527.500        57692.7        3344.53       0.207615E-004   1004.57        7.57674        3.63975      -0.114730E+008
  547.077        57692.7        3343.12       0.209129E-004   1017.10        7.57335        3.63812      -0.114527E+008
  566.654        57692.7        3341.70       0.210519E-004   1028.81        7.56991        3.63647      -0.114321E+008
  586.231        57692.7        3340.27       0.211797E-004   1039.78        7.56645        3.63480      -0.114112E+008
  605.808        57692.7        3338.83       0.212974E-004   1050.08        7.56295        3.63312      -0.113901E+008
  625.385        57692.7        3337.39       0.214059E-004   1059.74        7.55943        3.63143      -0.113688E+008
  644.962        57692.7        3341.87       0.215681E-004   1068.13        7.54685        3.62539      -0.113468E+008
  664.538        57692.7        3340.41       0.216568E-004   1076.59        7.54331        3.62369      -0.113250E+008
  684.115        57692.7        3338.95       0.217382E-004   1084.51        7.53979        3.62200      -0.113030E+008
  703.692        57692.7        3337.49       0.218127E-004   1091.92        7.53633        3.62034      -0.112807E+008
  723.269        57692.7        3336.04       0.218808E-004   1098.84        7.53287        3.61867      -0.112583E+008
  742.846        57692.7        3334.17       0.219560E-004   1105.71        7.52611        3.61543      -0.112359E+008
  762.423        57692.7        3332.03       0.220342E-004   1112.48        7.51712        3.61111      -0.112135E+008
  782.000        57692.7        3329.83       0.221065E-004   1118.94        7.50758        3.60652      -0.111909E+008
  801.577        57692.7        3327.31       0.221715E-004   1125.16        7.49601        3.60097      -0.111678E+008
  821.154        57692.7        3325.20       0.222410E-004   1131.06        7.48725        3.59676      -0.111450E+008
  840.731        57692.7        3323.01       0.223058E-004   1136.73        7.47772        3.59218      -0.111221E+008
  860.308        57692.7        3320.79       0.223703E-004   1142.18        7.46795        3.58749      -0.110989E+008
  879.885        57692.7        3318.49       0.224298E-004   1147.41        7.45767        3.58255      -0.110756E+008
  899.462        57692.7        3316.16       0.224884E-004   1152.45        7.44726        3.57755      -0.110522E+008
  919.038        57692.7        3313.96       0.225603E-004   1157.35        7.43800        3.57310      -0.110289E+008
  938.615        57692.7        3311.42       0.226232E-004   1162.40        7.43003        3.56927      -0.110083E+008
  958.192        57692.7        3307.48       0.226757E-004   1167.63        7.42066        3.56477      -0.109943E+008
  977.769        57692.7        3304.21       0.227377E-004   1172.28        7.40975        3.55953      -0.109753E+008
  997.346        57692.7        3300.72       0.227973E-004   1176.83        7.39856        3.55415      -0.109571E+008
  1016.92        57692.7        3297.21       0.228558E-004   1181.26        7.38706        3.54863      -0.109388E+008
  1036.50        57692.7        3293.28       0.229110E-004   1185.65        7.37493        3.54280      -0.109220E+008
  1056.08        57692.7        3289.62       0.229668E-004   1189.85        7.36357        3.53734      -0.109044E+008
  1075.65        57692.7        3285.10       0.230166E-004   1194.14        7.35043        3.53103      -0.108897E+008
  1095.23        57692.7        3281.56       0.230716E-004   1198.06        7.33934        3.52571      -0.108716E+008
  1114.81        57692.7        3277.15       0.231203E-004   1202.09        7.32650        3.51953      -0.108566E+008
  1134.38        57692.7        3271.40       0.231564E-004   1206.38        7.31321        3.51315      -0.108481E+008
  1153.96        57692.7        3266.91       0.232050E-004   1210.14        7.29944        3.50654      -0.108325E+008
  1173.54        57692.7        3264.17       0.232587E-004   1213.52        7.28998        3.50199      -0.108113E+008
  1193.12        57692.7        3260.74       0.233147E-004   1216.79        7.27727        3.49589      -0.107907E+008
  1212.69        57692.7        3254.84       0.233504E-004   1220.61        7.26386        3.48944      -0.107833E+008
  1232.27        57692.7        3249.79       0.233889E-004   1224.17        7.25135        3.48344      -0.107719E+008
  1251.85        57692.7        3245.18       0.234306E-004   1227.51        7.23893        3.47747      -0.107580E+008
  1271.42        57692.7        3240.26       0.234655E-004   1230.84        7.22712        3.47179      -0.107466E+008
  1291.00        57692.7        3235.61       0.235041E-004   1234.01        7.21502        3.46599      -0.107332E+008
  1310.58        57692.7        3230.94       0.235333E-004   1237.09        7.20490        3.46112      -0.107224E+008
  1330.15        57692.7        3226.39       0.235676E-004   1240.06        7.19369        3.45574      -0.107095E+008
  1349.73        57692.7        3224.34       0.235546E-004   1242.35        7.19657        3.45712      -0.107011E+008
  1369.31        57692.7        3223.94       0.235361E-004   1244.18        7.20285        3.46014      -0.106865E+008
  1388.88        57692.7        3217.67       0.235770E-004   1247.37        7.18766        3.45284      -0.106797E+008
  1408.46        57692.7        3218.11       0.235286E-004   1248.87        7.20058        3.45904      -0.106689E+008
  1428.04        57692.7        3212.55       0.235734E-004   1251.75        7.18569        3.45189      -0.106570E+008
  1447.62        57692.7        3214.91       0.234767E-004   1252.76        7.20992        3.46354      -0.106513E+008
  1467.19        57692.7        3219.91       0.233083E-004   1253.10        7.24947        3.48253      -0.106486E+008
  1486.77        57692.7        3233.05       0.229543E-004   1251.78        7.34036        3.52619      -0.106671E+008
  1506.35        57692.7        3267.61       0.221139E-004   1245.99        7.55687        3.63020      -0.107158E+008
  1525.92        57692.7        3273.25       0.219176E-004   1246.07        7.60404        3.65286      -0.107023E+008
  1545.50        57692.7        3269.62       0.219224E-004   1248.09        7.59873        3.65031      -0.106793E+008
  1565.08        57692.7        3266.28       0.219214E-004   1249.99        7.59354        3.64782      -0.106531E+008
  1584.65        57692.7        3262.86       0.219167E-004   1251.89        7.58862        3.64545      -0.106266E+008
  1604.23        57692.7        3259.32       0.219112E-004   1253.79        7.58371        3.64310      -0.106004E+008
  1623.81        57692.7        3255.36       0.219374E-004   1255.77        7.57717        3.63996      -0.105799E+008
  1643.38        57692.7        3251.44       0.219626E-004   1257.71        7.57089        3.63694      -0.105592E+008
  1662.96        57692.7        3247.62       0.219857E-004   1259.58        7.56480        3.63401      -0.105379E+008
  1682.54        57692.7        3243.78       0.220085E-004   1261.42        7.55857        3.63102      -0.105164E+008
  1702.12        57692.7        3240.06       0.220270E-004   1263.19        7.55281        3.62825      -0.104943E+008
  1721.69        57692.7        3236.23       0.220476E-004   1264.96        7.54650        3.62522      -0.104722E+008
  1741.27        57692.7        3232.48       0.220634E-004   1266.66        7.54048        3.62233      -0.104494E+008
  1760.85        57692.7        3228.74       0.220779E-004   1268.34        7.53440        3.61941      -0.104265E+008
  1780.42        57692.7        3224.96       0.220879E-004   1269.97        7.52812        3.61639      -0.104030E+008
  1800.00        57692.7        3221.20       0.220967E-004   1271.58        7.52191        3.61341      -0.103794E+008
  273.000        58974.8        3686.74       0.177600E-004   680.967        8.24185        3.95926      -0.116885E+008
  292.577        58974.8        3685.43       0.185848E-004   728.164        8.23974        3.95825      -0.116747E+008
  312.154        58974.8        3684.21       0.193024E-004   768.646        8.23782        3.95732      -0.116599E+008
  331.731        58974.8        3682.79       0.199307E-004   803.915        8.23540        3.95616      -0.116445E+008
  351.308        58974.8        3681.52       0.204833E-004   834.782        8.23315        3.95508      -0.116283E+008
  370.885        58974.8        3680.13       0.209727E-004   862.173        8.23055        3.95383      -0.116116E+008
  390.462        58974.8        3357.35       0.191036E-004   885.141        7.61036        3.65590      -0.115676E+008
  410.038        58974.8        3356.08       0.194070E-004   906.712        7.60757        3.65456      -0.115501E+008
  429.615        58974.8        3354.47       0.196742E-004   926.296        7.60220        3.65198      -0.115315E+008
  449.192        58974.8        3353.17       0.199206E-004   944.524        7.59925        3.65056      -0.115132E+008
  468.769        58974.8        3352.19       0.201319E-004   961.069        7.59912        3.65050      -0.114941E+008
  488.346        58974.8        3350.86       0.203369E-004   976.709        7.59604        3.64902      -0.114751E+008
  507.923        58974.8        3349.52       0.205093E-004   990.933        7.59317        3.64764      -0.114551E+008
  527.500        58974.8        3354.13       0.207519E-004   1003.93        7.58128        3.64193      -0.114347E+008
  547.077        58974.8        3352.78       0.209000E-004   1016.40        7.57833        3.64051      -0.114144E+008
  566.654        58974.8        3351.40       0.210484E-004   1028.30        7.57502        3.63892      -0.113944E+008
  586.231        58974.8        3350.01       0.211587E-004   1038.97        7.57209        3.63751      -0.113730E+008
  605.808        58974.8        3348.62       0.212889E-004   1049.49        7.56871        3.63589      -0.113526E+008
  625.385        58974.8        3347.23       0.213758E-004   1058.76        7.56587        3.63453      -0.113306E+008
  644.962        58974.8        3345.82       0.214919E-004   1068.11        7.56244        3.63288      -0.113098E+008
  664.538        58974.8        3344.44       0.215581E-004   1076.14        7.55979        3.63160      -0.112872E+008
  684.115        58974.8        3342.38       0.216477E-004   1084.36        7.55144        3.62759      -0.112652E+008
  703.692        58974.8        3341.67       0.217105E-004   1091.34        7.55393        3.62879      -0.112429E+008
  723.269        58974.8        3340.01       0.217859E-004   1098.45        7.54876        3.62631      -0.112207E+008
  742.846        58974.8        3337.95       0.218686E-004   1105.54        7.54036        3.62227      -0.111984E+008
  762.423        58974.8        3335.84       0.219464E-004   1112.31        7.53154        3.61804      -0.111760E+008
  782.000        58974.8        3333.70       0.220207E-004   1118.77        7.52258        3.61373      -0.111534E+008
  801.577        58974.8        3331.29       0.220850E-004   1124.96        7.51168        3.60849      -0.111304E+008
  821.154        58974.8        3329.31       0.221577E-004   1130.86        7.50364        3.60463      -0.111077E+008
  840.731        58974.8        3326.90       0.222174E-004   1136.55        7.49280        3.59942      -0.110845E+008
  860.308        58974.8        3324.79       0.222821E-004   1141.97        7.48375        3.59508      -0.110615E+008
  879.885        58974.8        3318.88       0.223367E-004   1148.03        7.47218        3.58952      -0.110574E+008
  899.462        58974.8        3318.55       0.223948E-004   1152.60        7.46253        3.58488      -0.110234E+008
  919.038        58974.8        3316.91       0.224557E-004   1157.32        7.45284        3.58023      -0.109967E+008
  938.615        58974.8        3314.02       0.225211E-004   1162.18        7.44303        3.57551      -0.109767E+008
  958.192        58974.8        3310.94       0.225842E-004   1166.91        7.43288        3.57064      -0.109574E+008
  977.769        58974.8        3304.59       0.226138E-004   1172.73        7.42328        3.56603      -0.109566E+008
  997.346        58974.8        3301.30       0.226735E-004   1177.24        7.41238        3.56079      -0.109376E+008
  1016.92        58974.8        3297.89       0.227315E-004   1181.63        7.40139        3.55551      -0.109192E+008
  1036.50        58974.8        3294.27       0.227873E-004   1185.94        7.38996        3.55002      -0.109013E+008
  1056.08        58974.8        3290.66       0.228425E-004   1190.12        7.37850        3.54452      -0.108834E+008
  1075.65        58974.8        3286.82       0.228952E-004   1194.24        7.36666        3.53883      -0.108663E+008
  1095.23        58974.8        3282.97       0.229474E-004   1198.25        7.35480        3.53313      -0.108491E+008
  1114.81        58974.8        3278.89       0.229971E-004   1202.20        7.34266        3.52730      -0.108329E+008
  1134.38        58974.8        3274.82       0.230464E-004   1206.03        7.33049        3.52146      -0.108166E+008
  1153.96        58974.8        3271.90       0.230992E-004   1209.55        7.31913        3.51600      -0.107942E+008
  1173.54        58974.8        3266.26       0.231396E-004   1213.48        7.30568        3.50953      -0.107856E+008
  1193.12        58974.8        3261.52       0.231789E-004   1217.20        7.29333        3.50360      -0.107723E+008
  1212.69        58974.8        3257.37       0.232274E-004   1220.60        7.28072        3.49754      -0.107560E+008
  1232.27        58974.8        3252.80       0.232684E-004   1224.04        7.26833        3.49159      -0.107419E+008
  1251.85        58974.8        3248.22       0.233092E-004   1227.39        7.25590        3.48562      -0.107278E+008
  1271.42        58974.8        3243.60       0.233468E-004   1230.65        7.24392        3.47986      -0.107144E+008
  1291.00        58974.8        3238.98       0.233843E-004   1233.82        7.23189        3.47409      -0.107009E+008
  1310.58        58974.8        3234.46       0.234175E-004   1236.89        7.22090        3.46881      -0.106881E+008
  1330.15        58974.8        3229.94       0.234506E-004   1239.86        7.20986        3.46350      -0.106753E+008
  1349.73        58974.8        3225.83       0.234765E-004   1242.66        7.20117        3.45933      -0.106629E+008
  1369.31        58974.8        3221.71       0.235022E-004   1245.38        7.19244        3.45514      -0.106505E+008
  1388.88        58974.8        3222.18       0.234731E-004   1246.89        7.20239        3.45992      -0.106355E+008
  1408.46        58974.8        3215.71       0.235199E-004   1250.07        7.18574        3.45192      -0.106271E+008
  1428.04        58974.8        3215.87       0.234793E-004   1251.61        7.19692        3.45729      -0.106173E+008
  1447.62        58974.8        3215.50       0.234298E-004   1253.21        7.20827        3.46274      -0.106092E+008
  1467.19        58974.8        3219.36       0.232979E-004   1253.81        7.24062        3.47828      -0.106042E+008
  1486.77        58974.8        3227.75       0.230535E-004   1253.45        7.30326        3.50837      -0.106124E+008
  1506.35        58974.8        3249.33       0.225098E-004   1250.27        7.44276        3.57539      -0.106416E+008
  1525.92        58974.8        3276.04       0.218382E-004   1246.05        7.61678        3.65898      -0.106712E+008
  1545.50        58974.8        3272.73       0.218382E-004   1247.96        7.61165        3.65652      -0.106450E+008
  1565.08        58974.8        3269.39       0.218370E-004   1249.86        7.60651        3.65405      -0.106187E+008
  1584.65        58974.8        3265.97       0.218316E-004   1251.75        7.60162        3.65170      -0.105921E+008
  1604.23        58974.8        3262.52       0.218247E-004   1253.64        7.59673        3.64935      -0.105653E+008
  1623.81        58974.8        3258.63       0.218442E-004   1255.60        7.59047        3.64634      -0.105436E+008
  1643.38        58974.8        3254.74       0.218690E-004   1257.53        7.58412        3.64329      -0.105226E+008
  1662.96        58974.8        3250.94       0.218921E-004   1259.39        7.57795        3.64033      -0.105011E+008
  1682.54        58974.8        3247.11       0.219145E-004   1261.23        7.57174        3.63735      -0.104795E+008
  1702.12        58974.8        3243.38       0.219343E-004   1263.01        7.56572        3.63446      -0.104573E+008
  1721.69        58974.8        3239.62       0.219533E-004   1264.76        7.55967        3.63155      -0.104351E+008
  1741.27        58974.8        3235.92       0.219690E-004   1266.45        7.55367        3.62867      -0.104121E+008
  1760.85        58974.8        3232.19       0.219837E-004   1268.13        7.54764        3.62577      -0.103892E+008
  1780.42        58974.8        3228.48       0.219939E-004   1269.75        7.54150        3.62282      -0.103656E+008
  1800.00        58974.8        3224.72       0.220029E-004   1271.35        7.53533        3.61985      -0.103420E+008
  273.000        60256.8        3689.79       0.176970E-004   680.535        8.25230        3.96428      -0.116539E+008
  292.577        60256.8        3688.49       0.185190E-004   727.762        8.25020        3.96327      -0.116401E+008
  312.154        60256.8        3687.27       0.192341E-004   768.271        8.24829        3.96235      -0.116254E+008
  331.731        60256.8        3685.85       0.198602E-004   803.566        8.24588        3.96119      -0.116100E+008
  351.308        60256.8        3684.59       0.204108E-004   834.451        8.24364        3.96012      -0.115938E+008
  370.885        60256.8        3683.58       0.208960E-004   861.855        8.24252        3.95958      -0.115770E+008
  390.462        60256.8        3682.25       0.213297E-004   886.328        8.24007        3.95840      -0.115597E+008
  410.038        60256.8        3681.18       0.217162E-004   908.324        8.23914        3.95795      -0.115421E+008
  429.615        60256.8        3364.26       0.196789E-004   925.791        7.60838        3.65495      -0.114935E+008
  449.192        60256.8        3363.00       0.199181E-004   943.861        7.60580        3.65371      -0.114749E+008
  468.769        60256.8        3361.70       0.201325E-004   960.540        7.60306        3.65239      -0.114559E+008
  488.346        60256.8        3360.40       0.203273E-004   975.988        7.60034        3.65109      -0.114366E+008
  507.923        60256.8        3359.09       0.205037E-004   990.334        7.59758        3.64976      -0.114169E+008
  527.500        60256.8        3357.77       0.206642E-004   1003.69        7.59480        3.64842      -0.113969E+008
  547.077        60256.8        3356.16       0.208151E-004   1016.23        7.58975        3.64600      -0.113767E+008
  566.654        60256.8        3354.79       0.209627E-004   1028.13        7.58646        3.64442      -0.113567E+008
  586.231        60256.8        3353.40       0.210723E-004   1038.80        7.58355        3.64302      -0.113353E+008
  605.808        60256.8        3352.02       0.212018E-004   1049.33        7.58019        3.64141      -0.113148E+008
  625.385        60256.8        3350.63       0.212882E-004   1058.60        7.57738        3.64005      -0.112928E+008
  644.962        60256.8        3349.23       0.214036E-004   1067.96        7.57396        3.63841      -0.112720E+008
  664.538        60256.8        3347.85       0.214693E-004   1075.99        7.57134        3.63715      -0.112494E+008
  684.115        60256.8        3347.12       0.215376E-004   1083.48        7.57369        3.63828      -0.112274E+008
  703.692        60256.8        3345.69       0.216124E-004   1090.85        7.57040        3.63670      -0.112052E+008
  723.269        60256.8        3343.71       0.216995E-004   1098.29        7.56253        3.63292      -0.111832E+008
  742.846        60256.8        3341.25       0.217715E-004   1105.40        7.55116        3.62746      -0.111605E+008
  762.423        60256.8        3339.06       0.218479E-004   1112.17        7.54182        3.62297      -0.111380E+008
  782.000        60256.8        3337.50       0.219334E-004   1118.60        7.53696        3.62064      -0.111159E+008
  801.577        60256.8        3335.18       0.219989E-004   1124.78        7.52676        3.61574      -0.110930E+008
  821.154        60256.8        3332.77       0.220609E-004   1130.72        7.51580        3.61047      -0.110699E+008
  840.731        60256.8        3330.80       0.221304E-004   1136.37        7.50775        3.60661      -0.110471E+008
  860.308        60256.8        3328.64       0.221923E-004   1141.80        7.49850        3.60216      -0.110241E+008
  879.885        60256.8        3317.09       0.222389E-004   1149.13        7.48629        3.59630      -0.110515E+008
  899.462        60256.8        3315.98       0.222965E-004   1153.90        7.47618        3.59144      -0.110214E+008
  919.038        60256.8        3313.91       0.223530E-004   1158.70        7.46548        3.58630      -0.109960E+008
  938.615        60256.8        3313.02       0.224065E-004   1163.03        7.45552        3.58151      -0.109647E+008
  958.192        60256.8        3311.20       0.224621E-004   1167.43        7.44547        3.57669      -0.109385E+008
  977.769        60256.8        3308.17       0.225234E-004   1172.00        7.43544        3.57187      -0.109189E+008
  997.346        60256.8        3301.98       0.225518E-004   1177.64        7.42613        3.56740      -0.109174E+008
  1016.92        60256.8        3298.66       0.226092E-004   1182.01        7.41533        3.56221      -0.108987E+008
  1036.50        60256.8        3295.32       0.226658E-004   1186.25        7.40433        3.55692      -0.108797E+008
  1056.08        60256.8        3291.86       0.227208E-004   1190.39        7.39301        3.55149      -0.108610E+008
  1075.65        60256.8        3288.06       0.227729E-004   1194.50        7.38109        3.54576      -0.108436E+008
  1095.23        60256.8        3284.50       0.228256E-004   1198.43        7.36991        3.54039      -0.108255E+008
  1114.81        60256.8        3280.31       0.228736E-004   1202.41        7.35729        3.53433      -0.108095E+008
  1134.38        60256.8        3275.24       0.229123E-004   1206.54        7.34444        3.52816      -0.107977E+008
  1153.96        60256.8        3273.37       0.229744E-004   1209.73        7.33419        3.52323      -0.107710E+008
  1173.54        60256.8        3268.60       0.230145E-004   1213.55        7.32234        3.51754      -0.107586E+008
  1193.12        60256.8        3264.77       0.230653E-004   1216.95        7.31004        3.51163      -0.107409E+008
  1212.69        60256.8        3260.12       0.231071E-004   1220.50        7.29708        3.50540      -0.107268E+008
  1232.27        60256.8        3255.49       0.231468E-004   1223.98        7.28490        3.49955      -0.107132E+008
  1251.85        60256.8        3251.27       0.231893E-004   1227.25        7.27285        3.49376      -0.106975E+008
  1271.42        60256.8        3246.66       0.232258E-004   1230.52        7.26086        3.48800      -0.106840E+008
  1291.00        60256.8        3242.35       0.232655E-004   1233.63        7.24891        3.48226      -0.106688E+008
  1310.58        60256.8        3237.84       0.232976E-004   1236.70        7.23803        3.47704      -0.106560E+008
  1330.15        60256.8        3233.56       0.233338E-004   1239.63        7.22665        3.47157      -0.106413E+008
  1349.73        60256.8        3231.42       0.233202E-004   1241.95        7.22965        3.47301      -0.106334E+008
  1369.31        60256.8        3229.79       0.232951E-004   1244.10        7.23574        3.47594      -0.106262E+008
  1388.88        60256.8        3225.65       0.233454E-004   1246.76        7.22122        3.46896      -0.106062E+008
  1408.46        60256.8        3224.01       0.233257E-004   1248.77        7.22546        3.47100      -0.105966E+008
  1428.04        60256.8        3220.76       0.233452E-004   1251.10        7.21873        3.46777      -0.105818E+008
  1447.62        60256.8        3217.92       0.233568E-004   1253.27        7.21431        3.46564      -0.105677E+008
  1467.19        60256.8        3219.59       0.232666E-004   1254.37        7.23653        3.47632      -0.105616E+008
  1486.77        60256.8        3225.32       0.230876E-004   1254.53        7.28216        3.49824      -0.105624E+008
  1506.35        60256.8        3239.30       0.227184E-004   1252.92        7.37779        3.54417      -0.105796E+008
  1525.92        60256.8        3273.92       0.218725E-004   1246.98        7.59784        3.64988      -0.106274E+008
  1545.50        60256.8        3275.85       0.217549E-004   1247.83        7.62468        3.66278      -0.106108E+008
  1565.08        60256.8        3272.53       0.217530E-004   1249.72        7.61958        3.66033      -0.105842E+008
  1584.65        60256.8        3269.14       0.217474E-004   1251.61        7.61457        3.65792      -0.105572E+008
  1604.23        60256.8        3265.66       0.217406E-004   1253.49        7.60970        3.65558      -0.105307E+008
  1623.81        60256.8        3261.91       0.217523E-004   1255.42        7.60376        3.65273      -0.105073E+008
  1643.38        60256.8        3258.04       0.217770E-004   1257.35        7.59734        3.64964      -0.104861E+008
  1662.96        60256.8        3254.24       0.217997E-004   1259.21        7.59120        3.64669      -0.104646E+008
  1682.54        60256.8        3250.43       0.218222E-004   1261.05        7.58488        3.64366      -0.104428E+008
  1702.12        60256.8        3246.77       0.218403E-004   1262.80        7.57919        3.64092      -0.104205E+008
  1721.69        60256.8        3242.98       0.218610E-004   1264.56        7.57279        3.63785      -0.103981E+008
  1741.27        60256.8        3239.29       0.218766E-004   1266.25        7.56684        3.63499      -0.103752E+008
  1760.85        60256.8        3235.60       0.218914E-004   1267.92        7.56080        3.63209      -0.103520E+008
  1780.42        60256.8        3231.89       0.219017E-004   1269.54        7.55469        3.62916      -0.103284E+008
  1800.00        60256.8        3228.20       0.219111E-004   1271.13        7.54860        3.62623      -0.103046E+008
  273.000        61538.8        3693.05       0.176335E-004   680.108        8.26351        3.96966      -0.116193E+008
  292.577        61538.8        3691.75       0.184526E-004   727.361        8.26142        3.96866      -0.116056E+008
  312.154        61538.8        3690.72       0.191641E-004   767.895        8.26025        3.96810      -0.115908E+008
  331.731        61538.8        3689.31       0.197880E-004   803.211        8.25785        3.96694      -0.115754E+008
  351.308        61538.8        3688.31       0.203350E-004   834.113        8.25663        3.96636      -0.115592E+008
  370.885        61538.8        3687.08       0.208199E-004   861.537        8.25466        3.96541      -0.115424E+008
  390.462        61538.8        3691.62       0.213428E-004   885.810        8.24185        3.95926      -0.115248E+008
  410.038        61538.8        3690.06       0.217293E-004   907.900        8.23887        3.95782      -0.115072E+008
  429.615        61538.8        3689.09       0.220740E-004   927.696        8.23721        3.95703      -0.114889E+008
  449.192        61538.8        3687.48       0.223887E-004   945.907        8.23402        3.95549      -0.114705E+008
  468.769        61538.8        3686.25       0.226723E-004   962.349        8.23022        3.95367      -0.114512E+008
  488.346        61538.8        3363.93       0.202426E-004   975.762        7.61305        3.65719      -0.113988E+008
  507.923        61538.8        3362.65       0.204176E-004   990.102        7.61055        3.65599      -0.113792E+008
  527.500        61538.8        3361.13       0.205809E-004   1003.51        7.60615        3.65387      -0.113592E+008
  547.077        61538.8        3360.08       0.207216E-004   1015.89        7.60561        3.65362      -0.113389E+008
  566.654        61538.8        3358.71       0.208683E-004   1027.77        7.60234        3.65205      -0.113189E+008
  586.231        61538.8        3357.51       0.209747E-004   1038.37        7.60087        3.65134      -0.112975E+008
  605.808        61538.8        3356.12       0.211034E-004   1048.86        7.59753        3.64974      -0.112771E+008
  625.385        61538.8        3354.94       0.211859E-004   1058.04        7.59636        3.64917      -0.112550E+008
  644.962        61538.8        3353.55       0.213005E-004   1067.34        7.59296        3.64754      -0.112342E+008
  664.538        61538.8        3352.41       0.213616E-004   1075.21        7.59229        3.64722      -0.112116E+008
  684.115        61538.8        3351.17       0.214376E-004   1082.94        7.59046        3.64634      -0.111896E+008
  703.692        61538.8        3349.33       0.215270E-004   1090.69        7.58375        3.64312      -0.111677E+008
  723.269        61538.8        3346.76       0.215993E-004   1098.16        7.57146        3.63721      -0.111451E+008
  742.846        61538.8        3345.38       0.216959E-004   1105.22        7.56811        3.63560      -0.111235E+008
  762.423        61538.8        3343.33       0.217730E-004   1111.98        7.55970        3.63156      -0.111011E+008
  782.000        61538.8        3341.27       0.218472E-004   1118.43        7.55127        3.62751      -0.110785E+008
  801.577        61538.8        3339.06       0.219140E-004   1124.61        7.54173        3.62293      -0.110557E+008
  821.154        61538.8        3337.02       0.219835E-004   1130.51        7.53330        3.61888      -0.110329E+008
  840.731        61538.8        3334.70       0.220441E-004   1136.19        7.52290        3.61388      -0.110098E+008
  860.308        61538.8        3332.64       0.221072E-004   1141.61        7.51434        3.60977      -0.109868E+008
  879.885        61538.8        3314.00       0.221405E-004   1150.53        7.49957        3.60268      -0.110520E+008
  899.462        61538.8        3313.34       0.221988E-004   1155.21        7.48984        3.59800      -0.110198E+008
  919.038        61538.8        3312.32       0.222546E-004   1159.77        7.47932        3.59295      -0.109886E+008
  938.615        61538.8        3310.13       0.223099E-004   1164.43        7.46870        3.58785      -0.109638E+008
  958.192        61538.8        3309.44       0.223613E-004   1168.55        7.45878        3.58308      -0.109314E+008
  977.769        61538.8        3307.72       0.224103E-004   1172.74        7.44837        3.57808      -0.109042E+008
  997.346        61538.8        3305.67       0.224625E-004   1176.89        7.43816        3.57318      -0.108790E+008
  1016.92        61538.8        3302.13       0.225160E-004   1181.35        7.42815        3.56837      -0.108621E+008
  1036.50        61538.8        3296.38       0.225456E-004   1186.58        7.41839        3.56368      -0.108577E+008
  1056.08        61538.8        3293.03       0.226003E-004   1190.69        7.40750        3.55845      -0.108388E+008
  1075.65        61538.8        3289.52       0.226529E-004   1194.72        7.39625        3.55304      -0.108204E+008
  1095.23        61538.8        3286.01       0.227051E-004   1198.63        7.38498        3.54763      -0.108020E+008
  1114.81        61538.8        3282.30       0.227549E-004   1202.49        7.37339        3.54206      -0.107843E+008
  1134.38        61538.8        3278.58       0.228043E-004   1206.24        7.36178        3.53648      -0.107665E+008
  1153.96        61538.8        3273.27       0.228406E-004   1210.32        7.34764        3.52969      -0.107548E+008
  1173.54        61538.8        3270.80       0.228985E-004   1213.51        7.33802        3.52507      -0.107322E+008
  1193.12        61538.8        3264.88       0.229275E-004   1217.54        7.32362        3.51815      -0.107235E+008
  1212.69        61538.8        3262.68       0.229874E-004   1220.47        7.31387        3.51347      -0.106991E+008
  1232.27        61538.8        3258.48       0.230293E-004   1223.85        7.30182        3.50768      -0.106832E+008
  1251.85        61538.8        3254.28       0.230709E-004   1227.12        7.28974        3.50188      -0.106673E+008
  1271.42        61538.8        3249.99       0.231097E-004   1230.33        7.27782        3.49615      -0.106521E+008
  1291.00        61538.8        3245.70       0.231484E-004   1233.44        7.26586        3.49041      -0.106368E+008
  1310.58        61538.8        3241.44       0.231836E-004   1236.46        7.25463        3.48501      -0.106221E+008
  1330.15        61538.8        3237.17       0.232187E-004   1239.40        7.24337        3.47960      -0.106073E+008
  1349.73        61538.8        3233.09       0.232485E-004   1242.20        7.23352        3.47487      -0.105932E+008
  1369.31        61538.8        3229.02       0.232782E-004   1244.93        7.22364        3.47012      -0.105790E+008
  1388.88        61538.8        3228.10       0.232727E-004   1246.80        7.22663        3.47156      -0.105628E+008
  1408.46        61538.8        3222.15       0.233163E-004   1249.85        7.21074        3.46393      -0.105519E+008
  1428.04        61538.8        3225.99       0.232072E-004   1250.49        7.24164        3.47877      -0.105448E+008
  1447.62        61538.8        3218.87       0.232922E-004   1253.67        7.21612        3.46651      -0.105280E+008
  1467.19        61538.8        3220.15       0.232229E-004   1254.83        7.23431        3.47525      -0.105193E+008
  1486.77        61538.8        3224.71       0.230804E-004   1255.23        7.27116        3.49295      -0.105155E+008
  1506.35        61538.8        3235.43       0.227920E-004   1254.28        7.34702        3.52939      -0.105262E+008
  1525.92        61538.8        3256.18       0.222609E-004   1251.18        7.48459        3.59548      -0.105536E+008
  1545.50        61538.8        3278.99       0.216715E-004   1247.69        7.63782        3.66909      -0.105762E+008
  1565.08        61538.8        3275.65       0.216698E-004   1249.59        7.63260        3.66658      -0.105497E+008
  1584.65        61538.8        3272.27       0.216644E-004   1251.47        7.62761        3.66418      -0.105227E+008
  1604.23        61538.8        3268.87       0.216577E-004   1253.34        7.62263        3.66179      -0.104956E+008
  1623.81        61538.8        3265.19       0.216616E-004   1255.25        7.61704        3.65911      -0.104710E+008
  1643.38        61538.8        3261.32       0.216859E-004   1257.17        7.61050        3.65597      -0.104497E+008
  1662.96        61538.8        3257.54       0.217088E-004   1259.03        7.60425        3.65296      -0.104279E+008
  1682.54        61538.8        3253.73       0.217309E-004   1260.86        7.59796        3.64994      -0.104061E+008
  1702.12        61538.8        3250.04       0.217506E-004   1262.63        7.59193        3.64705      -0.103836E+008
  1721.69        61538.8        3246.32       0.217696E-004   1264.37        7.58587        3.64413      -0.103612E+008
  1741.27        61538.8        3242.68       0.217853E-004   1266.05        7.57990        3.64127      -0.103380E+008
  1760.85        61538.8        3239.00       0.218001E-004   1267.71        7.57391        3.63839      -0.103149E+008
  1780.42        61538.8        3235.35       0.218108E-004   1269.32        7.56788        3.63549      -0.102911E+008
  1800.00        61538.8        3231.67       0.218203E-004   1270.91        7.56181        3.63258      -0.102673E+008
  273.000        62820.9        3696.45       0.175700E-004   679.653        8.27517        3.97526      -0.115847E+008
  292.577        62820.9        3695.15       0.183863E-004   726.925        8.27309        3.97426      -0.115709E+008
  312.154        62820.9        3694.04       0.190956E-004   767.518        8.27169        3.97359      -0.115562E+008
  331.731        62820.9        3698.73       0.198086E-004   802.643        8.25976        3.96786      -0.115404E+008
  351.308        62820.9        3697.60       0.203538E-004   833.604        8.25820        3.96711      -0.115243E+008
  370.885        62820.9        3696.46       0.208358E-004   861.026        8.25654        3.96631      -0.115076E+008
  390.462        62820.9        3694.68       0.212676E-004   885.523        8.25241        3.96433      -0.114904E+008
  410.038        62820.9        3693.13       0.216526E-004   907.628        8.24943        3.96290      -0.114728E+008
  429.615        62820.9        3692.16       0.219961E-004   927.436        8.24779        3.96211      -0.114545E+008
  449.192        62820.9        3690.56       0.223096E-004   945.660        8.24461        3.96058      -0.114361E+008
  468.769        62820.9        3689.33       0.225921E-004   962.114        8.24084        3.95877      -0.114168E+008
  488.346        62820.9        3689.51       0.228436E-004   977.185        8.24475        3.96065      -0.113976E+008
  507.923        62820.9        3688.35       0.230795E-004   991.168        8.24222        3.95944      -0.113780E+008
  527.500        62820.9        3364.94       0.204898E-004   1003.21        7.62123        3.66112      -0.113214E+008
  547.077        62820.9        3363.70       0.206333E-004   1015.64        7.61908        3.66009      -0.113012E+008
  566.654        62820.9        3362.45       0.207642E-004   1027.24        7.61701        3.65909      -0.112806E+008
  586.231        62820.9        3360.87       0.208903E-004   1038.21        7.61221        3.65679      -0.112598E+008
  605.808        62820.9        3359.49       0.210183E-004   1048.71        7.60889        3.65519      -0.112394E+008
  625.385        62820.9        3358.31       0.211003E-004   1057.88        7.60774        3.65464      -0.112174E+008
  644.962        62820.9        3357.55       0.211817E-004   1066.50        7.60981        3.65563      -0.111957E+008
  664.538        62820.9        3356.36       0.212635E-004   1074.73        7.60838        3.65495      -0.111739E+008
  684.115        62820.9        3354.82       0.213504E-004   1082.72        7.60405        3.65287      -0.111521E+008
  703.692        62820.9        3352.80       0.214395E-004   1090.54        7.59584        3.64892      -0.111301E+008
  723.269        62820.9        3350.64       0.215207E-004   1097.99        7.58664        3.64450      -0.111078E+008
  742.846        62820.9        3348.78       0.216047E-004   1105.07        7.57966        3.64115      -0.110858E+008
  762.423        62820.9        3346.87       0.216842E-004   1111.83        7.57233        3.63763      -0.110635E+008
  782.000        62820.9        3345.00       0.217616E-004   1118.27        7.56520        3.63421      -0.110411E+008
  801.577        62820.9        3342.86       0.218294E-004   1124.45        7.55619        3.62988      -0.110184E+008
  821.154        62820.9        3340.36       0.218877E-004   1130.38        7.54457        3.62429      -0.109951E+008
  840.731        62820.9        3338.06       0.219484E-004   1136.06        7.53418        3.61930      -0.109720E+008
  860.308        62820.9        3336.43       0.220196E-004   1141.44        7.52876        3.61670      -0.109494E+008
  879.885        62820.9        3311.89       0.220437E-004   1151.71        7.51303        3.60914      -0.110471E+008
  899.462        62820.9        3311.61       0.221024E-004   1156.31        7.50342        3.60453      -0.110128E+008
  919.038        62820.9        3310.26       0.221574E-004   1160.95        7.49247        3.59927      -0.109829E+008
  938.615        62820.9        3308.52       0.222145E-004   1165.52        7.48229        3.59437      -0.109560E+008
  958.192        62820.9        3307.37       0.222655E-004   1169.76        7.47228        3.58957      -0.109262E+008
  977.769        62820.9        3306.18       0.223146E-004   1173.84        7.46211        3.58468      -0.108963E+008
  997.346        62820.9        3304.34       0.223620E-004   1177.92        7.45172        3.57969      -0.108697E+008
  1016.92        62820.9        3302.68       0.224082E-004   1181.81        7.44134        3.57471      -0.108422E+008
  1036.50        62820.9        3300.35       0.224578E-004   1185.75        7.43096        3.56972      -0.108182E+008
  1056.08        62820.9        3294.30       0.224818E-004   1190.98        7.42161        3.56523      -0.108156E+008
  1075.65        62820.9        3291.01       0.225349E-004   1194.96        7.41079        3.56003      -0.107964E+008
  1095.23        62820.9        3287.64       0.225869E-004   1198.83        7.39966        3.55468      -0.107773E+008
  1114.81        62820.9        3283.90       0.226356E-004   1202.70        7.38798        3.54907      -0.107597E+008
  1134.38        62820.9        3279.79       0.226789E-004   1206.58        7.37591        3.54327      -0.107434E+008
  1153.96        62820.9        3276.97       0.227329E-004   1209.99        7.36576        3.53840      -0.107221E+008
  1173.54        62820.9        3273.11       0.227770E-004   1213.59        7.35411        3.53280      -0.107048E+008
  1193.12        62820.9        3268.78       0.228220E-004   1217.15        7.34127        3.52663      -0.106893E+008
  1212.69        62820.9        3265.35       0.228700E-004   1220.41        7.33015        3.52129      -0.106702E+008
  1232.27        62820.9        3260.99       0.229096E-004   1223.84        7.31779        3.51535      -0.106549E+008
  1251.85        62820.9        3257.29       0.229540E-004   1226.99        7.30646        3.50991      -0.106370E+008
  1271.42        62820.9        3252.64       0.229881E-004   1230.30        7.29425        3.50404      -0.106234E+008
  1291.00        62820.9        3249.03       0.230323E-004   1233.25        7.28288        3.49858      -0.106048E+008
  1310.58        62820.9        3244.48       0.230622E-004   1236.36        7.27179        3.49325      -0.105919E+008
  1330.15        62820.9        3240.76       0.231040E-004   1239.16        7.26027        3.48772      -0.105737E+008
  1349.73        62820.9        3236.54       0.231271E-004   1242.02        7.25135        3.48343      -0.105615E+008
  1369.31        62820.9        3232.76       0.231662E-004   1244.68        7.23996        3.47796      -0.105437E+008
  1388.88        62820.9        3234.32       0.230946E-004   1245.97        7.26113        3.48813      -0.105372E+008
  1408.46        62820.9        3231.26       0.231251E-004   1248.30        7.25216        3.48383      -0.105171E+008
  1428.04        62820.9        3224.98       0.231860E-004   1251.37        7.23256        3.47441      -0.105047E+008
  1447.62        62820.9        3221.55       0.232055E-004   1253.67        7.22519        3.47087      -0.104890E+008
  1467.19        62820.9        3221.57       0.231622E-004   1255.12        7.23641        3.47626      -0.104782E+008
  1486.77        62820.9        3224.58       0.230566E-004   1255.84        7.26421        3.48961      -0.104713E+008
  1506.35        62820.9        3231.28       0.228620E-004   1255.75        7.31665        3.51481      -0.104746E+008
  1525.92        62820.9        3246.18       0.224725E-004   1253.84        7.41835        3.56366      -0.104915E+008
  1545.50        62820.9        3280.76       0.216195E-004   1247.83        7.64252        3.67135      -0.105393E+008
  1565.08        62820.9        3278.77       0.215864E-004   1249.44        7.64570        3.67288      -0.105150E+008
  1584.65        62820.9        3275.45       0.215818E-004   1251.32        7.64067        3.67046      -0.104879E+008
  1604.23        62820.9        3272.00       0.215746E-004   1253.19        7.63567        3.66806      -0.104609E+008
  1623.81        62820.9        3268.45       0.215720E-004   1255.07        7.63031        3.66548      -0.104348E+008
  1643.38        62820.9        3264.64       0.215958E-004   1256.98        7.62388        3.66239      -0.104132E+008
  1662.96        62820.9        3260.81       0.216187E-004   1258.85        7.61747        3.65932      -0.103916E+008
  1682.54        62820.9        3257.03       0.216411E-004   1260.68        7.61105        3.65623      -0.103695E+008
  1702.12        62820.9        3253.43       0.216587E-004   1262.42        7.60552        3.65357      -0.103469E+008
  1721.69        62820.9        3249.65       0.216797E-004   1264.18        7.59890        3.65040      -0.103243E+008
  1741.27        62820.9        3246.05       0.216933E-004   1265.84        7.59316        3.64764      -0.103010E+008
  1760.85        62820.9        3242.37       0.217104E-004   1267.51        7.58694        3.64465      -0.102778E+008
  1780.42        62820.9        3238.73       0.217184E-004   1269.11        7.58100        3.64179      -0.102539E+008
  1800.00        62820.9        3235.10       0.217309E-004   1270.70        7.57491        3.63887      -0.102300E+008
  273.000        64102.9        3699.47       0.175087E-004   679.244        8.28556        3.98025      -0.115503E+008
  292.577        64102.9        3704.29       0.184122E-004   726.399        8.27423        3.97481      -0.115361E+008
  312.154        64102.9        3703.27       0.191191E-004   767.002        8.27315        3.97429      -0.115214E+008
  331.731        64102.9        3701.87       0.197387E-004   802.348        8.27072        3.97313      -0.115060E+008
  351.308        64102.9        3701.18       0.202799E-004   833.273        8.27070        3.97312      -0.114898E+008
  370.885        64102.9        3699.70       0.207618E-004   860.784        8.26799        3.97181      -0.114732E+008
  390.462        64102.9        3699.14       0.211858E-004   885.187        8.26820        3.97192      -0.114558E+008
  410.038        64102.9        3697.59       0.215694E-004   907.291        8.26525        3.97050      -0.114383E+008
  429.615        64102.9        3697.11       0.219089E-004   927.078        8.26549        3.97061      -0.114199E+008
  449.192        64102.9        3695.52       0.222212E-004   945.284        8.26233        3.96909      -0.114016E+008
  468.769        64102.9        3695.10       0.224987E-004   961.676        8.26248        3.96917      -0.113824E+008
  488.346        64102.9        3693.46       0.227583E-004   976.976        8.25915        3.96757      -0.113634E+008
  507.923        64102.9        3693.07       0.229896E-004   990.786        8.25908        3.96753      -0.113436E+008
  527.500        64102.9        3691.40       0.232098E-004   1003.86        8.25560        3.96586      -0.113240E+008
  547.077        64102.9        3691.02       0.234058E-004   1015.65        8.25514        3.96564      -0.113035E+008
  566.654        64102.9        3689.97       0.235916E-004   1026.76        8.25297        3.96460      -0.112831E+008
  586.231        64102.9        3364.91       0.207928E-004   1037.77        7.62914        3.66492      -0.112220E+008
  605.808        64102.9        3363.53       0.209199E-004   1048.23        7.62584        3.66333      -0.112016E+008
  625.385        64102.9        3362.56       0.209974E-004   1057.28        7.62640        3.66360      -0.111796E+008
  644.962        64102.9        3361.42       0.210858E-004   1066.06        7.62530        3.66307      -0.111580E+008
  664.538        64102.9        3360.18       0.211694E-004   1074.33        7.62349        3.66220      -0.111362E+008
  684.115        64102.9        3358.31       0.212650E-004   1082.56        7.61640        3.65880      -0.111146E+008
  703.692        64102.9        3356.52       0.213580E-004   1090.38        7.60988        3.65567      -0.110928E+008
  723.269        64102.9        3354.45       0.214400E-004   1097.83        7.60135        3.65157      -0.110706E+008
  742.846        64102.9        3352.69       0.215263E-004   1104.91        7.59505        3.64854      -0.110486E+008
  762.423        64102.9        3350.69       0.216032E-004   1111.67        7.58706        3.64471      -0.110263E+008
  782.000        64102.9        3348.70       0.216771E-004   1118.12        7.57907        3.64087      -0.110038E+008
  801.577        64102.9        3346.55       0.217446E-004   1124.29        7.56981        3.63642      -0.109810E+008
  821.154        64102.9        3344.57       0.218130E-004   1130.19        7.56197        3.63265      -0.109582E+008
  840.731        64102.9        3342.09       0.218682E-004   1135.87        7.55026        3.62703      -0.109349E+008
  860.308        64102.9        3340.32       0.219359E-004   1141.27        7.54385        3.62395      -0.109122E+008
  879.885        64102.9        3310.55       0.219483E-004   1152.71        7.52653        3.61563      -0.110378E+008
  899.462        64102.9        3309.83       0.220066E-004   1157.42        7.51700        3.61105      -0.110061E+008
  919.038        64102.9        3308.34       0.220639E-004   1162.12        7.50642        3.60597      -0.109773E+008
  938.615        64102.9        3306.85       0.221199E-004   1166.63        7.49587        3.60090      -0.109485E+008
  958.192        64102.9        3305.72       0.221703E-004   1170.87        7.48585        3.59609      -0.109186E+008
  977.769        64102.9        3304.59       0.222196E-004   1174.94        7.47585        3.59128      -0.108886E+008
  997.346        64102.9        3304.23       0.222664E-004   1178.67        7.46593        3.58652      -0.108542E+008
  1016.92        64102.9        3301.65       0.223129E-004   1182.79        7.45538        3.58145      -0.108317E+008
  1036.50        64102.9        3301.10       0.223565E-004   1186.29        7.44533        3.57662      -0.107979E+008
  1056.08        64102.9        3297.92       0.224004E-004   1190.27        7.43434        3.57134      -0.107782E+008
  1075.65        64102.9        3292.48       0.224182E-004   1195.22        7.42501        3.56686      -0.107722E+008
  1095.23        64102.9        3289.24       0.224699E-004   1199.06        7.41430        3.56172      -0.107527E+008
  1114.81        64102.9        3285.64       0.225178E-004   1202.89        7.40291        3.55624      -0.107345E+008
  1134.38        64102.9        3282.49       0.225695E-004   1206.48        7.39230        3.55115      -0.107147E+008
  1153.96        64102.9        3278.54       0.226126E-004   1210.21        7.37971        3.54510      -0.106969E+008
  1173.54        64102.9        3275.38       0.226641E-004   1213.58        7.36964        3.54026      -0.106777E+008
  1193.12        64102.9        3270.79       0.227005E-004   1217.28        7.35656        3.53398      -0.106628E+008
  1212.69        64102.9        3267.96       0.227538E-004   1220.38        7.34653        3.52916      -0.106417E+008
  1232.27        64102.9        3264.11       0.227963E-004   1223.67        7.33484        3.52354      -0.106242E+008
  1251.85        64102.9        3260.27       0.228385E-004   1226.87        7.32313        3.51792      -0.106068E+008
  1271.42        64102.9        3256.31       0.228783E-004   1230.01        7.31150        3.51233      -0.105899E+008
  1291.00        64102.9        3252.35       0.229178E-004   1233.06        7.29984        3.50673      -0.105730E+008
  1310.58        64102.9        3248.34       0.229544E-004   1236.04        7.28849        3.50128      -0.105566E+008
  1330.15        64102.9        3244.33       0.229909E-004   1238.93        7.27710        3.49581      -0.105402E+008
  1349.73        64102.9        3240.40       0.230233E-004   1241.72        7.26667        3.49080      -0.105243E+008
  1369.31        64102.9        3236.48       0.230557E-004   1244.43        7.25621        3.48577      -0.105085E+008
  1388.88        64102.9        3234.42       0.230728E-004   1246.57        7.25255        3.48401      -0.104902E+008
  1408.46        64102.9        3229.30       0.231059E-004   1249.45        7.23957        3.47778      -0.104781E+008
  1428.04        64102.9        3231.66       0.230172E-004   1250.44        7.26569        3.49032      -0.104742E+008
  1447.62        64102.9        3224.24       0.231192E-004   1253.68        7.23426        3.47523      -0.104500E+008
  1467.19        64102.9        3223.82       0.230866E-004   1255.22        7.24288        3.47937      -0.104384E+008
  1486.77        64102.9        3225.21       0.230150E-004   1256.30        7.26170        3.48841      -0.104289E+008
  1506.35        64102.9        3230.44       0.228620E-004   1256.51        7.30386        3.50866      -0.104271E+008
  1525.92        64102.9        3244.18       0.226937E-004   1254.26        7.34353        3.52772      -0.104221E+008
  1545.50        64102.9        3261.74       0.223016E-004   1251.56        7.43820        3.57320      -0.104342E+008
  1565.08        64102.9        3281.96       0.215047E-004   1249.29        7.65881        3.67917      -0.104802E+008
  1584.65        64102.9        3278.55       0.215000E-004   1251.18        7.65363        3.67668      -0.104534E+008
  1604.23        64102.9        3275.13       0.214941E-004   1253.05        7.64844        3.67419      -0.104265E+008
  1623.81        64102.9        3271.71       0.214838E-004   1254.90        7.64357        3.67185      -0.103986E+008
  1643.38        64102.9        3267.83       0.215076E-004   1256.82        7.63684        3.66862      -0.103771E+008
  1662.96        64102.9        3264.09       0.215302E-004   1258.67        7.63048        3.66556      -0.103550E+008
  1682.54        64102.9        3260.31       0.215521E-004   1260.50        7.62409        3.66250      -0.103328E+008
  1702.12        64102.9        3256.65       0.215718E-004   1262.25        7.61801        3.65957      -0.103101E+008
  1721.69        64102.9        3252.96       0.215907E-004   1263.99        7.61189        3.65663      -0.102874E+008
  1741.27        64102.9        3249.36       0.216065E-004   1265.66        7.60592        3.65377      -0.102641E+008
  1760.85        64102.9        3245.73       0.216215E-004   1267.31        7.59992        3.65088      -0.102407E+008
  1780.42        64102.9        3242.15       0.216325E-004   1268.91        7.59395        3.64801      -0.102168E+008
  1800.00        64102.9        3238.53       0.216425E-004   1270.48        7.58794        3.64513      -0.101928E+008
  273.000        65385.0        3708.62       0.175361E-004   678.706        8.28683        3.98086      -0.115155E+008
  292.577        65385.0        3707.69       0.183463E-004   725.997        8.28603        3.98048      -0.115017E+008
  312.154        65385.0        3706.30       0.190526E-004   766.632        8.28357        3.97930      -0.114870E+008
  331.731        65385.0        3704.89       0.196701E-004   802.005        8.28115        3.97814      -0.114716E+008
  351.308        65385.0        3704.22       0.202094E-004   832.949        8.28114        3.97813      -0.114554E+008
  370.885        65385.0        3702.73       0.206896E-004   860.481        8.27844        3.97683      -0.114388E+008
  390.462        65385.0        3702.18       0.211122E-004   884.903        8.27866        3.97694      -0.114215E+008
  410.038        65385.0        3700.63       0.214944E-004   907.020        8.27572        3.97553      -0.114039E+008
  429.615        65385.0        3700.16       0.218327E-004   926.822        8.27597        3.97565      -0.113856E+008
  449.192        65385.0        3698.57       0.221438E-004   945.039        8.27282        3.97414      -0.113672E+008
  468.769        65385.0        3698.15       0.224203E-004   961.444        8.27299        3.97422      -0.113481E+008
  488.346        65385.0        3696.52       0.226789E-004   976.753        8.26967        3.97262      -0.113291E+008
  507.923        65385.0        3696.13       0.229093E-004   990.570        8.26962        3.97260      -0.113093E+008
  527.500        65385.0        3694.47       0.231286E-004   1003.65        8.26616        3.97093      -0.112897E+008
  547.077        65385.0        3694.09       0.233238E-004   1015.44        8.26572        3.97072      -0.112693E+008
  566.654        65385.0        3695.64       0.234956E-004   1026.19        8.27341        3.97442      -0.112487E+008
  586.231        65385.0        3694.80       0.236670E-004   1036.48        8.27192        3.97370      -0.112281E+008
  605.808        65385.0        3693.93       0.238274E-004   1046.08        8.27027        3.97291      -0.112072E+008
  625.385        65385.0        3366.35       0.209036E-004   1056.89        7.64133        3.67078      -0.111419E+008
  644.962        65385.0        3365.27       0.209900E-004   1065.62        7.64074        3.67049      -0.111203E+008
  664.538        65385.0        3363.61       0.210851E-004   1074.17        7.63542        3.66794      -0.110987E+008
  684.115        65385.0        3361.75       0.211800E-004   1082.41        7.62835        3.66454      -0.110770E+008
  703.692        65385.0        3359.80       0.212680E-004   1090.24        7.62071        3.66087      -0.110551E+008
  723.269        65385.0        3358.09       0.213581E-004   1097.67        7.61479        3.65803      -0.110333E+008
  742.846        65385.0        3356.24       0.214416E-004   1104.76        7.60785        3.65469      -0.110112E+008
  762.423        65385.0        3354.30       0.215183E-004   1111.51        7.60029        3.65106      -0.109889E+008
  782.000        65385.0        3352.31       0.215917E-004   1117.97        7.59224        3.64720      -0.109664E+008
  801.577        65385.0        3349.82       0.216498E-004   1124.16        7.58059        3.64160      -0.109432E+008
  821.154        65385.0        3347.87       0.217185E-004   1130.06        7.57281        3.63786      -0.109205E+008
  840.731        65385.0        3345.89       0.217846E-004   1135.71        7.56477        3.63400      -0.108976E+008
  860.308        65385.0        3344.01       0.218494E-004   1141.11        7.55762        3.63056      -0.108748E+008
  879.885        65385.0        3308.45       0.218615E-004   1153.90        7.53817        3.62122      -0.110298E+008
  899.462        65385.0        3312.64       0.219167E-004   1157.44        7.52926        3.61694      -0.109712E+008
  919.038        65385.0        3311.38       0.219692E-004   1162.07        7.51920        3.61211      -0.109420E+008
  938.615        65385.0        3310.24       0.220227E-004   1166.50        7.50987        3.60762      -0.109129E+008
  958.192        65385.0        3304.87       0.220689E-004   1171.77        7.49820        3.60202      -0.109049E+008
  977.769        65385.0        3306.75       0.221253E-004   1175.13        7.49067        3.59840      -0.108608E+008
  997.346        65385.0        3305.51       0.221723E-004   1179.09        7.48084        3.59368      -0.108315E+008
  1016.92        65385.0        3300.55       0.222152E-004   1183.79        7.46900        3.58799      -0.108207E+008
  1036.50        65385.0        3301.74       0.222616E-004   1186.85        7.46002        3.58368      -0.107787E+008
  1056.08        65385.0        3298.27       0.223045E-004   1190.91        7.44889        3.57833      -0.107605E+008
  1075.65        65385.0        3295.62       0.223465E-004   1194.66        7.43808        3.57314      -0.107377E+008
  1095.23        65385.0        3292.49       0.223724E-004   1198.60        7.42797        3.56828      -0.107182E+008
  1114.81        65385.0        3287.72       0.224052E-004   1202.99        7.41806        3.56352      -0.107078E+008
  1134.38        65385.0        3285.05       0.224556E-004   1206.52        7.40775        3.55857      -0.106852E+008
  1153.96        65385.0        3281.18       0.225006E-004   1210.19        7.39606        3.55295      -0.106682E+008
  1173.54        65385.0        3277.59       0.225457E-004   1213.70        7.38483        3.54756      -0.106499E+008
  1193.12        65385.0        3273.68       0.225891E-004   1217.18        7.37314        3.54194      -0.106330E+008
  1212.69        65385.0        3270.69       0.226400E-004   1220.33        7.36171        3.53645      -0.106113E+008
  1232.27        65385.0        3266.36       0.226780E-004   1223.74        7.34958        3.53062      -0.105961E+008
  1251.85        65385.0        3263.19       0.227240E-004   1226.77        7.33934        3.52571      -0.105763E+008
  1271.42        65385.0        3259.12       0.227620E-004   1229.95        7.32761        3.52007      -0.105599E+008
  1291.00        65385.0        3255.54       0.228033E-004   1232.90        7.31645        3.51471      -0.105414E+008
  1310.58        65385.0        3251.14       0.228346E-004   1236.00        7.30488        3.50915      -0.105269E+008
  1330.15        65385.0        3247.87       0.228783E-004   1238.69        7.29401        3.50393      -0.105069E+008
  1349.73        65385.0        3244.35       0.229111E-004   1241.39        7.28422        3.49923      -0.104894E+008
  1369.31        65385.0        3241.73       0.229192E-004   1243.79        7.28152        3.49793      -0.104756E+008
  1388.88        65385.0        3238.45       0.229444E-004   1246.26        7.27344        3.49405      -0.104589E+008
  1408.46        65385.0        3237.05       0.229326E-004   1248.21        7.27644        3.49549      -0.104454E+008
  1428.04        65385.0        3235.58       0.229048E-004   1250.14        7.28307        3.49868      -0.104386E+008
  1447.62        65385.0        3232.56       0.229265E-004   1252.37        7.27541        3.49499      -0.104205E+008
  1467.19        65385.0        3226.08       0.230108E-004   1255.32        7.24942        3.48251      -0.103985E+008
  1486.77        65385.0        3226.63       0.229585E-004   1256.59        7.26331        3.48918      -0.103876E+008
  1506.35        65385.0        3242.36       0.231141E-004   1252.91        7.21966        3.46821      -0.103435E+008
  1525.92        65385.0        3246.93       0.229835E-004   1253.26        7.25328        3.48436      -0.103411E+008
  1545.50        65385.0        3252.30       0.226823E-004   1253.71        7.32859        3.52054      -0.103529E+008
  1565.08        65385.0        3265.90       0.220900E-004   1252.59        7.48208        3.59427      -0.103860E+008
  1584.65        65385.0        3281.77       0.214189E-004   1251.02        7.66666        3.68294      -0.104184E+008
  1604.23        65385.0        3278.41       0.214086E-004   1252.86        7.66161        3.68052      -0.103897E+008
  1623.81        65385.0        3274.89       0.214026E-004   1254.74        7.65647        3.67805      -0.103636E+008
  1643.38        65385.0        3271.18       0.214199E-004   1256.62        7.65010        3.67499      -0.103403E+008
  1662.96        65385.0        3267.53       0.214437E-004   1258.45        7.64352        3.67183      -0.103173E+008
  1682.54        65385.0        3264.03       0.214636E-004   1260.20        7.63741        3.66889      -0.102938E+008
  1702.12        65385.0        3260.00       0.214827E-004   1262.05        7.63135        3.66598      -0.102734E+008
  1721.69        65385.0        3256.68       0.214934E-004   1263.67        7.62578        3.66330      -0.102488E+008
  1741.27        65385.0        3252.75       0.215158E-004   1265.44        7.61933        3.66021      -0.102272E+008
  1760.85        65385.0        3249.12       0.215327E-004   1267.10        7.61295        3.65714      -0.102035E+008
  1780.42        65385.0        3245.51       0.215458E-004   1268.70        7.60687        3.65422      -0.101796E+008
  1800.00        65385.0        3241.90       0.215555E-004   1270.28        7.60089        3.65135      -0.101557E+008
  273.000        66667.0        3712.02       0.174735E-004   678.286        8.29860        3.98652      -0.114811E+008
  292.577        66667.0        3710.72       0.182827E-004   725.639        8.29650        3.98551      -0.114673E+008
  312.154        66667.0        3710.32       0.189820E-004   766.259        8.29762        3.98605      -0.114525E+008
  331.731        66667.0        3708.91       0.195973E-004   801.644        8.29521        3.98489      -0.114372E+008
  351.308        66667.0        3708.84       0.201320E-004   832.596        8.29742        3.98595      -0.114209E+008
  370.885        66667.0        3707.36       0.206105E-004   860.131        8.29473        3.98466      -0.114043E+008
  390.462        66667.0        3707.40       0.210287E-004   884.542        8.29719        3.98584      -0.113869E+008
  410.038        66667.0        3705.86       0.214095E-004   906.644        8.29426        3.98444      -0.113694E+008
  429.615        66667.0        3706.06       0.217434E-004   926.412        8.29707        3.98578      -0.113510E+008
  449.192        66667.0        3704.47       0.220533E-004   944.595        8.29394        3.98428      -0.113327E+008
  468.769        66667.0        3704.81       0.223251E-004   960.931        8.29700        3.98575      -0.113135E+008
  488.346        66667.0        3703.18       0.225827E-004   976.184        8.29371        3.98417      -0.112945E+008
  507.923        66667.0        3703.58       0.228056E-004   989.910        8.29538        3.98497      -0.112745E+008
  527.500        66667.0        3701.91       0.230239E-004   1002.91        8.29194        3.98332      -0.112550E+008
  547.077        66667.0        3702.59       0.232152E-004   1014.53        8.29670        3.98561      -0.112346E+008
  566.654        66667.0        3698.70       0.234140E-004   1025.99        8.28395        3.97948      -0.112145E+008
  586.231        66667.0        3701.33       0.235677E-004   1035.72        8.29555        3.98505      -0.111936E+008
  605.808        66667.0        3700.74       0.237261E-004   1045.22        8.29494        3.98476      -0.111728E+008
  625.385        66667.0        3699.76       0.238765E-004   1054.16        8.29276        3.98371      -0.111518E+008
  644.962        66667.0        3697.69       0.240232E-004   1062.76        8.28629        3.98061      -0.111307E+008
  664.538        66667.0        3367.16       0.210047E-004   1074.02        7.64830        3.67412      -0.110614E+008
  684.115        66667.0        3365.37       0.211003E-004   1082.26        7.64171        3.67096      -0.110397E+008
  703.692        66667.0        3363.60       0.211922E-004   1090.08        7.63537        3.66791      -0.110180E+008
  723.269        66667.0        3361.49       0.212715E-004   1097.53        7.62655        3.66367      -0.109957E+008
  742.846        66667.0        3359.87       0.213593E-004   1104.61        7.62126        3.66113      -0.109739E+008
  762.423        66667.0        3357.74       0.214308E-004   1111.37        7.61218        3.65677      -0.109513E+008
  782.000        66667.0        3356.00       0.215099E-004   1117.81        7.60606        3.65383      -0.109291E+008
  801.577        66667.0        3353.61       0.215690E-004   1124.00        7.59510        3.64857      -0.109060E+008
  821.154        66667.0        3351.99       0.216452E-004   1129.88        7.58975        3.64600      -0.108836E+008
  840.731        66667.0        3349.66       0.217015E-004   1135.55        7.57916        3.64091      -0.108604E+008
  860.308        66667.0        3347.85       0.217676E-004   1140.95        7.57245        3.63769      -0.108376E+008
  879.885        66667.0        3309.72       0.217610E-004   1154.26        7.55379        3.62872      -0.110086E+008
  899.462        66667.0        3308.93       0.218192E-004   1159.01        7.54447        3.62425      -0.109776E+008
  919.038        66667.0        3311.02       0.218781E-004   1162.86        7.53363        3.61904      -0.109280E+008
  938.615        66667.0        3306.98       0.219278E-004   1168.00        7.52519        3.61498      -0.109167E+008
  958.192        66667.0        3305.16       0.219747E-004   1172.39        7.51196        3.60863      -0.108863E+008
  977.769        66667.0        3303.88       0.220320E-004   1176.55        7.50403        3.60482      -0.108597E+008
  997.346        66667.0        3306.37       0.220772E-004   1179.59        7.49528        3.60061      -0.108107E+008
  1016.92        66667.0        3301.10       0.221238E-004   1184.37        7.48380        3.59510      -0.108022E+008
  1036.50        66667.0        3303.08       0.221672E-004   1187.24        7.47500        3.59087      -0.107559E+008
  1056.08        66667.0        3297.74       0.222098E-004   1191.77        7.46305        3.58513      -0.107471E+008
  1075.65        66667.0        3297.47       0.222507E-004   1194.94        7.45338        3.58049      -0.107121E+008
  1095.23        66667.0        3293.80       0.222919E-004   1198.82        7.44204        3.57504      -0.106948E+008
  1114.81        66667.0        3291.60       0.223319E-004   1202.22        7.43144        3.56995      -0.106696E+008
  1134.38        66667.0        3286.52       0.223413E-004   1206.76        7.42209        3.56546      -0.106613E+008
  1153.96        66667.0        3284.50       0.223943E-004   1210.01        7.41254        3.56087      -0.106358E+008
  1173.54        66667.0        3280.02       0.224361E-004   1213.69        7.40054        3.55510      -0.106220E+008
  1193.12        66667.0        3276.64       0.224792E-004   1217.08        7.38897        3.54955      -0.106019E+008
  1212.69        66667.0        3273.23       0.225263E-004   1220.32        7.37843        3.54449      -0.105835E+008
  1232.27        66667.0        3268.87       0.225602E-004   1223.78        7.36586        3.53844      -0.105678E+008
  1251.85        66667.0        3266.17       0.226120E-004   1226.66        7.35596        3.53369      -0.105459E+008
  1271.42        66667.0        3261.11       0.226360E-004   1230.12        7.34336        3.52763      -0.105341E+008
  1291.00        66667.0        3258.87       0.226927E-004   1232.71        7.33328        3.52279      -0.105092E+008
  1310.58        66667.0        3254.55       0.227231E-004   1235.77        7.32160        3.51718      -0.104943E+008
  1330.15        66667.0        3251.42       0.227679E-004   1238.46        7.31092        3.51205      -0.104736E+008
  1349.73        66667.0        3248.59       0.228037E-004   1240.99        7.30160        3.50757      -0.104526E+008
  1369.31        66667.0        3243.96       0.228364E-004   1243.89        7.28949        3.50176      -0.104388E+008
  1388.88        66667.0        3242.07       0.228289E-004   1246.03        7.29119        3.50257      -0.104262E+008
  1408.46        66667.0        3236.80       0.228939E-004   1248.94        7.27074        3.49275      -0.104055E+008
  1428.04        66667.0        3239.76       0.227903E-004   1249.78        7.30142        3.50749      -0.104028E+008
  1447.62        66667.0        3230.82       0.229285E-004   1253.42        7.25889        3.48706      -0.103740E+008
  1467.19        66667.0        3231.76       0.229424E-004   1254.34        7.25129        3.48341      -0.103494E+008
  1486.77        66667.0        3242.34       0.231181E-004   1252.18        7.20578        3.46154      -0.103088E+008
  1506.35        66667.0        3246.29       0.231654E-004   1252.28        7.19493        3.45633      -0.102880E+008
  1525.92        66667.0        3246.44       0.230617E-004   1253.79        7.22284        3.46974      -0.102847E+008
  1545.50        66667.0        3249.01       0.228648E-004   1254.78        7.27307        3.49387      -0.102884E+008
  1565.08        66667.0        3255.36       0.225192E-004   1254.97        7.35912        3.53521      -0.103021E+008
  1584.65        66667.0        3270.48       0.218538E-004   1253.49        7.53237        3.61844      -0.103386E+008
  1604.23        66667.0        3281.54       0.213312E-004   1252.73        7.67449        3.68671      -0.103560E+008
  1623.81        66667.0        3278.07       0.213218E-004   1254.58        7.66939        3.68425      -0.103285E+008
  1643.38        66667.0        3274.33       0.213334E-004   1256.47        7.66313        3.68125      -0.103045E+008
  1662.96        66667.0        3270.66       0.213570E-004   1258.30        7.65657        3.67810      -0.102817E+008
  1682.54        66667.0        3266.84       0.213776E-004   1260.14        7.65007        3.67497      -0.102598E+008
  1702.12        66667.0        3263.66       0.213953E-004   1261.76        7.64435        3.67223      -0.102345E+008
  1721.69        66667.0        3259.53       0.214161E-004   1263.62        7.63769        3.66903      -0.102139E+008
  1741.27        66667.0        3256.04       0.214228E-004   1265.24        7.63269        3.66663      -0.101904E+008
  1760.85        66667.0        3252.37       0.214471E-004   1266.92        7.62567        3.66326      -0.101668E+008
  1780.42        66667.0        3248.73       0.214576E-004   1268.53        7.61981        3.66044      -0.101430E+008
  1800.00        66667.0        3245.26       0.214693E-004   1270.08        7.61380        3.65755      -0.101185E+008
  273.000        67949.0        3715.02       0.174133E-004   677.866        8.30891        3.99147      -0.114467E+008
  292.577        67949.0        3713.72       0.182197E-004   725.244        8.30683        3.99047      -0.114330E+008
  312.154        67949.0        3713.32       0.189168E-004   765.893        8.30795        3.99101      -0.114182E+008
  331.731        67949.0        3711.92       0.195300E-004   801.306        8.30555        3.98986      -0.114028E+008
  351.308        67949.0        3711.85       0.200630E-004   832.279        8.30776        3.99092      -0.113866E+008
  370.885        67949.0        3710.37       0.205398E-004   859.830        8.30509        3.98964      -0.113700E+008
  390.462        67949.0        3710.41       0.209567E-004   884.259        8.30756        3.99082      -0.113526E+008
  410.038        67949.0        3708.87       0.213361E-004   906.377        8.30464        3.98942      -0.113351E+008
  429.615        67949.0        3709.08       0.216689E-004   926.160        8.30746        3.99077      -0.113167E+008
  449.192        67949.0        3707.49       0.219776E-004   944.354        8.30434        3.98928      -0.112984E+008
  468.769        67949.0        3707.84       0.222486E-004   960.701        8.30741        3.99075      -0.112792E+008
  488.346        67949.0        3706.21       0.225052E-004   975.963        8.30413        3.98917      -0.112603E+008
  507.923        67949.0        3706.61       0.227274E-004   989.698        8.30582        3.98999      -0.112403E+008
  527.500        67949.0        3709.26       0.229251E-004   1002.12        8.31788        3.99578      -0.112201E+008
  547.077        67949.0        3709.18       0.231192E-004   1013.85        8.32025        3.99692      -0.112001E+008
  566.654        67949.0        3708.89       0.232992E-004   1024.74        8.32094        3.99725      -0.111797E+008
  586.231        67949.0        3707.17       0.234731E-004   1035.09        8.31646        3.99510      -0.111593E+008
  605.808        67949.0        3705.19       0.236373E-004   1044.82        8.31054        3.99226      -0.111386E+008
  625.385        67949.0        3703.09       0.237912E-004   1053.96        8.30349        3.98887      -0.111176E+008
  644.962        67949.0        3701.16       0.239374E-004   1062.56        8.29810        3.98628      -0.110966E+008
  664.538        67949.0        3699.12       0.240755E-004   1070.68        8.29152        3.98312      -0.110754E+008
  684.115        67949.0        3697.04       0.242067E-004   1078.37        8.28472        3.97985      -0.110539E+008
  703.692        67949.0        3694.93       0.243319E-004   1085.65        8.27768        3.97647      -0.110323E+008
  723.269        67949.0        3365.28       0.211960E-004   1097.38        7.64115        3.67069      -0.109587E+008
  742.846        67949.0        3363.43       0.212773E-004   1104.46        7.63415        3.66733      -0.109366E+008
  762.423        67949.0        3361.54       0.213543E-004   1111.22        7.62685        3.66382      -0.109143E+008
  782.000        67949.0        3359.44       0.214230E-004   1117.67        7.61809        3.65961      -0.108916E+008
  801.577        67949.0        3357.32       0.214878E-004   1123.84        7.60909        3.65529      -0.108688E+008
  821.154        67949.0        3355.38       0.215553E-004   1129.74        7.60136        3.65158      -0.108461E+008
  840.731        67949.0        3353.40       0.216196E-004   1135.39        7.59337        3.64774      -0.108232E+008
  860.308        67949.0        3351.42       0.216815E-004   1140.80        7.58529        3.64385      -0.108002E+008
  879.885        67949.0        3310.01       0.216691E-004   1154.88        7.56742        3.63527      -0.109900E+008
  899.462        67949.0        3311.24       0.217310E-004   1159.15        7.55778        3.63064      -0.109468E+008
  919.038        67949.0        3310.82       0.217857E-004   1163.61        7.54802        3.62595      -0.109130E+008
  938.615        67949.0        3309.16       0.218377E-004   1168.18        7.53910        3.62167      -0.108875E+008
  958.192        67949.0        3306.67       0.218814E-004   1172.73        7.52602        3.61539      -0.108614E+008
  977.769        67949.0        3305.06       0.219296E-004   1176.95        7.51709        3.61109      -0.108353E+008
  997.346        67949.0        3302.93       0.219773E-004   1181.13        7.50761        3.60654      -0.108115E+008
  1016.92        67949.0        3301.39       0.220228E-004   1185.02        7.49784        3.60185      -0.107840E+008
  1036.50        67949.0        3299.72       0.220711E-004   1188.79        7.48751        3.59688      -0.107563E+008
  1056.08        67949.0        3300.68       0.221150E-004   1191.77        7.47868        3.59264      -0.107159E+008
  1075.65        67949.0        3298.56       0.221564E-004   1195.39        7.46822        3.58762      -0.106906E+008
  1095.23        67949.0        3295.90       0.221962E-004   1199.04        7.45756        3.58249      -0.106680E+008
  1114.81        67949.0        3292.41       0.222361E-004   1202.75        7.44622        3.57705      -0.106494E+008
  1134.38        67949.0        3290.19       0.222748E-004   1206.05        7.43563        3.57196      -0.106244E+008
  1153.96        67949.0        3285.50       0.222776E-004   1210.37        7.42616        3.56741      -0.106137E+008
  1173.54        67949.0        3282.35       0.223244E-004   1213.76        7.41566        3.56237      -0.105937E+008
  1193.12        67949.0        3279.13       0.223701E-004   1217.08        7.40490        3.55720      -0.105739E+008
  1212.69        67949.0        3275.91       0.224153E-004   1220.31        7.39351        3.55173      -0.105533E+008
  1232.27        67949.0        3271.87       0.224514E-004   1223.67        7.38199        3.54619      -0.105369E+008
  1251.85        67949.0        3267.90       0.224873E-004   1226.91        7.37071        3.54077      -0.105204E+008
  1271.42        67949.0        3264.51       0.225291E-004   1229.91        7.35976        3.53552      -0.105011E+008
  1291.00        67949.0        3263.08       0.225847E-004   1232.33        7.35114        3.53137      -0.104730E+008
  1310.58        67949.0        3257.88       0.226135E-004   1235.60        7.33786        3.52499      -0.104615E+008
  1330.15        67949.0        3255.71       0.226569E-004   1238.07        7.32937        3.52091      -0.104376E+008
  1349.73        67949.0        3250.24       0.226626E-004   1241.27        7.31991        3.51637      -0.104320E+008
  1369.31        67949.0        3248.32       0.227058E-004   1243.48        7.31205        3.51260      -0.104075E+008
  1388.88        67949.0        3245.55       0.227189E-004   1245.84        7.30762        3.51047      -0.103926E+008
  1408.46        67949.0        3244.22       0.227038E-004   1247.78        7.31160        3.51238      -0.103797E+008
  1428.04        67949.0        3237.33       0.228127E-004   1251.02        7.27873        3.49659      -0.103527E+008
  1447.62        67949.0        3238.08       0.228483E-004   1251.98        7.26355        3.48930      -0.103247E+008
  1467.19        67949.0        3244.01       0.229857E-004   1251.29        7.22623        3.47137      -0.102893E+008
  1486.77        67949.0        3250.79       0.231540E-004   1250.36        7.18481        3.45147      -0.102556E+008
  1506.35        67949.0        3248.72       0.231385E-004   1252.32        7.19112        3.45450      -0.102432E+008
  1525.92        67949.0        3250.02       0.229950E-004   1253.61        7.22914        3.47277      -0.102436E+008
  1545.50        67949.0        3248.38       0.229552E-004   1255.37        7.24053        3.47824      -0.102321E+008
  1565.08        67949.0        3251.38       0.227328E-004   1256.19        7.29586        3.50482      -0.102360E+008
  1584.65        67949.0        3258.79       0.223362E-004   1256.11        7.39431        3.55211      -0.102518E+008
  1604.23        67949.0        3275.46       0.215911E-004   1254.26        7.58983        3.64604      -0.102921E+008
  1623.81        67949.0        3281.26       0.212417E-004   1254.42        7.68234        3.69047      -0.102933E+008
  1643.38        67949.0        3277.65       0.212486E-004   1256.28        7.67627        3.68756      -0.102679E+008
  1662.96        67949.0        3274.00       0.212719E-004   1258.10        7.66940        3.68426      -0.102445E+008
  1682.54        67949.0        3270.49       0.212918E-004   1259.86        7.66320        3.68128      -0.102210E+008
  1702.12        67949.0        3266.67       0.213092E-004   1261.65        7.65729        3.67844      -0.101994E+008
  1721.69        67949.0        3263.20       0.213192E-004   1263.31        7.65218        3.67599      -0.101762E+008
  1741.27        67949.0        3259.44       0.213368E-004   1265.03        7.64568        3.67287      -0.101532E+008
  1760.85        67949.0        3255.74       0.213599E-004   1266.71        7.63875        3.66954      -0.101296E+008
  1780.42        67949.0        3252.18       0.213696E-004   1268.30        7.63291        3.66673      -0.101056E+008
  1800.00        67949.0        3248.58       0.213843E-004   1269.88        7.62660        3.66370      -0.100815E+008
  273.000        69231.1        3719.30       0.173478E-004   677.437        8.32393        3.99868      -0.114122E+008
  292.577        69231.1        3718.01       0.181516E-004   724.843        8.32185        3.99769      -0.113985E+008
  312.154        69231.1        3718.35       0.188430E-004   765.508        8.32569        3.99953      -0.113837E+008
  331.731        69231.1        3716.96       0.194542E-004   800.930        8.32331        3.99839      -0.113683E+008
  351.308        69231.1        3717.62       0.199821E-004   831.904        8.32825        4.00076      -0.113520E+008
  370.885        69231.1        3716.14       0.204574E-004   859.447        8.32559        3.99948      -0.113355E+008
  390.462        69231.1        3717.11       0.208687E-004   883.847        8.33151        4.00233      -0.113180E+008
  410.038        69231.1        3715.58       0.212468E-004   905.929        8.32862        4.00094      -0.113005E+008
  429.615        69231.1        3716.84       0.215737E-004   925.642        8.33540        4.00420      -0.112820E+008
  449.192        69231.1        3715.26       0.218813E-004   943.774        8.33231        4.00271      -0.112637E+008
  468.769        69231.1        3716.79       0.221459E-004   960.005        8.33981        4.00632      -0.112445E+008
  488.346        69231.1        3715.17       0.224015E-004   975.172        8.33656        4.00475      -0.112256E+008
  507.923        69231.1        3716.88       0.226187E-004   988.721        8.34397        4.00831      -0.112056E+008
  527.500        69231.1        3716.20       0.228297E-004   1001.45        8.34272        4.00771      -0.111856E+008
  547.077        69231.1        3714.29       0.230313E-004   1013.39        8.33834        4.00561      -0.111658E+008
  566.654        69231.1        3712.18       0.232173E-004   1024.51        8.33160        4.00237      -0.111454E+008
  586.231        69231.1        3710.46       0.233918E-004   1034.89        8.32768        4.00049      -0.111252E+008
  605.808        69231.1        3708.32       0.235537E-004   1044.62        8.31970        3.99666      -0.111042E+008
  625.385        69231.1        3706.57       0.237078E-004   1053.76        8.31591        3.99483      -0.110837E+008
  644.962        69231.1        3704.52       0.238528E-004   1062.37        8.30939        3.99170      -0.110626E+008
  664.538        69231.1        3702.58       0.239897E-004   1070.49        8.30320        3.98873      -0.110414E+008
  684.115        69231.1        3700.56       0.241190E-004   1078.17        8.29622        3.98537      -0.110199E+008
  703.692        69231.1        3698.49       0.242440E-004   1085.45        8.28964        3.98221      -0.109983E+008
  723.269        69231.1        3696.45       0.243593E-004   1092.37        8.28143        3.97827      -0.109763E+008
  742.846        69231.1        3694.30       0.244763E-004   1098.95        8.27520        3.97528      -0.109546E+008
  762.423        69231.1        3365.09       0.212725E-004   1111.07        7.63973        3.67001      -0.108770E+008
  782.000        69231.1        3363.19       0.213454E-004   1117.52        7.63236        3.66647      -0.108545E+008
  801.577        69231.1        3361.03       0.214080E-004   1123.69        7.62306        3.66200      -0.108317E+008
  821.154        69231.1        3359.29       0.214803E-004   1129.58        7.61678        3.65898      -0.108092E+008
  840.731        69231.1        3357.13       0.215387E-004   1135.23        7.60748        3.65452      -0.107861E+008
  860.308        69231.1        3355.26       0.216025E-004   1140.64        7.60024        3.65104      -0.107632E+008
  879.885        69231.1        3309.50       0.215857E-004   1155.68        7.57879        3.64073      -0.109722E+008
  899.462        69231.1        3309.82       0.216361E-004   1160.18        7.57198        3.63746      -0.109386E+008
  919.038        69231.1        3311.13       0.216955E-004   1164.23        7.56275        3.63303      -0.108956E+008
  938.615        69231.1        3307.83       0.217441E-004   1169.20        7.55318        3.62843      -0.108785E+008
  958.192        69231.1        3306.12       0.217919E-004   1173.59        7.54238        3.62324      -0.108508E+008
  977.769        69231.1        3304.90       0.218475E-004   1177.72        7.53264        3.61857      -0.108213E+008
  997.346        69231.1        3303.44       0.218878E-004   1181.73        7.52272        3.61380      -0.107934E+008
  1016.92        69231.1        3302.23       0.219379E-004   1185.53        7.51276        3.60901      -0.107636E+008
  1036.50        69231.1        3303.12       0.219788E-004   1188.66        7.50310        3.60437      -0.107225E+008
  1056.08        69231.1        3299.11       0.220227E-004   1192.89        7.49238        3.59922      -0.107078E+008
  1075.65        69231.1        3300.00       0.220622E-004   1195.75        7.48315        3.59479      -0.106671E+008
  1095.23        69231.1        3295.47       0.221027E-004   1199.86        7.47159        3.58924      -0.106540E+008
  1114.81        69231.1        3294.94       0.221407E-004   1202.85        7.46182        3.58454      -0.106203E+008
  1134.38        69231.1        3291.37       0.221797E-004   1206.49        7.45058        3.57914      -0.106024E+008
  1153.96        69231.1        3289.14       0.222172E-004   1209.69        7.44002        3.57407      -0.105773E+008
  1173.54        69231.1        3285.15       0.222197E-004   1213.63        7.43035        3.56943      -0.105625E+008
  1193.12        69231.1        3281.61       0.222600E-004   1217.12        7.42009        3.56450      -0.105448E+008
  1212.69        69231.1        3278.47       0.223048E-004   1220.32        7.40956        3.55944      -0.105246E+008
  1232.27        69231.1        3275.23       0.223480E-004   1223.46        7.39880        3.55427      -0.105047E+008
  1251.85        69231.1        3271.99       0.223910E-004   1226.50        7.38802        3.54909      -0.104847E+008
  1271.42        69231.1        3268.42       0.224279E-004   1229.57        7.37705        3.54382      -0.104662E+008
  1291.00        69231.1        3265.28       0.224728E-004   1232.41        7.36624        3.53863      -0.104456E+008
  1310.58        69231.1        3261.77       0.225102E-004   1235.28        7.35530        3.53337      -0.104268E+008
  1330.15        69231.1        3258.37       0.225497E-004   1238.04        7.34435        3.52811      -0.104074E+008
  1349.73        69231.1        3254.86       0.225785E-004   1240.76        7.33482        3.52353      -0.103899E+008
  1369.31        69231.1        3251.35       0.226207E-004   1243.38        7.32296        3.51783      -0.103701E+008
  1388.88        69231.1        3248.97       0.226146E-004   1245.65        7.32288        3.51780      -0.103580E+008
  1408.46        69231.1        3244.43       0.226833E-004   1248.39        7.30313        3.50831      -0.103339E+008
  1428.04        69231.1        3244.50       0.227253E-004   1249.62        7.28519        3.49969      -0.103062E+008
  1447.62        69231.1        3247.23       0.228111E-004   1249.99        7.25782        3.48654      -0.102739E+008
  1467.19        69231.1        3256.92       0.230692E-004   1248.14        7.19255        3.45519      -0.102333E+008
  1486.77        69231.1        3254.14       0.230870E-004   1250.27        7.19091        3.45440      -0.102166E+008
  1506.35        69231.1        3251.86       0.230860E-004   1252.25        7.19383        3.45581      -0.102016E+008
  1525.92        69231.1        3249.93       0.230647E-004   1254.11        7.20132        3.45940      -0.101889E+008
  1545.50        69231.1        3250.23       0.229549E-004   1255.50        7.23012        3.47324      -0.101837E+008
  1565.08        69231.1        3250.63       0.228364E-004   1256.84        7.26111        3.48813      -0.101795E+008
  1584.65        69231.1        3253.99       0.225883E-004   1257.50        7.32140        3.51709      -0.101836E+008
  1604.23        69231.1        3262.59       0.221307E-004   1257.12        7.43495        3.57163      -0.102023E+008
  1623.81        69231.1        3280.65       0.213057E-004   1254.96        7.65374        3.67674      -0.102462E+008
  1643.38        69231.1        3280.82       0.211632E-004   1256.13        7.68945        3.69389      -0.102322E+008
  1662.96        69231.1        3277.09       0.211853E-004   1257.97        7.68273        3.69066      -0.102096E+008
  1682.54        69231.1        3273.33       0.212070E-004   1259.79        7.67597        3.68742      -0.101869E+008
  1702.12        69231.1        3269.75       0.212275E-004   1261.52        7.66961        3.68436      -0.101633E+008
  1721.69        69231.1        3266.05       0.212453E-004   1263.26        7.66335        3.68136      -0.101406E+008
  1741.27        69231.1        3262.77       0.212568E-004   1264.84        7.65782        3.67870      -0.101158E+008
  1760.85        69231.1        3258.95       0.212771E-004   1266.54        7.65129        3.67556      -0.100930E+008
  1780.42        69231.1        3255.51       0.212875E-004   1268.11        7.64544        3.67275      -0.100685E+008
  1800.00        69231.1        3251.94       0.212999E-004   1269.68        7.63941        3.66985      -0.100444E+008
  273.000        70513.1        3722.28       0.172887E-004   677.020        8.33415        4.00360      -0.113779E+008
  292.577        70513.1        3720.99       0.180899E-004   724.460        8.33209        4.00261      -0.113642E+008
  312.154        70513.1        3721.33       0.187792E-004   765.149        8.33593        4.00445      -0.113494E+008
  331.731        70513.1        3719.94       0.193883E-004   800.591        8.33356        4.00331      -0.113341E+008
  351.308        70513.1        3720.60       0.199146E-004   831.588        8.33850        4.00568      -0.113178E+008
  370.885        70513.1        3719.13       0.203882E-004   859.150        8.33585        4.00441      -0.113012E+008
  390.462        70513.1        3720.10       0.207984E-004   883.566        8.34177        4.00726      -0.112838E+008
  410.038        70513.1        3723.19       0.211547E-004   905.405        8.35564        4.01392      -0.112658E+008
  429.615        70513.1        3723.50       0.214851E-004   925.191        8.35922        4.01564      -0.112476E+008
  449.192        70513.1        3723.90       0.217825E-004   943.113        8.36304        4.01747      -0.112290E+008
  468.769        70513.1        3724.37       0.220514E-004   959.416        8.36707        4.01941      -0.112100E+008
  488.346        70513.1        3722.96       0.223043E-004   974.479        8.36402        4.01794      -0.111909E+008
  507.923        70513.1        3721.19       0.225366E-004   988.382        8.35897        4.01552      -0.111714E+008
  527.500        70513.1        3719.39       0.227521E-004   1001.24        8.35372        4.01300      -0.111516E+008
  547.077        70513.1        3717.36       0.229516E-004   1013.19        8.34810        4.01030      -0.111316E+008
  566.654        70513.1        3715.50       0.231368E-004   1024.31        8.34286        4.00778      -0.111115E+008
  586.231        70513.1        3713.66       0.233087E-004   1034.69        8.33713        4.00503      -0.110910E+008
  605.808        70513.1        3711.71       0.234712E-004   1044.43        8.33116        4.00216      -0.110703E+008
  625.385        70513.1        3709.88       0.236250E-004   1053.57        8.32702        4.00017      -0.110497E+008
  644.962        70513.1        3707.91       0.237689E-004   1062.18        8.32083        3.99720      -0.110286E+008
  664.538        70513.1        3705.98       0.239048E-004   1070.30        8.31462        3.99421      -0.110074E+008
  684.115        70513.1        3703.99       0.240322E-004   1077.98        8.30722        3.99066      -0.109858E+008
  703.692        70513.1        3701.95       0.241547E-004   1085.26        8.30007        3.98723      -0.109641E+008
  723.269        70513.1        3699.98       0.242717E-004   1092.17        8.29329        3.98397      -0.109424E+008
  742.846        70513.1        3697.87       0.243874E-004   1098.75        8.28706        3.98098      -0.109206E+008
  762.423        70513.1        3695.81       0.244955E-004   1105.01        8.27978        3.97748      -0.108986E+008
  782.000        70513.1        3693.70       0.245996E-004   1110.99        8.27219        3.97383      -0.108763E+008
  801.577        70513.1        3364.83       0.213333E-004   1123.54        7.63777        3.66907      -0.107947E+008
  821.154        70513.1        3362.89       0.213989E-004   1129.43        7.63005        3.66536      -0.107720E+008
  840.731        70513.1        3360.91       0.214613E-004   1135.08        7.62204        3.66151      -0.107491E+008
  860.308        70513.1        3358.89       0.215200E-004   1140.49        7.61365        3.65748      -0.107260E+008
  879.885        70513.1        3310.65       0.214954E-004   1156.09        7.59277        3.64745      -0.109491E+008
  899.462        70513.1        3310.56       0.215488E-004   1160.68        7.58509        3.64376      -0.109165E+008
  919.038        70513.1        3309.57       0.216030E-004   1165.29        7.57570        3.63925      -0.108864E+008
  938.615        70513.1        3308.66       0.216569E-004   1169.70        7.56685        3.63500      -0.108566E+008
  958.192        70513.1        3307.20       0.217086E-004   1174.05        7.55658        3.63007      -0.108280E+008
  977.769        70513.1        3306.23       0.217546E-004   1178.10        7.54730        3.62560      -0.107979E+008
  997.346        70513.1        3304.91       0.217997E-004   1182.09        7.53736        3.62083      -0.107691E+008
  1016.92        70513.1        3303.41       0.218462E-004   1185.96        7.52739        3.61604      -0.107410E+008
  1036.50        70513.1        3301.85       0.218884E-004   1189.70        7.51720        3.61115      -0.107131E+008
  1056.08        70513.1        3300.35       0.219301E-004   1193.30        7.50716        3.60632      -0.106850E+008
  1075.65        70513.1        3298.54       0.219699E-004   1196.85        7.49677        3.60133      -0.106581E+008
  1095.23        70513.1        3295.98       0.220070E-004   1200.47        7.48584        3.59608      -0.106344E+008
  1114.81        70513.1        3295.72       0.220467E-004   1203.38        7.47648        3.59158      -0.106002E+008
  1134.38        70513.1        3294.06       0.220840E-004   1206.54        7.46627        3.58668      -0.105724E+008
  1153.96        70513.1        3290.65       0.221223E-004   1210.04        7.45515        3.58134      -0.105536E+008
  1173.54        70513.1        3288.41       0.221587E-004   1213.15        7.44459        3.57627      -0.105285E+008
  1193.12        70513.1        3286.05       0.221949E-004   1216.19        7.43406        3.57120      -0.105040E+008
  1212.69        70513.1        3281.08       0.221961E-004   1220.33        7.42478        3.56675      -0.104949E+008
  1232.27        70513.1        3278.02       0.222400E-004   1223.42        7.41437        3.56175      -0.104743E+008
  1251.85        70513.1        3274.88       0.222827E-004   1226.44        7.40370        3.55662      -0.104539E+008
  1271.42        70513.1        3271.53       0.223229E-004   1229.44        7.39285        3.55141      -0.104343E+008
  1291.00        70513.1        3268.42       0.223648E-004   1232.28        7.38237        3.54638      -0.104138E+008
  1310.58        70513.1        3264.97       0.224025E-004   1235.14        7.37148        3.54114      -0.103947E+008
  1330.15        70513.1        3261.77       0.224422E-004   1237.85        7.36083        3.53603      -0.103744E+008
  1349.73        70513.1        3258.27       0.224769E-004   1240.56        7.35019        3.53092      -0.103558E+008
  1369.31        70513.1        3254.83       0.224840E-004   1243.20        7.34483        3.52834      -0.103431E+008
  1388.88        70513.1        3251.60       0.225477E-004   1245.66        7.32942        3.52094      -0.103171E+008
  1408.46        70513.1        3250.72       0.225905E-004   1247.28        7.31141        3.51229      -0.102913E+008
  1428.04        70513.1        3251.75       0.226403E-004   1248.24        7.29034        3.50216      -0.102599E+008
  1447.62        70513.1        3262.64       0.229456E-004   1246.06        7.21022        3.46368      -0.102172E+008
  1467.19        70513.1        3260.48       0.229884E-004   1248.02        7.20215        3.45980      -0.101970E+008
  1486.77        70513.1        3257.70       0.230098E-004   1250.14        7.19966        3.45861      -0.101793E+008
  1506.35        70513.1        3255.58       0.229991E-004   1252.09        7.20479        3.46107      -0.101654E+008
  1525.92        70513.1        3252.98       0.230154E-004   1254.06        7.20341        3.46040      -0.101475E+008
  1545.50        70513.1        3253.19       0.229082E-004   1255.46        7.23170        3.47400      -0.101421E+008
  1565.08        70513.1        3251.47       0.228782E-004   1257.17        7.24052        3.47823      -0.101279E+008
  1584.65        70513.1        3252.78       0.227150E-004   1258.25        7.28128        3.49782      -0.101259E+008
  1604.23        70513.1        3256.93       0.224247E-004   1258.70        7.35128        3.53144      -0.101317E+008
  1623.81        70513.1        3266.74       0.219006E-004   1258.03        7.48155        3.59402      -0.101536E+008
  1643.38        70513.1        3284.02       0.210793E-004   1255.96        7.70252        3.70017      -0.101961E+008
  1662.96        70513.1        3280.25       0.211016E-004   1257.82        7.69555        3.69682      -0.101735E+008
  1682.54        70513.1        3276.54       0.211230E-004   1259.62        7.68889        3.69362      -0.101506E+008
  1702.12        70513.1        3272.92       0.211421E-004   1261.36        7.68263        3.69061      -0.101274E+008
  1721.69        70513.1        3269.29       0.211613E-004   1263.08        7.67615        3.68750      -0.101039E+008
  1741.27        70513.1        3265.76       0.211773E-004   1264.73        7.67016        3.68463      -0.100801E+008
  1760.85        70513.1        3262.23       0.211933E-004   1266.36        7.66402        3.68168      -0.100562E+008
  1780.42        70513.1        3258.75       0.212049E-004   1267.93        7.65811        3.67884      -0.100319E+008
  1800.00        70513.1        3255.24       0.212165E-004   1269.48        7.65211        3.67596      -0.100074E+008
  273.000        71795.2        3727.85       0.172191E-004   676.583        8.35384        4.01306      -0.113434E+008
  292.577        71795.2        3726.57       0.180176E-004   724.048        8.35179        4.01207      -0.113297E+008
  312.154        71795.2        3728.10       0.186996E-004   764.751        8.36004        4.01603      -0.113148E+008
  331.731        71795.2        3726.72       0.193068E-004   800.194        8.35769        4.01490      -0.112995E+008
  351.308        71795.2        3728.79       0.198255E-004   831.169        8.36787        4.01980      -0.112831E+008
  370.885        71795.2        3727.33       0.202975E-004   858.694        8.36525        4.01854      -0.112666E+008
  390.462        71795.2        3729.97       0.206993E-004   883.044        8.37736        4.02436      -0.112491E+008
  410.038        71795.2        3730.74       0.210647E-004   904.937        8.38273        4.02693      -0.112313E+008
  429.615        71795.2        3731.23       0.213933E-004   924.677        8.38699        4.02898      -0.112131E+008
  449.192        71795.2        3729.39       0.216981E-004   942.702        8.38135        4.02627      -0.111944E+008
  468.769        71795.2        3727.82       0.219760E-004   959.158        8.37898        4.02513      -0.111759E+008
  488.346        71795.2        3726.06       0.222289E-004   974.258        8.37434        4.02290      -0.111568E+008
  507.923        71795.2        3724.31       0.224612E-004   988.170        8.36991        4.02078      -0.111374E+008
  527.500        71795.2        3722.51       0.226757E-004   1001.04        8.36494        4.01839      -0.111177E+008
  547.077        71795.2        3720.66       0.228751E-004   1012.98        8.36038        4.01620      -0.110978E+008
  566.654        71795.2        3718.75       0.230571E-004   1024.11        8.35378        4.01303      -0.110775E+008
  586.231        71795.2        3717.00       0.232302E-004   1034.50        8.34971        4.01107      -0.110573E+008
  605.808        71795.2        3715.12       0.233894E-004   1044.23        8.34280        4.00775      -0.110364E+008
  625.385        71795.2        3713.22       0.235428E-004   1053.38        8.33831        4.00560      -0.110158E+008
  644.962        71795.2        3711.30       0.236855E-004   1061.99        8.33217        4.00265      -0.109947E+008
  664.538        71795.2        3709.37       0.238208E-004   1070.11        8.32599        3.99968      -0.109734E+008
  684.115        71795.2        3707.40       0.239488E-004   1077.79        8.31926        3.99644      -0.109520E+008
  703.692        71795.2        3705.44       0.240712E-004   1085.07        8.31283        3.99336      -0.109304E+008
  723.269        71795.2        3703.33       0.241868E-004   1091.99        8.30486        3.98953      -0.109085E+008
  742.846        71795.2        3701.44       0.242994E-004   1098.56        8.29888        3.98665      -0.108867E+008
  762.423        71795.2        3699.32       0.244069E-004   1104.83        8.29128        3.98300      -0.108646E+008
  782.000        71795.2        3697.34       0.245097E-004   1110.80        8.28415        3.97958      -0.108424E+008
  801.577        71795.2        3695.27       0.246084E-004   1116.51        8.27633        3.97582      -0.108201E+008
  821.154        71795.2        3693.14       0.247053E-004   1121.98        8.26871        3.97216      -0.107976E+008
  840.731        71795.2        3691.00       0.247983E-004   1127.22        8.26068        3.96830      -0.107750E+008
  860.308        71795.2        3362.54       0.214398E-004   1140.34        7.62725        3.66401      -0.106889E+008
  879.885        71795.2        3312.01       0.214075E-004   1156.45        7.60653        3.65406      -0.109245E+008
  899.462        71795.2        3311.27       0.214623E-004   1161.20        7.59818        3.65005      -0.108944E+008
  919.038        71795.2        3310.36       0.215171E-004   1165.80        7.58932        3.64579      -0.108646E+008
  938.615        71795.2        3309.46       0.215705E-004   1170.21        7.58048        3.64154      -0.108348E+008
  958.192        71795.2        3308.50       0.216172E-004   1174.44        7.57119        3.63708      -0.108047E+008
  977.769        71795.2        3307.54       0.216627E-004   1178.49        7.56191        3.63263      -0.107746E+008
  997.346        71795.2        3306.05       0.217096E-004   1182.52        7.55194        3.62783      -0.107466E+008
  1016.92        71795.2        3304.57       0.217555E-004   1186.38        7.54198        3.62305      -0.107185E+008
  1036.50        71795.2        3303.07       0.217975E-004   1190.12        7.53193        3.61822      -0.106904E+008
  1056.08        71795.2        3301.57       0.218386E-004   1193.71        7.52189        3.61340      -0.106622E+008
  1075.65        71795.2        3299.88       0.218781E-004   1197.23        7.51169        3.60850      -0.106350E+008
  1095.23        71795.2        3298.20       0.219168E-004   1200.63        7.50150        3.60361      -0.106076E+008
  1114.81        71795.2        3296.29       0.219545E-004   1203.96        7.49112        3.59862      -0.105811E+008
  1134.38        71795.2        3294.40       0.219916E-004   1207.18        7.48074        3.59363      -0.105546E+008
  1153.96        71795.2        3294.30       0.220269E-004   1209.84        7.47134        3.58912      -0.105191E+008
  1173.54        71795.2        3290.21       0.220638E-004   1213.42        7.45984        3.58359      -0.105033E+008
  1193.12        71795.2        3289.38       0.220986E-004   1216.07        7.45022        3.57897      -0.104713E+008
  1212.69        71795.2        3285.59       0.221349E-004   1219.38        7.43886        3.57351      -0.104538E+008
  1232.27        71795.2        3280.75       0.221328E-004   1223.41        7.42965        3.56909      -0.104439E+008
  1251.85        71795.2        3277.74       0.221756E-004   1226.39        7.41932        3.56413      -0.104231E+008
  1271.42        71795.2        3274.64       0.222169E-004   1229.32        7.40889        3.55912      -0.104026E+008
  1291.00        71795.2        3271.54       0.222581E-004   1232.16        7.39844        3.55410      -0.103821E+008
  1310.58        71795.2        3268.35       0.222972E-004   1234.96        7.38786        3.54901      -0.103618E+008
  1330.15        71795.2        3265.15       0.223362E-004   1237.67        7.37725        3.54391      -0.103416E+008
  1349.73        71795.2        3261.88       0.223727E-004   1240.32        7.36675        3.53887      -0.103218E+008
  1369.31        71795.2        3258.60       0.224091E-004   1242.90        7.35624        3.53382      -0.103019E+008
  1388.88        71795.2        3256.63       0.224497E-004   1244.96        7.34058        3.52630      -0.102787E+008
  1408.46        71795.2        3257.27       0.225019E-004   1246.11        7.31754        3.51523      -0.102479E+008
  1428.04        71795.2        3263.63       0.227219E-004   1245.43        7.25662        3.48597      -0.102121E+008
  1447.62        71795.2        3266.97       0.228737E-004   1245.70        7.21723        3.46705      -0.101809E+008
  1467.19        71795.2        3264.40       0.228638E-004   1247.88        7.22162        3.46915      -0.101693E+008
  1486.77        71795.2        3261.26       0.229334E-004   1250.02        7.20836        3.46278      -0.101421E+008
  1506.35        71795.2        3258.67       0.229498E-004   1252.04        7.20696        3.46211      -0.101241E+008
  1525.92        71795.2        3256.06       0.229660E-004   1254.01        7.20556        3.46144      -0.101062E+008
  1545.50        71795.2        3254.50       0.229340E-004   1255.73        7.21540        3.46617      -0.100927E+008
  1565.08        71795.2        3252.95       0.228999E-004   1257.41        7.22565        3.47109      -0.100796E+008
  1584.65        71795.2        3253.23       0.227804E-004   1258.69        7.25604        3.48569      -0.100734E+008
  1604.23        71795.2        3255.14       0.225812E-004   1259.58        7.30407        3.50876      -0.100723E+008
  1623.81        71795.2        3261.75       0.221838E-004   1259.48        7.40053        3.55510      -0.100852E+008
  1643.38        71795.2        3271.16       0.216455E-004   1258.84        7.53436        3.61939      -0.101055E+008
  1662.96        71795.2        3283.44       0.210184E-004   1257.65        7.70854        3.70306      -0.101374E+008
  1682.54        71795.2        3279.75       0.210398E-004   1259.45        7.70176        3.69981      -0.101142E+008
  1702.12        71795.2        3276.15       0.210593E-004   1261.19        7.69534        3.69672      -0.100908E+008
  1721.69        71795.2        3272.52       0.210782E-004   1262.90        7.68889        3.69362      -0.100673E+008
  1741.27        71795.2        3269.02       0.210947E-004   1264.55        7.68281        3.69070      -0.100434E+008
  1760.85        71795.2        3265.50       0.211104E-004   1266.17        7.67669        3.68776      -0.100194E+008
  1780.42        71795.2        3262.03       0.211226E-004   1267.74        7.67074        3.68490      -0.999496E+007
  1800.00        71795.2        3258.53       0.211340E-004   1269.29        7.66476        3.68203      -0.997049E+007
  273.000        73077.2        3730.81       0.171613E-004   676.177        8.36398        4.01793      -0.113092E+008
  292.577        73077.2        3729.52       0.179572E-004   723.665        8.36194        4.01694      -0.112955E+008
  312.154        73077.2        3731.06       0.186373E-004   764.392        8.37018        4.02090      -0.112807E+008
  331.731        73077.2        3735.18       0.192193E-004   799.751        8.38796        4.02944      -0.112649E+008
  351.308        73077.2        3736.21       0.197410E-004   830.768        8.39441        4.03255      -0.112487E+008
  370.885        73077.2        3737.35       0.202005E-004   858.179        8.40121        4.03581      -0.112319E+008
  390.462        73077.2        3737.53       0.206117E-004   882.605        8.40446        4.03737      -0.112146E+008
  410.038        73077.2        3735.91       0.209859E-004   904.577        8.40103        4.03572      -0.111971E+008
  429.615        73077.2        3734.17       0.213220E-004   924.430        8.39634        4.03347      -0.111789E+008
  449.192        73077.2        3732.45       0.216262E-004   942.465        8.39196        4.03137      -0.111604E+008
  468.769        73077.2        3730.76       0.219028E-004   958.930        8.38827        4.02960      -0.111417E+008
  488.346        73077.2        3729.14       0.221548E-004   974.037        8.38498        4.02801      -0.111228E+008
  507.923        73077.2        3727.41       0.223860E-004   987.957        8.38053        4.02588      -0.111035E+008
  527.500        73077.2        3725.60       0.226000E-004   1000.83        8.37581        4.02361      -0.110838E+008
  547.077        73077.2        3723.84       0.227949E-004   1012.78        8.36986        4.02075      -0.110637E+008
  566.654        73077.2        3722.02       0.229781E-004   1023.91        8.36481        4.01832      -0.110435E+008
  586.231        73077.2        3720.20       0.231486E-004   1034.30        8.35921        4.01563      -0.110231E+008
  605.808        73077.2        3718.37       0.233085E-004   1044.04        8.35342        4.01286      -0.110024E+008
  625.385        73077.2        3716.40       0.234618E-004   1053.19        8.34885        4.01066      -0.109818E+008
  644.962        73077.2        3714.57       0.236036E-004   1061.80        8.34312        4.00791      -0.109607E+008
  664.538        73077.2        3712.70       0.237377E-004   1069.93        8.33705        4.00499      -0.109395E+008
  684.115        73077.2        3710.75       0.238632E-004   1077.61        8.32971        4.00147      -0.109179E+008
  703.692        73077.2        3708.83       0.239834E-004   1084.89        8.32278        3.99814      -0.108963E+008
  723.269        73077.2        3707.02       0.240974E-004   1091.79        8.31618        3.99496      -0.108745E+008
  742.846        73077.2        3704.92       0.242125E-004   1098.37        8.31028        3.99213      -0.108528E+008
  762.423        73077.2        3702.88       0.243189E-004   1104.63        8.30296        3.98861      -0.108307E+008
  782.000        73077.2        3700.91       0.244208E-004   1110.61        8.29577        3.98516      -0.108085E+008
  801.577        73077.2        3699.02       0.245144E-004   1116.31        8.28727        3.98108      -0.107860E+008
  821.154        73077.2        3696.91       0.246109E-004   1121.77        8.27983        3.97750      -0.107636E+008
  840.731        73077.2        3694.75       0.247064E-004   1127.01        8.27282        3.97413      -0.107411E+008
  860.308        73077.2        3692.64       0.247958E-004   1132.04        8.26479        3.97028      -0.107184E+008
  879.885        73077.2        3650.20       0.249223E-004   1147.55        8.27292        3.97418      -0.109674E+008
  899.462        73077.2        3312.74       0.213748E-004   1161.53        7.61175        3.65657      -0.108688E+008
  919.038        73077.2        3311.82       0.214296E-004   1166.14        7.60308        3.65240      -0.108392E+008
  938.615        73077.2        3311.05       0.214813E-004   1170.51        7.59453        3.64830      -0.108091E+008
  958.192        73077.2        3310.10       0.215275E-004   1174.74        7.58526        3.64384      -0.107790E+008
  977.769        73077.2        3308.95       0.215750E-004   1178.85        7.57610        3.63944      -0.107500E+008
  997.346        73077.2        3307.47       0.216213E-004   1182.87        7.56614        3.63465      -0.107219E+008
  1016.92        73077.2        3305.68       0.216614E-004   1186.82        7.55596        3.62977      -0.106954E+008
  1036.50        73077.2        3304.70       0.217068E-004   1190.43        7.54661        3.62528      -0.106652E+008
  1056.08        73077.2        3303.26       0.217477E-004   1194.01        7.53679        3.62056      -0.106371E+008
  1075.65        73077.2        3301.58       0.217866E-004   1197.53        7.52660        3.61566      -0.106097E+008
  1095.23        73077.2        3299.96       0.218250E-004   1200.90        7.51654        3.61083      -0.105822E+008
  1114.81        73077.2        3297.64       0.218592E-004   1204.36        7.50537        3.60546      -0.105566E+008
  1134.38        73077.2        3295.75       0.218978E-004   1207.58        7.49560        3.60077      -0.105309E+008
  1153.96        73077.2        3293.87       0.219343E-004   1210.69        7.48541        3.59587      -0.105045E+008
  1173.54        73077.2        3293.28       0.219688E-004   1213.37        7.47570        3.59121      -0.104714E+008
  1193.12        73077.2        3291.18       0.220042E-004   1216.34        7.46541        3.58627      -0.104461E+008
  1212.69        73077.2        3287.80       0.220397E-004   1219.55        7.45433        3.58094      -0.104266E+008
  1232.27        73077.2        3285.38       0.220740E-004   1222.42        7.44379        3.57588      -0.104024E+008
  1251.85        73077.2        3280.59       0.220699E-004   1226.36        7.43464        3.57149      -0.103921E+008
  1271.42        73077.2        3277.64       0.221117E-004   1229.24        7.42447        3.56660      -0.103710E+008
  1291.00        73077.2        3274.63       0.221526E-004   1232.06        7.41414        3.56164      -0.103501E+008
  1310.58        73077.2        3271.45       0.221909E-004   1234.85        7.40358        3.55657      -0.103298E+008
  1330.15        73077.2        3268.47       0.222310E-004   1237.51        7.39334        3.55165      -0.103087E+008
  1349.73        73077.2        3265.35       0.222687E-004   1240.12        7.38306        3.54671      -0.102883E+008
  1369.31        73077.2        3262.22       0.223052E-004   1242.66        7.37246        3.54162      -0.102679E+008
  1388.88        73077.2        3262.54       0.223588E-004   1243.98        7.34730        3.52953      -0.102377E+008
  1408.46        73077.2        3266.00       0.225074E-004   1244.29        7.30163        3.50759      -0.102048E+008
  1428.04        73077.2        3273.36       0.227528E-004   1243.36        7.23377        3.47499      -0.101669E+008
  1447.62        73077.2        3270.52       0.227231E-004   1245.69        7.24189        3.47889      -0.101604E+008
  1467.19        73077.2        3269.90       0.226666E-004   1247.42        7.25941        3.48731      -0.101494E+008
  1486.77        73077.2        3264.93       0.228506E-004   1249.88        7.21875        3.46778      -0.101062E+008
  1506.35        73077.2        3262.33       0.228665E-004   1251.91        7.21739        3.46712      -0.100882E+008
  1525.92        73077.2        3259.64       0.228940E-004   1253.89        7.21337        3.46519      -0.100681E+008
  1545.50        73077.2        3258.05       0.228624E-004   1255.61        7.22318        3.46990      -0.100546E+008
  1565.08        73077.2        3255.73       0.228686E-004   1257.42        7.22386        3.47023      -0.100366E+008
  1584.65        73077.2        3254.76       0.228053E-004   1258.92        7.24057        3.47826      -0.100248E+008
  1604.23        73077.2        3255.52       0.226564E-004   1260.05        7.27737        3.49594      -0.100199E+008
  1623.81        73077.2        3257.74       0.224310E-004   1260.80        7.33039        3.52140      -0.100192E+008
  1643.38        73077.2        3265.79       0.219283E-004   1260.33        7.44891        3.57834      -0.100337E+008
  1662.96        73077.2        3275.75       0.213672E-004   1259.58        7.59312        3.64762      -0.100580E+008
  1682.54        73077.2        3282.97       0.209576E-004   1259.28        7.71463        3.70599      -0.100779E+008
  1702.12        73077.2        3279.32       0.209775E-004   1261.03        7.70800        3.70280      -0.100545E+008
  1721.69        73077.2        3275.73       0.209959E-004   1262.73        7.70161        3.69974      -0.100308E+008
  1741.27        73077.2        3272.24       0.210120E-004   1264.38        7.69555        3.69682      -0.100068E+008
  1760.85        73077.2        3268.72       0.210281E-004   1265.99        7.68931        3.69382      -0.998265E+007
  1780.42        73077.2        3265.26       0.210401E-004   1267.56        7.68338        3.69098      -0.995819E+007
  1800.00        73077.2        3261.80       0.210522E-004   1269.11        7.67736        3.68809      -0.993357E+007
  273.000        74359.2        3739.49       0.170804E-004   675.730        8.39509        4.03287      -0.112746E+008
  292.577        74359.2        3738.21       0.178738E-004   723.229        8.39307        4.03190      -0.112609E+008
  312.154        74359.2        3742.25       0.185416E-004   763.960        8.41053        4.04029      -0.112459E+008
  331.731        74359.2        3745.08       0.191276E-004   799.322        8.42362        4.04657      -0.112303E+008
  351.308        74359.2        3743.60       0.196581E-004   830.372        8.42086        4.04525      -0.112143E+008
  370.885        74359.2        3741.95       0.201272E-004   857.841        8.41700        4.04340      -0.111976E+008
  390.462        74359.2        3740.52       0.205441E-004   882.329        8.41471        4.04230      -0.111806E+008
  410.038        74359.2        3738.75       0.209171E-004   904.318        8.41019        4.04013      -0.111629E+008
  429.615        74359.2        3737.29       0.212520E-004   924.180        8.40764        4.03890      -0.111451E+008
  449.192        74359.2        3735.60       0.215545E-004   942.225        8.40330        4.03682      -0.111266E+008
  468.769        74359.2        3733.94       0.218302E-004   958.702        8.39990        4.03518      -0.111080E+008
  488.346        74359.2        3732.23       0.220812E-004   973.820        8.39553        4.03308      -0.110889E+008
  507.923        74359.2        3730.51       0.223115E-004   987.746        8.39110        4.03095      -0.110695E+008
  527.500        74359.2        3728.73       0.225247E-004   1000.63        8.38658        4.02878      -0.110499E+008
  547.077        74359.2        3726.93       0.227222E-004   1012.58        8.38199        4.02658      -0.110299E+008
  566.654        74359.2        3725.27       0.229000E-004   1023.71        8.37572        4.02357      -0.110096E+008
  586.231        74359.2        3723.38       0.230728E-004   1034.11        8.37123        4.02141      -0.109893E+008
  605.808        74359.2        3721.66       0.232283E-004   1043.85        8.36440        4.01813      -0.109685E+008
  625.385        74359.2        3719.73       0.233812E-004   1053.00        8.36012        4.01607      -0.109479E+008
  644.962        74359.2        3717.87       0.235221E-004   1061.62        8.35412        4.01319      -0.109268E+008
  664.538        74359.2        3716.01       0.236554E-004   1069.74        8.34808        4.01029      -0.109056E+008
  684.115        74359.2        3714.11       0.237815E-004   1077.43        8.34152        4.00713      -0.108841E+008
  703.692        74359.2        3712.23       0.239020E-004   1084.70        8.33522        4.00411      -0.108626E+008
  723.269        74359.2        3710.15       0.240157E-004   1091.62        8.32722        4.00027      -0.108406E+008
  742.846        74359.2        3708.38       0.241264E-004   1098.19        8.32164        3.99759      -0.108189E+008
  762.423        74359.2        3706.43       0.242315E-004   1104.45        8.31451        3.99416      -0.107968E+008
  782.000        74359.2        3704.47       0.243327E-004   1110.42        8.30734        3.99072      -0.107747E+008
  801.577        74359.2        3702.58       0.244250E-004   1116.12        8.29846        3.98645      -0.107521E+008
  821.154        74359.2        3700.47       0.245243E-004   1121.58        8.29233        3.98351      -0.107299E+008
  840.731        74359.2        3698.44       0.246136E-004   1126.82        8.28388        3.97945      -0.107072E+008
  860.308        74359.2        3696.39       0.247037E-004   1131.83        8.27673        3.97601      -0.106846E+008
  879.885        74359.2        3652.47       0.248286E-004   1147.76        8.28715        3.98102      -0.109452E+008
  899.462        74359.2        3651.13       0.249130E-004   1152.23        8.27755        3.97641      -0.109157E+008
  919.038        74359.2        3648.93       0.249982E-004   1156.65        8.26657        3.97113      -0.108880E+008
  938.615        74359.2        3312.62       0.213931E-004   1170.82        7.60855        3.65503      -0.107835E+008
  958.192        74359.2        3311.40       0.214335E-004   1175.09        7.59906        3.65047      -0.107549E+008
  977.769        74359.2        3310.35       0.214882E-004   1179.20        7.59024        3.64623      -0.107255E+008
  997.346        74359.2        3309.06       0.215280E-004   1183.17        7.57995        3.64129      -0.106961E+008
  1016.92        74359.2        3307.81       0.215762E-004   1187.00        7.57127        3.63712      -0.106682E+008
  1036.50        74359.2        3306.61       0.216135E-004   1190.66        7.56070        3.63204      -0.106379E+008
  1056.08        74359.2        3304.93       0.216578E-004   1194.31        7.55164        3.62769      -0.106119E+008
  1075.65        74359.2        3303.31       0.216964E-004   1197.81        7.54158        3.62286      -0.105844E+008
  1095.23        74359.2        3301.71       0.217343E-004   1201.19        7.53153        3.61803      -0.105568E+008
  1114.81        74359.2        3299.92       0.217710E-004   1204.49        7.52130        3.61312      -0.105299E+008
  1134.38        74359.2        3298.14       0.218072E-004   1207.68        7.51108        3.60821      -0.105030E+008
  1153.96        74359.2        3297.26       0.218410E-004   1210.55        7.50112        3.60342      -0.104712E+008
  1173.54        74359.2        3294.24       0.218771E-004   1213.84        7.49047        3.59830      -0.104505E+008
  1193.12        74359.2        3293.52       0.219102E-004   1216.46        7.48078        3.59365      -0.104181E+008
  1212.69        74359.2        3289.98       0.219456E-004   1219.72        7.46975        3.58835      -0.103995E+008
  1232.27        74359.2        3287.68       0.219793E-004   1222.56        7.45933        3.58335      -0.103747E+008
  1251.85        74359.2        3285.38       0.220128E-004   1225.32        7.44891        3.57834      -0.103498E+008
  1271.42        74359.2        3281.83       0.220232E-004   1228.59        7.43915        3.57365      -0.103322E+008
  1291.00        74359.2        3277.71       0.220484E-004   1231.97        7.42978        3.56915      -0.103181E+008
  1310.58        74359.2        3274.86       0.220879E-004   1234.68        7.41946        3.56420      -0.102962E+008
  1330.15        74359.2        3271.77       0.221272E-004   1237.35        7.40938        3.55935      -0.102759E+008
  1349.73        74359.2        3268.75       0.221651E-004   1239.94        7.39919        3.55446      -0.102550E+008
  1369.31        74359.2        3267.58       0.222127E-004   1241.84        7.37935        3.54492      -0.102288E+008
  1388.88        74359.2        3269.04       0.222962E-004   1242.85        7.34705        3.52941      -0.101968E+008
  1408.46        74359.2        3277.76       0.225945E-004   1241.58        7.26176        3.48844      -0.101579E+008
  1428.04        74359.2        3276.85       0.226660E-004   1243.28        7.24513        3.48045      -0.101332E+008
  1447.62        74359.2        3274.10       0.227018E-004   1245.49        7.23950        3.47774      -0.101120E+008
  1467.19        74359.2        3271.60       0.226635E-004   1247.67        7.24981        3.48270      -0.101052E+008
  1486.77        74359.2        3268.60       0.227686E-004   1249.75        7.22909        3.47274      -0.100703E+008
  1506.35        74359.2        3265.91       0.227957E-004   1251.78        7.22512        3.47084      -0.100502E+008
  1525.92        74359.2        3263.22       0.228228E-004   1253.76        7.22114        3.46892      -0.100300E+008
  1545.50        74359.2        3260.90       0.228298E-004   1255.62        7.22169        3.46919      -0.100118E+008
  1565.08        74359.2        3258.57       0.228365E-004   1257.43        7.22228        3.46947      -0.999369E+007
  1584.65        74359.2        3257.65       0.227697E-004   1258.91        7.23972        3.47785      -0.998174E+007
  1604.23        74359.2        3256.77       0.226982E-004   1260.35        7.25815        3.48670      -0.997029E+007
  1623.81        74359.2        3257.70       0.225300E-004   1261.37        7.29825        3.50597      -0.996546E+007
  1643.38        74359.2        3260.64       0.222592E-004   1261.92        7.36143        3.53632      -0.996689E+007
  1662.96        74359.2        3267.56       0.217986E-004   1261.66        7.47166        3.58927      -0.998044E+007
  1682.54        74359.2        3277.48       0.212177E-004   1260.81        7.62326        3.66210      -0.100060E+008
  1702.12        74359.2        3282.51       0.208959E-004   1260.86        7.72078        3.70894      -0.100181E+008
  1721.69        74359.2        3278.93       0.209144E-004   1262.56        7.71429        3.70582      -0.999432E+007
  1741.27        74359.2        3275.83       0.209273E-004   1264.10        7.70870        3.70314      -0.996848E+007
  1760.85        74359.2        3271.93       0.209468E-004   1265.82        7.70188        3.69986      -0.994592E+007
  1780.42        74359.2        3268.51       0.209594E-004   1267.38        7.69591        3.69699      -0.992132E+007
  1800.00        74359.2        3265.06       0.209713E-004   1268.92        7.68991        3.69411      -0.989668E+007
  273.000        75641.3        3748.04       0.170013E-004   675.282        8.42572        4.04759      -0.112402E+008
  292.577        75641.3        3750.80       0.177759E-004   722.770        8.43855        4.05375      -0.112262E+008
  312.154        75641.3        3749.44       0.184639E-004   763.566        8.43623        4.05263      -0.112116E+008
  331.731        75641.3        3748.02       0.190654E-004   798.992        8.43371        4.05142      -0.111963E+008
  351.308        75641.3        3746.49       0.195940E-004   830.061        8.43049        4.04988      -0.111803E+008
  370.885        75641.3        3744.97       0.200615E-004   857.547        8.42750        4.04844      -0.111637E+008
  390.462        75641.3        3743.48       0.204772E-004   882.053        8.42487        4.04718      -0.111467E+008
  410.038        75641.3        3741.80       0.208484E-004   904.058        8.42064        4.04514      -0.111290E+008
  429.615        75641.3        3740.27       0.211815E-004   923.932        8.41709        4.04344      -0.111110E+008
  449.192        75641.3        3738.69       0.214823E-004   941.988        8.41308        4.04151      -0.110926E+008
  468.769        75641.3        3736.86       0.217575E-004   958.477        8.40866        4.03939      -0.110738E+008
  488.346        75641.3        3735.27       0.220084E-004   973.603        8.40587        4.03805      -0.110549E+008
  507.923        75641.3        3733.57       0.222377E-004   987.537        8.40155        4.03597      -0.110356E+008
  527.500        75641.3        3731.79       0.224501E-004   1000.42        8.39704        4.03381      -0.110159E+008
  547.077        75641.3        3730.10       0.226420E-004   1012.38        8.39097        4.03089      -0.109958E+008
  566.654        75641.3        3728.21       0.228252E-004   1023.53        8.38600        4.02850      -0.109757E+008
  586.231        75641.3        3726.54       0.229925E-004   1033.92        8.38063        4.02592      -0.109552E+008
  605.808        75641.3        3724.65       0.231515E-004   1043.67        8.37484        4.02314      -0.109345E+008
  625.385        75641.3        3722.88       0.233016E-004   1052.82        8.37046        4.02104      -0.109139E+008
  644.962        75641.3        3721.09       0.234417E-004   1061.44        8.36482        4.01833      -0.108929E+008
  664.538        75641.3        3719.28       0.235739E-004   1069.56        8.35885        4.01546      -0.108717E+008
  684.115        75641.3        3717.39       0.236974E-004   1077.25        8.35153        4.01194      -0.108501E+008
  703.692        75641.3        3715.57       0.238156E-004   1084.52        8.34487        4.00875      -0.108285E+008
  723.269        75641.3        3713.64       0.239304E-004   1091.44        8.33846        4.00566      -0.108068E+008
  742.846        75641.3        3711.70       0.240410E-004   1098.01        8.33210        4.00261      -0.107850E+008
  762.423        75641.3        3709.84       0.241456E-004   1104.27        8.32556        3.99947      -0.107630E+008
  782.000        75641.3        3707.96       0.242455E-004   1110.23        8.31851        3.99608      -0.107408E+008
  801.577        75641.3        3705.88       0.243409E-004   1115.94        8.31004        3.99201      -0.107183E+008
  821.154        75641.3        3704.02       0.244320E-004   1121.40        8.30231        3.98830      -0.106958E+008
  840.731        75641.3        3702.07       0.245226E-004   1126.62        8.29496        3.98477      -0.106733E+008
  860.308        75641.3        3699.94       0.246118E-004   1131.65        8.28721        3.98105      -0.106506E+008
  879.885        75641.3        3654.87       0.247356E-004   1147.93        8.30107        3.98770      -0.109218E+008
  899.462        75641.3        3653.73       0.248183E-004   1152.35        8.29192        3.98331      -0.108921E+008
  919.038        75641.3        3652.44       0.248990E-004   1156.65        8.28292        3.97898      -0.108636E+008
  938.615        75641.3        3650.33       0.249812E-004   1160.89        8.27238        3.97392      -0.108360E+008
  958.192        75641.3        3648.93       0.250584E-004   1164.87        8.26271        3.96928      -0.108070E+008
  977.769        75641.3        3647.44       0.251339E-004   1168.74        8.25268        3.96446      -0.107781E+008
  997.346        75641.3        3311.36       0.214405E-004   1183.33        7.59585        3.64893      -0.106688E+008
  1016.92        75641.3        3309.96       0.214844E-004   1187.19        7.58616        3.64427      -0.106406E+008
  1036.50        75641.3        3308.31       0.215289E-004   1190.95        7.57626        3.63952      -0.106133E+008
  1056.08        75641.3        3306.86       0.215657E-004   1194.54        7.56597        3.63457      -0.105847E+008
  1075.65        75641.3        3305.34       0.216065E-004   1198.02        7.55646        3.63001      -0.105573E+008
  1095.23        75641.3        3303.24       0.216388E-004   1201.53        7.54603        3.62499      -0.105319E+008
  1114.81        75641.3        3302.01       0.216809E-004   1204.69        7.53644        3.62039      -0.105028E+008
  1134.38        75641.3        3299.93       0.217147E-004   1207.96        7.52608        3.61541      -0.104770E+008
  1153.96        75641.3        3299.51       0.217496E-004   1210.69        7.51648        3.61080      -0.104436E+008
  1173.54        75641.3        3296.12       0.217846E-004   1214.10        7.50569        3.60562      -0.104243E+008
  1193.12        75641.3        3295.10       0.218178E-004   1216.79        7.49574        3.60084      -0.103935E+008
  1212.69        75641.3        3292.39       0.218522E-004   1219.83        7.48520        3.59578      -0.103711E+008
  1232.27        75641.3        3290.09       0.218853E-004   1222.67        7.47480        3.59078      -0.103463E+008
  1251.85        75641.3        3288.49       0.219181E-004   1225.26        7.46497        3.58605      -0.103181E+008
  1271.42        75641.3        3285.57       0.219510E-004   1228.09        7.45415        3.58086      -0.102964E+008
  1291.00        75641.3        3283.14       0.219838E-004   1230.73        7.44383        3.57590      -0.102721E+008
  1310.58        75641.3        3277.92       0.219855E-004   1234.59        7.43521        3.57176      -0.102645E+008
  1330.15        75641.3        3274.89       0.220217E-004   1237.26        7.42498        3.56684      -0.102436E+008
  1349.73        75641.3        3272.37       0.220642E-004   1239.70        7.41359        3.56137      -0.102210E+008
  1369.31        75641.3        3273.04       0.221239E-004   1241.02        7.38493        3.54761      -0.101894E+008
  1388.88        75641.3        3278.88       0.223668E-004   1240.73        7.31285        3.51298      -0.101550E+008
  1408.46        75641.3        3282.96       0.225424E-004   1240.95        7.26229        3.48869      -0.101215E+008
  1428.04        75641.3        3280.33       0.225796E-004   1243.19        7.25655        3.48594      -0.100996E+008
  1447.62        75641.3        3277.46       0.226042E-004   1245.46        7.25273        3.48410      -0.100809E+008
  1467.19        75641.3        3274.95       0.226416E-004   1247.55        7.24695        3.48132      -0.100581E+008
  1486.77        75641.3        3272.69       0.226629E-004   1249.52        7.24467        3.48023      -0.100367E+008
  1506.35        75641.3        3269.60       0.227107E-004   1251.65        7.23621        3.47616      -0.100149E+008
  1525.92        75641.3        3266.95       0.227427E-004   1253.61        7.23116        3.47374      -0.999345E+007
  1545.50        75641.3        3264.63       0.227495E-004   1255.47        7.23174        3.47402      -0.997525E+007
  1565.08        75641.3        3262.08       0.227728E-004   1257.31        7.22846        3.47244      -0.995465E+007
  1584.65        75641.3        3261.12       0.227071E-004   1258.80        7.24574        3.48074      -0.994263E+007
  1604.23        75641.3        3261.16       0.225883E-004   1260.04        7.27500        3.49480      -0.993420E+007
  1623.81        75641.3        3258.97       0.225781E-004   1261.69        7.27852        3.49649      -0.991601E+007
  1643.38        75641.3        3260.07       0.223877E-004   1262.60        7.32246        3.51760      -0.991153E+007
  1662.96        75641.3        3263.75       0.220660E-004   1262.95        7.39706        3.55343      -0.991514E+007
  1682.54        75641.3        3271.53       0.215422E-004   1262.48        7.52289        3.61388      -0.993125E+007
  1702.12        75641.3        3278.38       0.211078E-004   1262.15        7.64386        3.67199      -0.995138E+007
  1721.69        75641.3        3282.13       0.208338E-004   1262.39        7.72695        3.71191      -0.995782E+007
  1741.27        75641.3        3278.60       0.208507E-004   1264.04        7.72059        3.70885      -0.993369E+007
  1760.85        75641.3        3275.37       0.208633E-004   1265.58        7.71482        3.70608      -0.990830E+007
  1780.42        75641.3        3271.71       0.208785E-004   1267.21        7.70848        3.70303      -0.988464E+007
  1800.00        75641.3        3268.28       0.208910E-004   1268.74        7.70240        3.70011      -0.985984E+007
  273.000        76923.3        3760.30       0.169793E-004   674.387        8.45909        4.06362      -0.112061E+008
  292.577        76923.3        3758.99       0.177711E-004   722.074        8.45698        4.06260      -0.111924E+008
  312.154        76923.3        3757.63       0.184597E-004   763.004        8.45470        4.06151      -0.111778E+008
  331.731        76923.3        3750.95       0.190038E-004   798.660        8.44375        4.05625      -0.111623E+008
  351.308        76923.3        3749.49       0.195308E-004   829.752        8.44105        4.05495      -0.111464E+008
  370.885        76923.3        3747.95       0.199961E-004   857.257        8.43751        4.05325      -0.111297E+008
  390.462        76923.3        3746.45       0.204108E-004   881.779        8.43502        4.05205      -0.111127E+008
  410.038        76923.3        3744.90       0.207797E-004   903.797        8.43098        4.05011      -0.110950E+008
  429.615        76923.3        3743.28       0.211135E-004   923.686        8.42812        4.04874      -0.110772E+008
  449.192        76923.3        3741.62       0.214126E-004   941.756        8.42310        4.04633      -0.110586E+008
  468.769        76923.3        3739.99       0.216872E-004   958.252        8.42050        4.04508      -0.110401E+008
  488.346        76923.3        3738.42       0.219329E-004   973.383        8.41516        4.04251      -0.110208E+008
  507.923        76923.3        3736.62       0.221646E-004   987.329        8.41196        4.04097      -0.110017E+008
  527.500        76923.3        3734.93       0.223729E-004   1000.22        8.40661        4.03840      -0.109819E+008
  547.077        76923.3        3733.25       0.225671E-004   1012.19        8.40202        4.03620      -0.109620E+008
  566.654        76923.3        3731.43       0.227485E-004   1023.33        8.39692        4.03375      -0.109418E+008
  586.231        76923.3        3729.68       0.229180E-004   1033.74        8.39251        4.03163      -0.109216E+008
  605.808        76923.3        3727.78       0.230738E-004   1043.49        8.38533        4.02818      -0.109006E+008
  625.385        76923.3        3726.13       0.232227E-004   1052.64        8.38142        4.02630      -0.108801E+008
  644.962        76923.3        3724.34       0.233617E-004   1061.25        8.37552        4.02347      -0.108590E+008
  664.538        76923.3        3722.53       0.234932E-004   1069.38        8.36959        4.02062      -0.108378E+008
  684.115        76923.3        3720.71       0.236174E-004   1077.07        8.36315        4.01753      -0.108164E+008
  703.692        76923.3        3718.89       0.237361E-004   1084.35        8.35698        4.01456      -0.107948E+008
  723.269        76923.3        3717.00       0.238478E-004   1091.26        8.34973        4.01108      -0.107730E+008
  742.846        76923.3        3715.19       0.239567E-004   1097.83        8.34365        4.00816      -0.107512E+008
  762.423        76923.3        3713.31       0.240599E-004   1104.08        8.33665        4.00480      -0.107291E+008
  782.000        76923.3        3711.43       0.241592E-004   1110.05        8.32964        4.00143      -0.107070E+008
  801.577        76923.3        3709.46       0.242522E-004   1115.76        8.32098        3.99727      -0.106845E+008
  821.154        76923.3        3707.62       0.243468E-004   1121.21        8.31498        3.99439      -0.106622E+008
  840.731        76923.3        3705.46       0.244350E-004   1126.45        8.30580        3.98998      -0.106394E+008
  860.308        76923.3        3703.73       0.245223E-004   1131.45        8.29977        3.98708      -0.106170E+008
  879.885        76923.3        3657.67       0.246419E-004   1148.00        8.31562        3.99470      -0.108973E+008
  899.462        76923.3        3656.32       0.247246E-004   1152.49        8.30627        3.99020      -0.108685E+008
  919.038        76923.3        3657.27       0.247903E-004   1156.27        8.30136        3.98784      -0.108365E+008
  938.615        76923.3        3653.81       0.248822E-004   1160.90        8.28813        3.98149      -0.108111E+008
  958.192        76923.3        3652.04       0.249587E-004   1164.97        8.27763        3.97644      -0.107832E+008
  977.769        76923.3        3650.35       0.250361E-004   1168.82        8.26823        3.97193      -0.107550E+008
  997.346        76923.3        3648.67       0.251067E-004   1172.62        8.25759        3.96682      -0.107273E+008
  1016.92        76923.3        3647.81       0.251796E-004   1176.10        8.24916        3.96277      -0.106971E+008
  1036.50        76923.3        3310.37       0.214409E-004   1191.15        7.59099        3.64660      -0.105859E+008
  1056.08        76923.3        3308.93       0.214802E-004   1194.74        7.58132        3.64195      -0.105579E+008
  1075.65        76923.3        3307.44       0.215132E-004   1198.21        7.57115        3.63706      -0.105296E+008
  1095.23        76923.3        3305.86       0.215561E-004   1201.58        7.56173        3.63254      -0.105026E+008
  1114.81        76923.3        3304.49       0.215891E-004   1204.78        7.55156        3.62765      -0.104734E+008
  1134.38        76923.3        3302.44       0.216263E-004   1208.04        7.54151        3.62282      -0.104483E+008
  1153.96        76923.3        3300.28       0.216602E-004   1211.23        7.53113        3.61784      -0.104229E+008
  1173.54        76923.3        3298.76       0.216940E-004   1214.14        7.52112        3.61303      -0.103949E+008
  1193.12        76923.3        3297.16       0.217263E-004   1216.99        7.51105        3.60819      -0.103667E+008
  1212.69        76923.3        3294.77       0.217600E-004   1219.94        7.50061        3.60318      -0.103428E+008
  1232.27        76923.3        3292.63       0.217925E-004   1222.74        7.49031        3.59823      -0.103173E+008
  1251.85        76923.3        3290.49       0.218246E-004   1225.46        7.48002        3.59328      -0.102918E+008
  1271.42        76923.3        3289.09       0.218561E-004   1227.91        7.47030        3.58862      -0.102627E+008
  1291.00        76923.3        3285.91       0.218890E-004   1230.74        7.45949        3.58342      -0.102421E+008
  1310.58        76923.3        3283.51       0.219209E-004   1233.29        7.44924        3.57850      -0.102177E+008
  1330.15        76923.3        3278.27       0.219230E-004   1237.09        7.44078        3.57443      -0.102102E+008
  1349.73        76923.3        3277.36       0.219742E-004   1239.01        7.41926        3.56410      -0.101830E+008
  1369.31        76923.3        3280.92       0.221493E-004   1239.50        7.36241        3.53679      -0.101504E+008
  1388.88        76923.3        3288.86       0.224179E-004   1238.61        7.27947        3.49694      -0.101109E+008
  1408.46        76923.3        3286.36       0.224561E-004   1240.89        7.27373        3.49419      -0.100883E+008
  1428.04        76923.3        3283.73       0.224888E-004   1243.14        7.26850        3.49168      -0.100669E+008
  1447.62        76923.3        3281.23       0.225303E-004   1245.29        7.26227        3.48868      -0.100438E+008
  1467.19        76923.3        3278.19       0.225325E-004   1247.54        7.26250        3.48879      -0.100295E+008
  1486.77        76923.3        3275.97       0.226004E-004   1249.48        7.25115        3.48334      -0.999990E+007
  1506.35        76923.3        3273.33       0.226320E-004   1251.50        7.24614        3.48093      -0.997842E+007
  1525.92        76923.3        3270.69       0.226636E-004   1253.47        7.24112        3.47852      -0.995691E+007
  1545.50        76923.3        3268.15       0.226867E-004   1255.36        7.23788        3.47696      -0.993629E+007
  1565.08        76923.3        3265.60       0.227097E-004   1257.20        7.23461        3.47540      -0.991566E+007
  1584.65        76923.3        3266.15       0.225680E-004   1258.39        7.27084        3.49280      -0.991280E+007
  1604.23        76923.3        3261.64       0.226861E-004   1260.52        7.24355        3.47969      -0.988066E+007
  1623.81        76923.3        3260.87       0.226013E-004   1261.87        7.26444        3.48972      -0.986887E+007
  1643.38        76923.3        3261.12       0.224513E-004   1262.98        7.29954        3.50659      -0.986129E+007
  1662.96        76923.3        3263.63       0.221455E-004   1263.50        7.36547        3.53826      -0.985837E+007
  1682.54        76923.3        3267.09       0.218481E-004   1263.90        7.43814        3.57317      -0.986412E+007
  1702.12        76923.3        3273.93       0.213575E-004   1263.56        7.55950        3.63147      -0.987993E+007
  1721.69        76923.3        3279.06       0.210072E-004   1263.49        7.66171        3.68057      -0.989519E+007
  1741.27        76923.3        3281.80       0.207709E-004   1263.87        7.73315        3.71488      -0.989709E+007
  1760.85        76923.3        3278.32       0.207863E-004   1265.47        7.72692        3.71189      -0.987264E+007
  1780.42        76923.3        3274.95       0.207987E-004   1267.02        7.72097        3.70903      -0.984775E+007
  1800.00        76923.3        3271.49       0.208115E-004   1268.56        7.71484        3.70609      -0.982303E+007
  273.000        78205.3        3763.18       0.169249E-004   673.982        8.46901        4.06838      -0.111722E+008
  292.577        78205.3        3761.89       0.177141E-004   721.692        8.46687        4.06735      -0.111585E+008
  312.154        78205.3        3760.53       0.184005E-004   762.651        8.46446        4.06619      -0.111439E+008
  331.731        78205.3        3759.12       0.190008E-004   798.212        8.46219        4.06510      -0.111286E+008
  351.308        78205.3        3757.67       0.195282E-004   829.391        8.45951        4.06382      -0.111127E+008
  370.885        78205.3        3756.17       0.199945E-004   856.976        8.45663        4.06243      -0.110961E+008
  390.462        78205.3        3754.64       0.204089E-004   881.560        8.45354        4.06095      -0.110790E+008
  410.038        78205.3        3747.84       0.207138E-004   903.538        8.44180        4.05531      -0.110612E+008
  429.615        78205.3        3746.25       0.210453E-004   923.441        8.43830        4.05363      -0.110433E+008
  449.192        78205.3        3744.63       0.213447E-004   941.521        8.43460        4.05185      -0.110249E+008
  468.769        78205.3        3742.99       0.216166E-004   958.028        8.43069        4.04997      -0.110062E+008
  488.346        78205.3        3741.34       0.218646E-004   973.172        8.42656        4.04799      -0.109871E+008
  507.923        78205.3        3739.62       0.220906E-004   987.121        8.42112        4.04538      -0.109676E+008
  527.500        78205.3        3737.99       0.222994E-004   1000.02        8.41701        4.04340      -0.109480E+008
  547.077        78205.3        3736.21       0.224930E-004   1011.99        8.41169        4.04085      -0.109280E+008
  566.654        78205.3        3734.48       0.226730E-004   1023.14        8.40699        4.03859      -0.109079E+008
  586.231        78205.3        3732.84       0.228385E-004   1033.55        8.40149        4.03594      -0.108874E+008
  605.808        78205.3        3731.14       0.229943E-004   1043.30        8.39620        4.03341      -0.108668E+008
  625.385        78205.3        3729.23       0.231425E-004   1052.46        8.39045        4.03064      -0.108460E+008
  644.962        78205.3        3727.51       0.232828E-004   1061.08        8.38598        4.02850      -0.108252E+008
  664.538        78205.3        3725.75       0.234132E-004   1069.21        8.38010        4.02567      -0.108039E+008
  684.115        78205.3        3724.01       0.235340E-004   1076.89        8.37300        4.02226      -0.107824E+008
  703.692        78205.3        3722.19       0.236506E-004   1084.17        8.36622        4.01900      -0.107607E+008
  723.269        78205.3        3720.40       0.237632E-004   1091.08        8.36012        4.01607      -0.107391E+008
  742.846        78205.3        3718.46       0.238714E-004   1097.65        8.35332        4.01280      -0.107172E+008
  762.423        78205.3        3716.67       0.239755E-004   1103.91        8.34737        4.00995      -0.106953E+008
  782.000        78205.3        3714.86       0.240736E-004   1109.87        8.34043        4.00661      -0.106731E+008
  801.577        78205.3        3712.34       0.241706E-004   1115.61        8.33086        4.00202      -0.106505E+008
  821.154        78205.3        3710.58       0.242612E-004   1121.06        8.32380        3.99862      -0.106281E+008
  840.731        78205.3        3708.83       0.243483E-004   1126.27        8.31661        3.99517      -0.106056E+008
  860.308        78205.3        3707.09       0.244324E-004   1131.27        8.30929        3.99166      -0.105829E+008
  879.885        78205.3        3660.57       0.245489E-004   1148.05        8.32994        4.00157      -0.108718E+008
  899.462        78205.3        3659.28       0.246306E-004   1152.52        8.32059        3.99708      -0.108430E+008
  919.038        78205.3        3658.04       0.247098E-004   1156.81        8.31153        3.99273      -0.108143E+008
  938.615        78205.3        3658.87       0.247726E-004   1160.45        8.30652        3.99032      -0.107831E+008
  958.192        78205.3        3656.84       0.248530E-004   1164.57        8.29814        3.98630      -0.107578E+008
  977.769        78205.3        3653.88       0.249353E-004   1168.75        8.28392        3.97947      -0.107296E+008
  997.346        78205.3        3654.04       0.249995E-004   1172.16        8.27891        3.97706      -0.107007E+008
  1016.92        78205.3        3650.27       0.250804E-004   1176.28        8.26340        3.96961      -0.106750E+008
  1036.50        78205.3        3649.16       0.251512E-004   1179.69        8.25437        3.96527      -0.106455E+008
  1056.08        78205.3        3646.98       0.252220E-004   1183.15        8.24355        3.96007      -0.106182E+008
  1075.65        78205.3        3309.65       0.214306E-004   1198.37        7.58644        3.64441      -0.105020E+008
  1095.23        78205.3        3308.09       0.214671E-004   1201.73        7.57664        3.63970      -0.104744E+008
  1114.81        78205.3        3306.43       0.215021E-004   1205.00        7.56654        3.63485      -0.104470E+008
  1134.38        78205.3        3304.27       0.215349E-004   1208.30        7.55612        3.62984      -0.104216E+008
  1153.96        78205.3        3302.73       0.215689E-004   1211.33        7.54620        3.62508      -0.103936E+008
  1173.54        78205.3        3300.53       0.216029E-004   1214.42        7.53598        3.62017      -0.103687E+008
  1193.12        78205.3        3299.30       0.216358E-004   1217.17        7.52630        3.61552      -0.103394E+008
  1212.69        78205.3        3297.77       0.216680E-004   1219.89        7.51624        3.61069      -0.103114E+008
  1232.27        78205.3        3295.21       0.217005E-004   1222.81        7.50578        3.60566      -0.102880E+008
  1251.85        78205.3        3294.02       0.217309E-004   1225.28        7.49597        3.60095      -0.102581E+008
  1271.42        78205.3        3290.90       0.217638E-004   1228.17        7.48534        3.59584      -0.102372E+008
  1291.00        78205.3        3288.75       0.217950E-004   1230.73        7.47515        3.59094      -0.102117E+008
  1310.58        78205.3        3286.40       0.218265E-004   1233.27        7.46493        3.58603      -0.101871E+008
  1330.15        78205.3        3284.01       0.218579E-004   1235.74        7.45479        3.58116      -0.101626E+008
  1349.73        78205.3        3283.43       0.219380E-004   1238.03        7.41168        3.56046      -0.101452E+008
  1369.31        78205.3        3290.21       0.222049E-004   1237.59        7.32807        3.52029      -0.101088E+008
  1388.88        78205.3        3292.17       0.223322E-004   1238.57        7.29085        3.50241      -0.100782E+008
  1408.46        78205.3        3289.62       0.223672E-004   1240.86        7.28530        3.49974      -0.100560E+008
  1428.04        78205.3        3287.33       0.224058E-004   1243.03        7.27966        3.49703      -0.100324E+008
  1447.62        78205.3        3285.06       0.224440E-004   1245.12        7.27399        3.49431      -0.100085E+008
  1467.19        78205.3        3282.59       0.224806E-004   1247.21        7.26824        3.49155      -0.998545E+007
  1486.77        78205.3        3279.66       0.225125E-004   1249.36        7.26304        3.48905      -0.996559E+007
  1506.35        78205.3        3277.01       0.225468E-004   1251.37        7.25749        3.48639      -0.994360E+007
  1525.92        78205.3        3274.46       0.225809E-004   1253.32        7.25200        3.48375      -0.992113E+007
  1545.50        78205.3        3271.92       0.226035E-004   1255.21        7.24878        3.48220      -0.990050E+007
  1565.08        78205.3        3269.37       0.226333E-004   1257.05        7.24406        3.47993      -0.987853E+007
  1584.65        78205.3        3267.38       0.226220E-004   1258.73        7.24846        3.48205      -0.986096E+007
  1604.23        78205.3        3264.98       0.226379E-004   1260.45        7.24654        3.48113      -0.984028E+007
  1623.81        78205.3        3263.43       0.225967E-004   1261.95        7.25725        3.48627      -0.982444E+007
  1643.38        78205.3        3262.98       0.224824E-004   1263.19        7.28429        3.49926      -0.981402E+007
  1662.96        78205.3        3263.34       0.223134E-004   1264.20        7.32249        3.51761      -0.980660E+007
  1682.54        78205.3        3271.40       0.218094E-004   1263.59        7.44480        3.57637      -0.982586E+007
  1702.12        78205.3        3270.59       0.216056E-004   1264.77        7.48466        3.59552      -0.981360E+007
  1721.69        78205.3        3275.03       0.212418E-004   1264.83        7.58120        3.64189      -0.982562E+007
  1741.27        78205.3        3279.47       0.209180E-004   1264.83        7.67600        3.68743      -0.983734E+007
  1760.85        78205.3        3281.50       0.207071E-004   1265.30        7.73937        3.71787      -0.983605E+007
  1780.42        78205.3        3278.08       0.207209E-004   1266.86        7.73325        3.71493      -0.981124E+007
  1800.00        78205.3        3274.69       0.207326E-004   1268.39        7.72723        3.71204      -0.978625E+007
  273.000        79487.4        3766.06       0.168709E-004   673.581        8.47889        4.07313      -0.111383E+008
  292.577        79487.4        3764.77       0.176577E-004   721.322        8.47674        4.07209      -0.111246E+008
  312.154        79487.4        3763.42       0.183421E-004   762.301        8.47457        4.07105      -0.111101E+008
  331.731        79487.4        3762.00       0.189401E-004   797.885        8.47184        4.06974      -0.110947E+008
  351.308        79487.4        3760.57       0.194661E-004   829.087        8.46946        4.06860      -0.110788E+008
  370.885        79487.4        3759.10       0.199298E-004   856.688        8.46601        4.06694      -0.110622E+008
  390.462        79487.4        3757.56       0.203438E-004   881.288        8.46354        4.06575      -0.110452E+008
  410.038        79487.4        3756.02       0.207126E-004   903.371        8.46013        4.06412      -0.110276E+008
  429.615        79487.4        3754.42       0.210447E-004   923.319        8.45680        4.06252      -0.110097E+008
  449.192        79487.4        3752.88       0.213416E-004   941.434        8.45172        4.06007      -0.109911E+008
  468.769        79487.4        3751.19       0.216162E-004   957.974        8.44921        4.05887      -0.109726E+008
  488.346        79487.4        3744.34       0.217936E-004   972.959        8.43673        4.05287      -0.109533E+008
  507.923        79487.4        3742.68       0.220200E-004   986.917        8.43246        4.05082      -0.109339E+008
  527.500        79487.4        3741.05       0.222274E-004   999.818        8.42726        4.04832      -0.109141E+008
  547.077        79487.4        3739.44       0.224170E-004   1011.80        8.42210        4.04585      -0.108942E+008
  566.654        79487.4        3737.60       0.225971E-004   1022.95        8.41699        4.04339      -0.108740E+008
  586.231        79487.4        3735.91       0.227658E-004   1033.37        8.41304        4.04150      -0.108538E+008
  605.808        79487.4        3734.18       0.229178E-004   1043.12        8.40594        4.03808      -0.108329E+008
  625.385        79487.4        3732.45       0.230670E-004   1052.28        8.40226        4.03631      -0.108124E+008
  644.962        79487.4        3730.71       0.232041E-004   1060.90        8.39643        4.03352      -0.107913E+008
  664.538        79487.4        3728.96       0.233339E-004   1069.03        8.39057        4.03070      -0.107701E+008
  684.115        79487.4        3727.19       0.234552E-004   1076.72        8.38376        4.02743      -0.107486E+008
  703.692        79487.4        3725.44       0.235731E-004   1084.00        8.37814        4.02473      -0.107271E+008
  723.269        79487.4        3723.63       0.236828E-004   1090.91        8.37100        4.02130      -0.107053E+008
  742.846        79487.4        3721.88       0.237899E-004   1097.47        8.36498        4.01841      -0.106835E+008
  762.423        79487.4        3720.07       0.238913E-004   1103.73        8.35810        4.01510      -0.106615E+008
  782.000        79487.4        3718.27       0.239887E-004   1109.70        8.35119        4.01178      -0.106393E+008
  801.577        79487.4        3715.99       0.240835E-004   1115.42        8.34218        4.00745      -0.106167E+008
  821.154        79487.4        3714.64       0.241723E-004   1120.84        8.33675        4.00484      -0.105946E+008
  840.731        79487.4        3712.43       0.242601E-004   1126.09        8.32765        4.00047      -0.105718E+008
  860.308        79487.4        3710.94       0.243438E-004   1131.07        8.32178        3.99765      -0.105494E+008
  879.885        79487.4        3663.57       0.244566E-004   1148.06        8.34400        4.00833      -0.108455E+008
  899.462        79487.4        3662.23       0.245375E-004   1152.56        8.33488        4.00395      -0.108175E+008
  919.038        79487.4        3662.76       0.246052E-004   1156.46        8.33147        4.00231      -0.107891E+008
  938.615        79487.4        3663.29       0.246710E-004   1160.19        8.32806        4.00067      -0.107606E+008
  958.192        79487.4        3661.76       0.247466E-004   1164.22        8.31835        3.99601      -0.107326E+008
  977.769        79487.4        3660.22       0.248207E-004   1168.11        8.30865        3.99135      -0.107044E+008
  997.346        79487.4        3656.84       0.249030E-004   1172.25        8.29367        3.98415      -0.106771E+008
  1016.92        79487.4        3653.46       0.249841E-004   1176.26        8.27875        3.97698      -0.106498E+008
  1036.50        79487.4        3653.47       0.250431E-004   1179.42        8.27369        3.97455      -0.106218E+008
  1056.08        79487.4        3650.21       0.251216E-004   1183.18        8.25879        3.96739      -0.105939E+008
  1075.65        79487.4        3648.57       0.251871E-004   1186.47        8.24861        3.96250      -0.105660E+008
  1095.23        79487.4        3646.74       0.252563E-004   1189.69        8.23889        3.95784      -0.105386E+008
  1114.81        79487.4        3308.95       0.214156E-004   1205.09        7.58219        3.64236      -0.104182E+008
  1134.38        79487.4        3307.19       0.214488E-004   1208.27        7.57184        3.63739      -0.103910E+008
  1153.96        79487.4        3305.31       0.214804E-004   1211.38        7.56161        3.63248      -0.103642E+008
  1173.54        79487.4        3303.68       0.215146E-004   1214.33        7.55176        3.62775      -0.103371E+008
  1193.12        79487.4        3301.48       0.215464E-004   1217.34        7.54159        3.62286      -0.103119E+008
  1212.69        79487.4        3299.90       0.215783E-004   1220.07        7.53145        3.61799      -0.102842E+008
  1232.27        79487.4        3297.88       0.216096E-004   1222.84        7.52127        3.61310      -0.102583E+008
  1251.85        79487.4        3295.86       0.216406E-004   1225.53        7.51109        3.60821      -0.102323E+008
  1271.42        79487.4        3294.30       0.216706E-004   1228.01        7.50118        3.60345      -0.102040E+008
  1291.00        79487.4        3291.58       0.217022E-004   1230.72        7.49074        3.59844      -0.101813E+008
  1310.58        79487.4        3289.33       0.217331E-004   1233.23        7.48059        3.59356      -0.101562E+008
  1330.15        79487.4        3287.93       0.217945E-004   1235.42        7.46126        3.58427      -0.101306E+008
  1349.73        79487.4        3293.20       0.220473E-004   1235.54        7.38165        3.54603      -0.100971E+008
  1369.31        79487.4        3297.78       0.222082E-004   1236.23        7.30779        3.51055      -0.100688E+008
  1388.88        79487.4        3295.56       0.222472E-004   1238.51        7.30221        3.50787      -0.100450E+008
  1408.46        79487.4        3293.15       0.222855E-004   1240.77        7.29654        3.50515      -0.100220E+008
  1428.04        79487.4        3290.55       0.223201E-004   1243.01        7.29082        3.50240      -0.999975E+007
  1447.62        79487.4        3288.32       0.223603E-004   1245.10        7.28513        3.49966      -0.997588E+007
  1467.19        79487.4        3286.35       0.223974E-004   1247.06        7.27955        3.49699      -0.995021E+007
  1486.77        79487.4        3283.32       0.224319E-004   1249.23        7.27373        3.49419      -0.993031E+007
  1506.35        79487.4        3280.77       0.224655E-004   1251.23        7.26828        3.49157      -0.990787E+007
  1525.92        79487.4        3278.22       0.224991E-004   1253.17        7.26281        3.48894      -0.988539E+007
  1545.50        79487.4        3275.67       0.225284E-004   1255.06        7.25813        3.48670      -0.986343E+007
  1565.08        79487.4        3273.13       0.225577E-004   1256.90        7.25344        3.48444      -0.984143E+007
  1584.65        79487.4        3270.74       0.225738E-004   1258.66        7.25151        3.48351      -0.982070E+007
  1604.23        79487.4        3268.34       0.225898E-004   1260.37        7.24958        3.48259      -0.979997E+007
  1623.81        79487.4        3268.66       0.224424E-004   1261.49        7.28564        3.49991      -0.979438E+007
  1643.38        79487.4        3265.36       0.224930E-004   1263.29        7.27388        3.49426      -0.976868E+007
  1662.96        79487.4        3265.07       0.223557E-004   1264.45        7.30524        3.50932      -0.975886E+007
  1682.54        79487.4        3265.74       0.221564E-004   1265.33        7.34931        3.53049      -0.975245E+007
  1702.12        79487.4        3268.45       0.218340E-004   1265.77        7.42164        3.56524      -0.975316E+007
  1721.69        79487.4        3272.97       0.214158E-004   1265.82        7.52120        3.61307      -0.976182E+007
  1741.27        79487.4        3277.98       0.210663E-004   1265.67        7.62165        3.66132      -0.977675E+007
  1760.85        79487.4        3279.70       0.208370E-004   1266.18        7.68768        3.69304      -0.977815E+007
  1780.42        79487.4        3281.25       0.206426E-004   1266.69        7.74561        3.72087      -0.977459E+007
  1800.00        79487.4        3277.87       0.206547E-004   1268.21        7.73957        3.71797      -0.974950E+007
  273.000        80769.4        3768.93       0.168174E-004   673.179        8.48872        4.07785      -0.111044E+008
  292.577        80769.4        3767.64       0.176018E-004   720.942        8.48658        4.07682      -0.110907E+008
  312.154        80769.4        3766.30       0.182838E-004   761.953        8.48424        4.07570      -0.110762E+008
  331.731        80769.4        3764.90       0.188799E-004   797.558        8.48163        4.07445      -0.110609E+008
  351.308        80769.4        3763.42       0.194040E-004   828.781        8.47877        4.07307      -0.110449E+008
  370.885        80769.4        3761.96       0.198673E-004   856.398        8.47612        4.07180      -0.110284E+008
  390.462        80769.4        3760.48       0.202792E-004   881.018        8.47349        4.07053      -0.110113E+008
  410.038        80769.4        3758.89       0.206466E-004   903.118        8.46962        4.06867      -0.109937E+008
  429.615        80769.4        3757.38       0.209761E-004   923.076        8.46596        4.06691      -0.109757E+008
  449.192        80769.4        3755.86       0.212735E-004   941.201        8.46193        4.06498      -0.109573E+008
  468.769        80769.4        3754.22       0.215443E-004   957.750        8.45802        4.06310      -0.109386E+008
  488.346        80769.4        3752.57       0.217926E-004   972.928        8.45473        4.06152      -0.109197E+008
  507.923        80769.4        3750.86       0.220205E-004   986.908        8.45100        4.05973      -0.109004E+008
  527.500        80769.4        3749.30       0.222263E-004   999.827        8.44552        4.05710      -0.108806E+008
  547.077        80769.4        3747.63       0.224181E-004   1011.82        8.44086        4.05486      -0.108607E+008
  566.654        80769.4        3740.69       0.225252E-004   1022.76        8.42830        4.04883      -0.108403E+008
  586.231        80769.4        3738.99       0.226906E-004   1033.19        8.42335        4.04645      -0.108200E+008
  605.808        80769.4        3737.29       0.228452E-004   1042.94        8.41802        4.04389      -0.107994E+008
  625.385        80769.4        3735.58       0.229902E-004   1052.10        8.41253        4.04125      -0.107785E+008
  644.962        80769.4        3733.87       0.231265E-004   1060.72        8.40680        4.03850      -0.107575E+008
  664.538        80769.4        3732.11       0.232529E-004   1068.85        8.39954        4.03501      -0.107360E+008
  684.115        80769.4        3730.37       0.233755E-004   1076.54        8.39387        4.03229      -0.107147E+008
  703.692        80769.4        3728.60       0.234907E-004   1083.83        8.38727        4.02912      -0.106931E+008
  723.269        80769.4        3726.84       0.236016E-004   1090.74        8.38111        4.02616      -0.106714E+008
  742.846        80769.4        3725.16       0.237072E-004   1097.30        8.37508        4.02326      -0.106497E+008
  762.423        80769.4        3723.39       0.238082E-004   1103.56        8.36851        4.02010      -0.106277E+008
  782.000        80769.4        3721.65       0.239043E-004   1109.52        8.36162        4.01679      -0.106055E+008
  801.577        80769.4        3719.87       0.239958E-004   1115.22        8.35413        4.01320      -0.105831E+008
  821.154        80769.4        3717.81       0.240867E-004   1120.68        8.34613        4.00935      -0.105606E+008
  840.731        80769.4        3716.07       0.241728E-004   1125.90        8.33891        4.00588      -0.105381E+008
  860.308        80769.4        3714.43       0.242560E-004   1130.89        8.33229        4.00270      -0.105155E+008
  879.885        80769.4        3670.36       0.243430E-004   1147.21        8.36929        4.02048      -0.108183E+008
  899.462        80769.4        3667.00       0.244349E-004   1152.17        8.35392        4.01309      -0.107906E+008
  919.038        80769.4        3667.54       0.245023E-004   1156.06        8.35053        4.01147      -0.107622E+008
  938.615        80769.4        3666.10       0.245784E-004   1160.25        8.34129        4.00703      -0.107346E+008
  958.192        80769.4        3664.58       0.246535E-004   1164.29        8.33161        4.00237      -0.107066E+008
  977.769        80769.4        3663.09       0.247263E-004   1168.18        8.32214        3.99783      -0.106789E+008
  997.346        80769.4        3659.72       0.248078E-004   1172.32        8.30719        3.99065      -0.106516E+008
  1016.92        80769.4        3658.34       0.248751E-004   1175.89        8.29730        3.98589      -0.106232E+008
  1036.50        80769.4        3656.55       0.249465E-004   1179.47        8.28754        3.98120      -0.105960E+008
  1056.08        80769.4        3654.79       0.250142E-004   1182.88        8.27746        3.97636      -0.105684E+008
  1075.65        80769.4        3651.90       0.250889E-004   1186.46        8.26396        3.96988      -0.105409E+008
  1095.23        80769.4        3649.86       0.251551E-004   1189.75        8.25420        3.96519      -0.105151E+008
  1114.81        80769.4        3650.99       0.252063E-004   1192.24        8.25228        3.96427      -0.104860E+008
  1134.38        80769.4        3646.51       0.252854E-004   1195.85        8.23430        3.95563      -0.104592E+008
  1153.96        80769.4        3308.02       0.213940E-004   1211.41        7.57707        3.63991      -0.103344E+008
  1173.54        80769.4        3306.26       0.214263E-004   1214.39        7.56705        3.63509      -0.103075E+008
  1193.12        80769.4        3304.45       0.214578E-004   1217.29        7.55699        3.63026      -0.102808E+008
  1212.69        80769.4        3302.15       0.214886E-004   1220.23        7.54671        3.62532      -0.102559E+008
  1232.27        80769.4        3300.60       0.215196E-004   1222.87        7.53674        3.62053      -0.102282E+008
  1251.85        80769.4        3298.68       0.215500E-004   1225.52        7.52663        3.61567      -0.102018E+008
  1271.42        80769.4        3296.54       0.215803E-004   1228.16        7.51647        3.61080      -0.101763E+008
  1291.00        80769.4        3294.53       0.216101E-004   1230.69        7.50639        3.60595      -0.101502E+008
  1310.58        80769.4        3292.30       0.216405E-004   1233.19        7.49625        3.60108      -0.101251E+008
  1330.15        80769.4        3295.26       0.218340E-004   1234.09        7.43428        3.57131      -0.100946E+008
  1349.73        80769.4        3301.91       0.220846E-004   1233.82        7.34912        3.53040      -0.100564E+008
  1369.31        80769.4        3302.62       0.221840E-004   1235.29        7.32029        3.51655      -0.100269E+008
  1388.88        80769.4        3298.81       0.221628E-004   1238.48        7.31350        3.51329      -0.100125E+008
  1408.46        80769.4        3296.54       0.222011E-004   1240.71        7.30790        3.51060      -0.998884E+007
  1428.04        80769.4        3294.22       0.222389E-004   1242.88        7.30225        3.50789      -0.996535E+007
  1447.62        80769.4        3291.73       0.222713E-004   1245.03        7.29672        3.50523      -0.994247E+007
  1467.19        80769.4        3289.19       0.223068E-004   1247.14        7.29114        3.50255      -0.992007E+007
  1486.77        80769.4        3286.97       0.223454E-004   1249.11        7.28546        3.49982      -0.989601E+007
  1506.35        80769.4        3284.43       0.223810E-004   1251.10        7.27972        3.49707      -0.987328E+007
  1525.92        80769.4        3281.98       0.224160E-004   1253.02        7.27405        3.49434      -0.985007E+007
  1545.50        80769.4        3279.44       0.224448E-004   1254.91        7.26940        3.49211      -0.982810E+007
  1565.08        80769.4        3276.96       0.224773E-004   1256.74        7.26408        3.48955      -0.980521E+007
  1584.65        80769.4        3274.56       0.224931E-004   1258.49        7.26218        3.48864      -0.978447E+007
  1604.23        80769.4        3273.02       0.224609E-004   1259.99        7.26993        3.49236      -0.976358E+007
  1623.81        80769.4        3270.58       0.224732E-004   1261.70        7.26977        3.49228      -0.974638E+007
  1643.38        80769.4        3268.55       0.224558E-004   1263.24        7.27437        3.49450      -0.972698E+007
  1662.96        80769.4        3267.41       0.223736E-004   1264.58        7.29366        3.50376      -0.971333E+007
  1682.54        80769.4        3267.17       0.222201E-004   1265.65        7.32739        3.51997      -0.970355E+007
  1702.12        80769.4        3268.26       0.219788E-004   1266.40        7.38028        3.54537      -0.969883E+007
  1721.69        80769.4        3271.57       0.215994E-004   1266.68        7.46529        3.58621      -0.970165E+007
  1741.27        80769.4        3274.06       0.213008E-004   1267.06        7.54215        3.62313      -0.970725E+007
  1760.85        80769.4        3278.21       0.209819E-004   1267.03        7.63402        3.66726      -0.971844E+007
  1780.42        80769.4        3279.77       0.207639E-004   1267.51        7.69681        3.69743      -0.971769E+007
  1800.00        80769.4        3281.06       0.205772E-004   1268.04        7.75186        3.72387      -0.971276E+007
  273.000        82051.5        3771.79       0.167643E-004   672.777        8.49852        4.08256      -0.110706E+008
  292.577        82051.5        3770.51       0.175464E-004   720.570        8.49645        4.08156      -0.110569E+008
  312.154        82051.5        3769.18       0.182265E-004   761.602        8.49426        4.08051      -0.110424E+008
  331.731        82051.5        3767.77       0.188206E-004   797.234        8.49158        4.07922      -0.110270E+008
  351.308        82051.5        3766.36       0.193433E-004   828.475        8.48923        4.07810      -0.110111E+008
  370.885        82051.5        3764.89       0.198042E-004   856.113        8.48597        4.07653      -0.109945E+008
  390.462        82051.5        3763.39       0.202152E-004   880.747        8.48340        4.07529      -0.109775E+008
  410.038        82051.5        3761.85       0.205812E-004   902.862        8.47972        4.07352      -0.109599E+008
  429.615        82051.5        3760.29       0.209112E-004   922.833        8.47677        4.07211      -0.109421E+008
  449.192        82051.5        3758.72       0.212062E-004   940.973        8.47165        4.06965      -0.109235E+008
  468.769        82051.5        3757.11       0.214784E-004   957.532        8.46928        4.06851      -0.109050E+008
  488.346        82051.5        3755.49       0.217231E-004   972.717        8.46442        4.06617      -0.108858E+008
  507.923        82051.5        3753.85       0.219498E-004   986.704        8.46100        4.06453      -0.108666E+008
  527.500        82051.5        3752.28       0.221554E-004   999.630        8.45572        4.06200      -0.108468E+008
  547.077        82051.5        3750.63       0.223464E-004   1011.63        8.45113        4.05979      -0.108270E+008
  566.654        82051.5        3748.88       0.225262E-004   1022.80        8.44699        4.05780      -0.108069E+008
  586.231        82051.5        3747.21       0.226917E-004   1033.23        8.44169        4.05525      -0.107865E+008
  605.808        82051.5        3745.65       0.228413E-004   1042.98        8.43474        4.05192      -0.107656E+008
  625.385        82051.5        3743.83       0.229910E-004   1052.15        8.43103        4.05014      -0.107451E+008
  644.962        82051.5        3737.01       0.230494E-004   1060.55        8.41700        4.04339      -0.107237E+008
  664.538        82051.5        3735.31       0.231772E-004   1068.68        8.41111        4.04057      -0.107025E+008
  684.115        82051.5        3733.65       0.232949E-004   1076.37        8.40384        4.03708      -0.106809E+008
  703.692        82051.5        3731.91       0.234128E-004   1083.65        8.39876        4.03463      -0.106595E+008
  723.269        82051.5        3730.19       0.235199E-004   1090.56        8.39146        4.03113      -0.106376E+008
  742.846        82051.5        3728.48       0.236258E-004   1097.13        8.38570        4.02836      -0.106159E+008
  762.423        82051.5        3726.76       0.237252E-004   1103.38        8.37888        4.02508      -0.105939E+008
  782.000        82051.5        3725.03       0.238207E-004   1109.35        8.37203        4.02179      -0.105717E+008
  801.577        82051.5        3723.28       0.239119E-004   1115.04        8.36475        4.01830      -0.105494E+008
  821.154        82051.5        3721.54       0.240006E-004   1120.49        8.35775        4.01493      -0.105270E+008
  840.731        82051.5        3719.66       0.240861E-004   1125.71        8.34989        4.01116      -0.105044E+008
  860.308        82051.5        3718.03       0.241681E-004   1130.71        8.34295        4.00782      -0.104818E+008
  879.885        82051.5        3673.16       0.242539E-004   1147.24        8.38195        4.02656      -0.107911E+008
  899.462        82051.5        3671.76       0.243337E-004   1151.78        8.37294        4.02223      -0.107637E+008
  919.038        82051.5        3670.33       0.244111E-004   1156.13        8.36372        4.01780      -0.107362E+008
  938.615        82051.5        3668.91       0.244867E-004   1160.32        8.35451        4.01337      -0.107087E+008
  958.192        82051.5        3667.43       0.245605E-004   1164.36        8.34506        4.00884      -0.106811E+008
  977.769        82051.5        3665.95       0.246327E-004   1168.26        8.33562        4.00430      -0.106534E+008
  997.346        82051.5        3664.40       0.247034E-004   1172.02        8.32594        3.99965      -0.106258E+008
  1016.92        82051.5        3662.86       0.247728E-004   1175.66        8.31627        3.99501      -0.105982E+008
  1036.50        82051.5        3659.93       0.248484E-004   1179.46        8.30260        3.98844      -0.105707E+008
  1056.08        82051.5        3657.01       0.249229E-004   1183.14        8.28897        3.98189      -0.105432E+008
  1075.65        82051.5        3655.35       0.249888E-004   1186.44        8.27913        3.97716      -0.105158E+008
  1095.23        82051.5        3653.69       0.250538E-004   1189.65        8.26929        3.97244      -0.104883E+008
  1114.81        82051.5        3652.41       0.251151E-004   1192.68        8.26008        3.96801      -0.104601E+008
  1134.38        82051.5        3650.14       0.251828E-004   1195.80        8.24967        3.96301      -0.104338E+008
  1153.96        82051.5        3648.33       0.252450E-004   1198.75        8.23955        3.95815      -0.104063E+008
  1173.54        82051.5        3646.27       0.253101E-004   1201.66        8.22974        3.95344      -0.103799E+008
  1193.12        82051.5        3644.22       0.253732E-004   1204.48        8.21958        3.94856      -0.103531E+008
  1212.69        82051.5        3305.31       0.214004E-004   1220.12        7.56229        3.63281      -0.102241E+008
  1232.27        82051.5        3303.43       0.214304E-004   1222.86        7.55219        3.62795      -0.101976E+008
  1251.85        82051.5        3301.47       0.214604E-004   1225.53        7.54211        3.62311      -0.101714E+008
  1271.42        82051.5        3299.43       0.214902E-004   1228.14        7.53200        3.61826      -0.101455E+008
  1291.00        82051.5        3297.41       0.215196E-004   1230.66        7.52190        3.61341      -0.101195E+008
  1310.58        82051.5        3297.69       0.216280E-004   1232.44        7.48625        3.59628      -0.100915E+008
  1330.15        82051.5        3302.90       0.218626E-004   1232.69        7.40616        3.55780      -0.100565E+008
  1349.73        82051.5        3308.03       0.220566E-004   1232.92        7.33826        3.52519      -0.100193E+008
  1369.31        82051.5        3305.92       0.220982E-004   1235.24        7.33223        3.52229      -0.999468E+007
  1388.88        82051.5        3303.80       0.221391E-004   1237.50        7.32613        3.51936      -0.996983E+007
  1408.46        82051.5        3301.51       0.221791E-004   1239.73        7.31999        3.51641      -0.994586E+007
  1428.04        82051.5        3297.67       0.221551E-004   1242.81        7.31358        3.51333      -0.993179E+007
  1447.62        82051.5        3295.37       0.221923E-004   1244.91        7.30794        3.51062      -0.990814E+007
  1467.19        82051.5        3292.91       0.222230E-004   1247.00        7.30276        3.50813      -0.988537E+007
  1486.77        82051.5        3290.62       0.222647E-004   1248.99        7.29651        3.50513      -0.986119E+007
  1506.35        82051.5        3288.18       0.222993E-004   1250.96        7.29088        3.50242      -0.983801E+007
  1525.92        82051.5        3285.74       0.223338E-004   1252.88        7.28523        3.49971      -0.981479E+007
  1545.50        82051.5        3283.26       0.223658E-004   1254.75        7.27995        3.49718      -0.979192E+007
  1565.08        82051.5        3280.78       0.223978E-004   1256.58        7.27466        3.49463      -0.976903E+007
  1584.65        82051.5        3278.31       0.224238E-004   1258.35        7.27047        3.49262      -0.974676E+007
  1604.23        82051.5        3275.85       0.224498E-004   1260.07        7.26627        3.49060      -0.972446E+007
  1623.81        82051.5        3273.66       0.224501E-004   1261.69        7.26747        3.49118      -0.970434E+007
  1643.38        82051.5        3271.47       0.224498E-004   1263.27        7.26873        3.49179      -0.968425E+007
  1662.96        82051.5        3270.13       0.223768E-004   1264.62        7.28560        3.49989      -0.966932E+007
  1682.54        82051.5        3269.40       0.222462E-004   1265.82        7.31445        3.51375      -0.965773E+007
  1702.12        82051.5        3271.11       0.219829E-004   1266.42        7.37349        3.54211      -0.965535E+007
  1721.69        82051.5        3270.95       0.217754E-004   1267.40        7.41652        3.56278      -0.964587E+007
  1741.27        82051.5        3273.57       0.214243E-004   1267.77        7.49773        3.60179      -0.964879E+007
  1760.85        82051.5        3275.00       0.211936E-004   1268.29        7.56103        3.63220      -0.965129E+007
  1780.42        82051.5        3277.74       0.209269E-004   1268.50        7.63729        3.66884      -0.965638E+007
  1800.00        82051.5        3279.67       0.206979E-004   1268.85        7.70344        3.70062      -0.965609E+007
  273.000        83333.5        3794.96       0.166863E-004   672.046        8.56318        4.11362      -0.110376E+008
  292.577        83333.5        3793.69       0.174680E-004   719.972        8.56119        4.11266      -0.110237E+008
  312.154        83333.5        3792.35       0.181480E-004   761.098        8.55899        4.11161      -0.110089E+008
  331.731        83333.5        3790.96       0.187424E-004   796.797        8.55660        4.11046      -0.109936E+008
  351.308        83333.5        3779.83       0.192734E-004   828.130        8.52763        4.09654      -0.109775E+008
  370.885        83333.5        3767.77       0.197428E-004   855.827        8.49625        4.08147      -0.109608E+008
  390.462        83333.5        3766.28       0.201517E-004   880.478        8.49325        4.08002      -0.109438E+008
  410.038        83333.5        3764.76       0.205170E-004   902.607        8.49001        4.07847      -0.109262E+008
  429.615        83333.5        3763.21       0.208452E-004   922.593        8.48664        4.07685      -0.109083E+008
  449.192        83333.5        3761.64       0.211415E-004   940.744        8.48302        4.07511      -0.108899E+008
  468.769        83333.5        3760.05       0.214103E-004   957.312        8.47920        4.07328      -0.108712E+008
  488.346        83333.5        3758.46       0.216549E-004   972.505        8.47499        4.07125      -0.108522E+008
  507.923        83333.5        3756.82       0.218797E-004   986.502        8.47106        4.06937      -0.108329E+008
  527.500        83333.5        3755.25       0.220850E-004   999.434        8.46591        4.06689      -0.108131E+008
  547.077        83333.5        3753.61       0.222752E-004   1011.44        8.46135        4.06470      -0.107933E+008
  566.654        83333.5        3751.95       0.224519E-004   1022.61        8.45663        4.06243      -0.107732E+008
  586.231        83333.5        3750.24       0.226156E-004   1033.04        8.45064        4.05955      -0.107526E+008
  605.808        83333.5        3748.64       0.227681E-004   1042.81        8.44500        4.05685      -0.107319E+008
  625.385        83333.5        3746.92       0.229154E-004   1051.98        8.44105        4.05495      -0.107113E+008
  644.962        83333.5        3745.25       0.230507E-004   1060.61        8.43539        4.05223      -0.106903E+008
  664.538        83333.5        3743.58       0.231781E-004   1068.74        8.42948        4.04939      -0.106691E+008
  684.115        83333.5        3741.90       0.232988E-004   1076.43        8.42341        4.04647      -0.106477E+008
  703.692        83333.5        3740.21       0.234132E-004   1083.71        8.41715        4.04347      -0.106261E+008
  723.269        83333.5        3738.53       0.235219E-004   1090.62        8.41069        4.04037      -0.106044E+008
  742.846        83333.5        3731.76       0.235447E-004   1096.96        8.39585        4.03324      -0.105821E+008
  762.423        83333.5        3730.08       0.236431E-004   1103.21        8.38909        4.02999      -0.105601E+008
  782.000        83333.5        3728.38       0.237375E-004   1109.17        8.38217        4.02666      -0.105379E+008
  801.577        83333.5        3726.69       0.238282E-004   1114.87        8.37512        4.02328      -0.105157E+008
  821.154        83333.5        3724.97       0.239149E-004   1120.32        8.36771        4.01972      -0.104932E+008
  840.731        83333.5        3723.27       0.239996E-004   1125.53        8.36063        4.01632      -0.104707E+008
  860.308        83333.5        3721.39       0.240843E-004   1130.54        8.35372        4.01299      -0.104481E+008
  879.885        83333.5        3676.02       0.241655E-004   1147.26        8.39428        4.03248      -0.107631E+008
  899.462        83333.5        3674.67       0.242443E-004   1151.79        8.38525        4.02814      -0.107357E+008
  919.038        83333.5        3673.27       0.243212E-004   1156.14        8.37599        4.02369      -0.107080E+008
  938.615        83333.5        3671.85       0.243955E-004   1160.34        8.36702        4.01939      -0.106811E+008
  958.192        83333.5        3670.42       0.244686E-004   1164.37        8.35743        4.01478      -0.106532E+008
  977.769        83333.5        3668.95       0.245396E-004   1168.29        8.34832        4.01040      -0.106264E+008
  997.346        83333.5        3667.45       0.246096E-004   1172.04        8.33850        4.00569      -0.105984E+008
  1016.92        83333.5        3665.93       0.246779E-004   1175.69        8.32922        4.00123      -0.105714E+008
  1036.50        83333.5        3662.59       0.247553E-004   1179.55        8.31383        3.99384      -0.105432E+008
  1056.08        83333.5        3660.57       0.248238E-004   1183.07        8.30333        3.98879      -0.105166E+008
  1075.65        83333.5        3659.37       0.248866E-004   1186.27        8.29451        3.98455      -0.104886E+008
  1095.23        83333.5        3657.68       0.249503E-004   1189.47        8.28596        3.98045      -0.104626E+008
  1114.81        83333.5        3655.97       0.250152E-004   1192.60        8.27508        3.97522      -0.104341E+008
  1134.38        83333.5        3653.46       0.250820E-004   1195.82        8.26475        3.97026      -0.104090E+008
  1153.96        83333.5        3652.48       0.251404E-004   1198.59        8.25478        3.96547      -0.103788E+008
  1173.54        83333.5        3649.68       0.252077E-004   1201.67        8.24498        3.96076      -0.103550E+008
  1193.12        83333.5        3648.10       0.252691E-004   1204.39        8.23524        3.95608      -0.103271E+008
  1212.69        83333.5        3646.03       0.253313E-004   1207.15        8.22521        3.95126      -0.103005E+008
  1232.27        83333.5        3643.88       0.253933E-004   1209.85        8.21515        3.94643      -0.102740E+008
  1251.85        83333.5        3304.35       0.213717E-004   1225.50        7.55757        3.63054      -0.101405E+008
  1271.42        83333.5        3302.39       0.214009E-004   1228.09        7.54750        3.62570      -0.101143E+008
  1291.00        83333.5        3300.38       0.214298E-004   1230.62        7.53743        3.62086      -0.100882E+008
  1310.58        83333.5        3304.63       0.216518E-004   1231.25        7.46108        3.58418      -0.100552E+008
  1330.15        83333.5        3311.08       0.218857E-004   1231.17        7.37496        3.54282      -0.100163E+008
  1349.73        83333.5        3311.29       0.219713E-004   1232.88        7.35014        3.53089      -0.998723E+007
  1369.31        83333.5        3309.39       0.220124E-004   1235.15        7.34412        3.52800      -0.996137E+007
  1388.88        83333.5        3307.01       0.220525E-004   1237.47        7.33797        3.52505      -0.993798E+007
  1408.46        83333.5        3304.95       0.220933E-004   1239.65        7.33187        3.52212      -0.991275E+007
  1428.04        83333.5        3302.72       0.221334E-004   1241.81        7.32578        3.51919      -0.988855E+007
  1447.62        83333.5        3298.88       0.221092E-004   1244.83        7.31928        3.51607      -0.987428E+007
  1467.19        83333.5        3296.60       0.221458E-004   1246.87        7.31361        3.51335      -0.985046E+007
  1486.77        83333.5        3294.26       0.221816E-004   1248.87        7.30792        3.51061      -0.982677E+007
  1506.35        83333.5        3291.82       0.222155E-004   1250.85        7.30231        3.50791      -0.980357E+007
  1525.92        83333.5        3289.48       0.222512E-004   1252.74        7.29659        3.50517      -0.977976E+007
  1545.50        83333.5        3286.94       0.222810E-004   1254.63        7.29150        3.50272      -0.975729E+007
  1565.08        83333.5        3284.60       0.223164E-004   1256.42        7.28575        3.49996      -0.973333E+007
  1584.65        83333.5        3282.14       0.223411E-004   1258.19        7.28173        3.49803      -0.971118E+007
  1604.23        83333.5        3279.70       0.223723E-004   1259.91        7.27649        3.49551      -0.968786E+007
  1623.81        83333.5        3277.52       0.223705E-004   1261.52        7.27811        3.49629      -0.966800E+007
  1643.38        83333.5        3275.11       0.223927E-004   1263.14        7.27448        3.49455      -0.964541E+007
  1662.96        83333.5        3273.23       0.223611E-004   1264.61        7.28214        3.49823      -0.962708E+007
  1682.54        83333.5        3272.10       0.222546E-004   1265.88        7.30567        3.50953      -0.961358E+007
  1702.12        83333.5        3271.36       0.221123E-004   1267.01        7.33594        3.52407      -0.960190E+007
  1721.69        83333.5        3275.19       0.217197E-004   1267.12        7.42547        3.56708      -0.960800E+007
  1741.27        83333.5        3273.64       0.215514E-004   1268.36        7.45688        3.58217      -0.959321E+007
  1760.85        83333.5        3274.65       0.213166E-004   1268.97        7.51657        3.61084      -0.959276E+007
  1780.42        83333.5        3276.53       0.210785E-004   1269.34        7.58293        3.64272      -0.959541E+007
  1800.00        83333.5        3278.79       0.208283E-004   1269.61        7.65442        3.67706      -0.959831E+007
  273.000        84615.5        3797.76       0.166355E-004   671.650        8.57282        4.11825      -0.110040E+008
  292.577        84615.5        3796.50       0.174150E-004   719.600        8.57088        4.11732      -0.109901E+008
  312.154        84615.5        3795.19       0.180929E-004   760.753        8.56875        4.11630      -0.109753E+008
  331.731        84615.5        3793.85       0.186856E-004   796.475        8.56647        4.11520      -0.109600E+008
  351.308        84615.5        3792.40       0.192065E-004   827.791        8.56395        4.11399      -0.109441E+008
  370.885        84615.5        3790.91       0.196669E-004   855.485        8.56110        4.11262      -0.109275E+008
  390.462        84615.5        3789.56       0.200768E-004   880.163        8.55891        4.11157      -0.109105E+008
  410.038        84615.5        3787.51       0.204412E-004   902.311        8.55351        4.10898      -0.108929E+008
  429.615        84615.5        3785.90       0.207700E-004   922.306        8.55038        4.10747      -0.108750E+008
  449.192        84615.5        3784.41       0.210674E-004   940.463        8.54752        4.10609      -0.108568E+008
  468.769        84615.5        3782.46       0.213362E-004   957.035        8.54268        4.10377      -0.108381E+008
  488.346        84615.5        3780.33       0.215811E-004   972.232        8.53705        4.10107      -0.108190E+008
  507.923        84615.5        3778.37       0.218060E-004   986.226        8.53216        4.09872      -0.107997E+008
  527.500        84615.5        3773.98       0.220118E-004   999.168        8.51927        4.09252      -0.107799E+008
  547.077        84615.5        3758.64       0.222044E-004   1011.24        8.47714        4.07229      -0.107596E+008
  566.654        84615.5        3754.87       0.223824E-004   1022.43        8.46727        4.06754      -0.107395E+008
  586.231        84615.5        3753.29       0.225448E-004   1032.87        8.46181        4.06492      -0.107191E+008
  605.808        84615.5        3751.72       0.226938E-004   1042.63        8.45498        4.06164      -0.106982E+008
  625.385        84615.5        3750.00       0.228404E-004   1051.80        8.45104        4.05975      -0.106776E+008
  644.962        84615.5        3748.36       0.229748E-004   1060.43        8.44534        4.05701      -0.106566E+008
  664.538        84615.5        3746.71       0.231014E-004   1068.57        8.43947        4.05419      -0.106354E+008
  684.115        84615.5        3745.07       0.232188E-004   1076.26        8.43245        4.05082      -0.106138E+008
  703.692        84615.5        3743.41       0.233346E-004   1083.54        8.42713        4.04826      -0.105924E+008
  723.269        84615.5        3741.75       0.234424E-004   1090.45        8.42069        4.04517      -0.105707E+008
  742.846        84615.5        3740.09       0.235452E-004   1097.01        8.41409        4.04200      -0.105488E+008
  762.423        84615.5        3738.44       0.236433E-004   1103.26        8.40732        4.03875      -0.105268E+008
  782.000        84615.5        3736.77       0.237372E-004   1109.22        8.40038        4.03541      -0.105046E+008
  801.577        84615.5        3734.79       0.238331E-004   1114.92        8.39428        4.03248      -0.104824E+008
  821.154        84615.5        3728.40       0.238309E-004   1120.14        8.37797        4.02465      -0.104595E+008
  840.731        84615.5        3726.57       0.239173E-004   1125.36        8.37119        4.02139      -0.104370E+008
  860.308        84615.5        3724.52       0.240052E-004   1130.38        8.36495        4.01839      -0.104145E+008
  879.885        84615.5        3678.94       0.240779E-004   1147.25        8.40636        4.03829      -0.107344E+008
  899.462        84615.5        3677.56       0.241557E-004   1151.80        8.39754        4.03405      -0.107076E+008
  919.038        84615.5        3676.24       0.242308E-004   1156.16        8.38834        4.02963      -0.106804E+008
  938.615        84615.5        3674.79       0.243051E-004   1160.37        8.37951        4.02539      -0.106536E+008
  958.192        84615.5        3673.36       0.243770E-004   1164.42        8.37025        4.02094      -0.106265E+008
  977.769        84615.5        3671.93       0.244473E-004   1168.32        8.36100        4.01649      -0.105993E+008
  997.346        84615.5        3670.46       0.245162E-004   1172.09        8.35157        4.01197      -0.105720E+008
  1016.92        84615.5        3668.99       0.245838E-004   1175.72        8.34215        4.00744      -0.105447E+008
  1036.50        84615.5        3666.55       0.246552E-004   1179.43        8.32990        4.00155      -0.105174E+008
  1056.08        84615.5        3664.12       0.247256E-004   1183.02        8.31767        3.99568      -0.104899E+008
  1075.65        84615.5        3662.57       0.247901E-004   1186.31        8.30828        3.99117      -0.104627E+008
  1095.23        84615.5        3661.01       0.248536E-004   1189.50        8.29889        3.98666      -0.104355E+008
  1114.81        84615.5        3660.09       0.249122E-004   1192.41        8.28929        3.98204      -0.104055E+008
  1134.38        84615.5        3657.64       0.249795E-004   1195.64        8.27974        3.97746      -0.103812E+008
  1153.96        84615.5        3655.52       0.250429E-004   1198.65        8.26978        3.97267      -0.103549E+008
  1173.54        84615.5        3653.97       0.251039E-004   1201.48        8.26035        3.96815      -0.103274E+008
  1193.12        84615.5        3653.51       0.251577E-004   1203.97        8.25445        3.96531      -0.102995E+008
  1212.69        84615.5        3650.03       0.252271E-004   1207.03        8.24071        3.95871      -0.102740E+008
  1232.27        84615.5        3648.04       0.252878E-004   1209.70        8.23067        3.95389      -0.102468E+008
  1251.85        84615.5        3645.78       0.253497E-004   1212.35        8.22084        3.94916      -0.102211E+008
  1271.42        84615.5        3643.52       0.254108E-004   1214.93        8.21076        3.94432      -0.101949E+008
  1291.00        84615.5        3306.81       0.214499E-004   1229.58        7.51474        3.60996      -0.100530E+008
  1310.58        84615.5        3311.85       0.216668E-004   1230.00        7.43455        3.57144      -0.100172E+008
  1330.15        84615.5        3316.53       0.218445E-004   1230.47        7.36798        3.53946      -0.998023E+007
  1349.73        84615.5        3314.61       0.218865E-004   1232.82        7.36200        3.53659      -0.995470E+007
  1369.31        84615.5        3312.55       0.219283E-004   1235.13        7.35600        3.53371      -0.992983E+007
  1388.88        84615.5        3310.34       0.219666E-004   1237.42        7.34979        3.53072      -0.990529E+007
  1408.46        84615.5        3308.37       0.220094E-004   1239.57        7.34385        3.52787      -0.988001E+007
  1428.04        84615.5        3306.31       0.220480E-004   1241.69        7.33760        3.52487      -0.985445E+007
  1447.62        84615.5        3303.99       0.220878E-004   1243.82        7.33157        3.52197      -0.983081E+007
  1467.19        84615.5        3300.15       0.220634E-004   1246.78        7.32494        3.51879      -0.981634E+007
  1486.77        84615.5        3297.88       0.220994E-004   1248.76        7.31927        3.51607      -0.979238E+007
  1506.35        84615.5        3295.54       0.221344E-004   1250.71        7.31359        3.51334      -0.976859E+007
  1525.92        84615.5        3293.20       0.221694E-004   1252.60        7.30790        3.51060      -0.974477E+007
  1545.50        84615.5        3290.81       0.222026E-004   1254.46        7.30235        3.50793      -0.972124E+007
  1565.08        84615.5        3288.41       0.222358E-004   1256.26        7.29678        3.50526      -0.969767E+007
  1584.65        84615.5        3285.98       0.222657E-004   1258.02        7.29172        3.50283      -0.967450E+007
  1604.23        84615.5        3283.55       0.222957E-004   1259.74        7.28665        3.50039      -0.965129E+007
  1623.81        84615.5        3281.16       0.223159E-004   1261.40        7.28344        3.49885      -0.962897E+007
  1643.38        84615.5        3278.77       0.223361E-004   1263.02        7.28021        3.49730      -0.960662E+007
  1662.96        84615.5        3277.25       0.222708E-004   1264.40        7.29528        3.50454      -0.959087E+007
  1682.54        84615.5        3275.10       0.222534E-004   1265.88        7.29926        3.50645      -0.957060E+007
  1702.12        84615.5        3273.96       0.221275E-004   1267.10        7.32599        3.51929      -0.955742E+007
  1721.69        84615.5        3273.41       0.219583E-004   1268.13        7.36130        3.53625      -0.954658E+007
  1741.27        84615.5        3274.11       0.216890E-004   1268.87        7.41832        3.56364      -0.954085E+007
  1760.85        84615.5        3275.25       0.213957E-004   1269.48        7.48500        3.59568      -0.953943E+007
  1780.42        84615.5        3275.73       0.212092E-004   1270.13        7.53547        3.61992      -0.953649E+007
  1800.00        84615.5        3276.39       0.210041E-004   1270.72        7.59157        3.64687      -0.953527E+007
  273.000        85897.6        3800.57       0.165852E-004   671.255        8.58242        4.12286      -0.109702E+008
  292.577        85897.6        3799.31       0.173623E-004   719.230        8.58051        4.12194      -0.109565E+008
  312.154        85897.6        3798.01       0.180383E-004   760.410        8.57841        4.12094      -0.109417E+008
  331.731        85897.6        3796.73       0.186293E-004   796.154        8.57632        4.11993      -0.109264E+008
  351.308        85897.6        3795.14       0.191483E-004   827.491        8.57322        4.11844      -0.109105E+008
  370.885        85897.6        3793.80       0.196077E-004   855.202        8.57097        4.11736      -0.108940E+008
  390.462        85897.6        3792.34       0.200159E-004   879.897        8.56812        4.11599      -0.108769E+008
  410.038        85897.6        3790.46       0.203796E-004   902.059        8.56368        4.11386      -0.108594E+008
  429.615        85897.6        3788.45       0.207062E-004   922.070        8.55869        4.11146      -0.108414E+008
  449.192        85897.6        3787.12       0.210031E-004   940.239        8.55639        4.11036      -0.108231E+008
  468.769        85897.6        3785.72       0.212727E-004   956.820        8.55405        4.10923      -0.108046E+008
  488.346        85897.6        3783.60       0.215167E-004   972.027        8.54846        4.10655      -0.107855E+008
  507.923        85897.6        3781.91       0.217418E-004   986.029        8.54466        4.10472      -0.107662E+008
  527.500        85897.6        3779.98       0.219484E-004   998.973        8.53981        4.10239      -0.107467E+008
  547.077        85897.6        3777.08       0.221367E-004   1010.98        8.53079        4.09806      -0.107266E+008
  566.654        85897.6        3775.45       0.223148E-004   1022.16        8.52728        4.09637      -0.107067E+008
  586.231        85897.6        3772.94       0.224791E-004   1032.60        8.51987        4.09281      -0.106862E+008
  605.808        85897.6        3770.20       0.226313E-004   1042.37        8.51156        4.08882      -0.106656E+008
  625.385        85897.6        3767.22       0.227735E-004   1051.54        8.50219        4.08432      -0.106447E+008
  644.962        85897.6        3763.94       0.229060E-004   1060.18        8.49154        4.07920      -0.106236E+008
  664.538        85897.6        3760.29       0.230296E-004   1068.32        8.47932        4.07333      -0.106023E+008
  684.115        85897.6        3748.21       0.231440E-004   1076.09        8.44326        4.05601      -0.105803E+008
  703.692        85897.6        3746.58       0.232565E-004   1083.37        8.43700        4.05300      -0.105587E+008
  723.269        85897.6        3744.97       0.233633E-004   1090.28        8.43055        4.04990      -0.105370E+008
  742.846        85897.6        3743.37       0.234646E-004   1096.84        8.42384        4.04668      -0.105151E+008
  762.423        85897.6        3741.73       0.235621E-004   1103.09        8.41713        4.04346      -0.104931E+008
  782.000        85897.6        3739.87       0.236600E-004   1109.06        8.41106        4.04054      -0.104710E+008
  801.577        85897.6        3737.87       0.237567E-004   1114.77        8.40525        4.03775      -0.104489E+008
  821.154        85897.6        3735.85       0.238503E-004   1120.23        8.39927        4.03488      -0.104266E+008
  840.731        85897.6        3733.81       0.239410E-004   1125.46        8.39314        4.03193      -0.104042E+008
  860.308        85897.6        3728.83       0.239565E-004   1130.30        8.37925        4.02526      -0.103812E+008
  879.885        85897.6        3691.23       0.241515E-004   1147.60        8.43351        4.05132      -0.107062E+008
  899.462        85897.6        3689.82       0.242286E-004   1152.14        8.42463        4.04706      -0.106796E+008
  919.038        85897.6        3679.19       0.241424E-004   1156.15        8.40048        4.03546      -0.106520E+008
  938.615        85897.6        3677.82       0.242151E-004   1160.36        8.39148        4.03113      -0.106251E+008
  958.192        85897.6        3676.43       0.242861E-004   1164.41        8.38237        4.02676      -0.105982E+008
  977.769        85897.6        3675.03       0.243554E-004   1168.32        8.37316        4.02233      -0.105712E+008
  997.346        85897.6        3673.60       0.244234E-004   1172.09        8.36387        4.01787      -0.105441E+008
  1016.92        85897.6        3672.17       0.244900E-004   1175.72        8.35433        4.01329      -0.105167E+008
  1036.50        85897.6        3670.55       0.245563E-004   1179.24        8.34480        4.00871      -0.104896E+008
  1056.08        85897.6        3668.56       0.246237E-004   1182.74        8.33399        4.00352      -0.104624E+008
  1075.65        85897.6        3666.90       0.246882E-004   1186.06        8.32414        3.99879      -0.104351E+008
  1095.23        85897.6        3666.10       0.247460E-004   1189.13        8.31689        3.99531      -0.104083E+008
  1114.81        85897.6        3663.62       0.248136E-004   1192.35        8.30442        3.98931      -0.103799E+008
  1134.38        85897.6        3661.56       0.248773E-004   1195.46        8.29553        3.98505      -0.103548E+008
  1153.96        85897.6        3659.63       0.249392E-004   1198.43        8.28493        3.97995      -0.103273E+008
  1173.54        85897.6        3657.85       0.250006E-004   1201.32        8.27619        3.97575      -0.103014E+008
  1193.12        85897.6        3656.10       0.250620E-004   1204.13        8.26520        3.97047      -0.102726E+008
  1212.69        85897.6        3654.33       0.251216E-004   1206.82        8.25522        3.96568      -0.102455E+008
  1232.27        85897.6        3652.04       0.251838E-004   1209.57        8.24582        3.96116      -0.102202E+008
  1251.85        85897.6        3649.96       0.252446E-004   1212.20        8.23623        3.95656      -0.101938E+008
  1271.42        85897.6        3647.74       0.253054E-004   1214.78        8.22645        3.95186      -0.101678E+008
  1291.00        85897.6        3647.00       0.254960E-004   1215.90        8.13166        3.90632      -0.101333E+008
  1310.58        85897.6        3649.18       0.257312E-004   1215.99        8.00030        3.84322      -0.100911E+008
  1330.15        85897.6        3319.78       0.217605E-004   1230.43        7.37980        3.54514      -0.994796E+007
  1349.73        85897.6        3317.86       0.218028E-004   1232.78        7.37382        3.54227      -0.992251E+007
  1369.31        85897.6        3315.99       0.218438E-004   1235.05        7.36775        3.53935      -0.989651E+007
  1388.88        85897.6        3313.54       0.218809E-004   1237.39        7.36159        3.53639      -0.987328E+007
  1408.46        85897.6        3311.60       0.219222E-004   1239.54        7.35552        3.53348      -0.984759E+007
  1428.04        85897.6        3309.98       0.219649E-004   1241.56        7.34950        3.53059      -0.982022E+007
  1447.62        85897.6        3307.81       0.220046E-004   1243.64        7.34343        3.52767      -0.979565E+007
  1467.19        85897.6        3305.31       0.220422E-004   1245.75        7.33732        3.52473      -0.977269E+007
  1486.77        85897.6        3301.48       0.220176E-004   1248.66        7.33058        3.52150      -0.975803E+007
  1506.35        85897.6        3299.22       0.220530E-004   1250.58        7.32491        3.51877      -0.973392E+007
  1525.92        85897.6        3296.91       0.220877E-004   1252.47        7.31925        3.51606      -0.970994E+007
  1545.50        85897.6        3294.52       0.221202E-004   1254.32        7.31373        3.51340      -0.968641E+007
  1565.08        85897.6        3292.21       0.221546E-004   1256.11        7.30805        3.51067      -0.966231E+007
  1584.65        85897.6        3289.73       0.221821E-004   1257.88        7.30325        3.50837      -0.963952E+007
  1604.23        85897.6        3287.41       0.222162E-004   1259.57        7.29753        3.50562      -0.961530E+007
  1623.81        85897.6        3285.02       0.222350E-004   1261.23        7.29454        3.50418      -0.959310E+007
  1643.38        85897.6        3282.63       0.222634E-004   1262.85        7.28965        3.50183      -0.956957E+007
  1662.96        85897.6        3280.78       0.222238E-004   1264.30        7.29895        3.50630      -0.955144E+007
  1682.54        85897.6        3278.60       0.222051E-004   1265.78        7.30298        3.50824      -0.953068E+007
  1702.12        85897.6        3276.95       0.221263E-004   1267.11        7.31994        3.51638      -0.951454E+007
  1721.69        85897.6        3275.82       0.219916E-004   1268.27        7.34758        3.52966      -0.950121E+007
  1741.27        85897.6        3275.54       0.217814E-004   1269.20        7.39107        3.55055      -0.949182E+007
  1760.85        85897.6        3276.52       0.214652E-004   1269.85        7.45779        3.58261      -0.948744E+007
  1780.42        85897.6        3276.24       0.212844E-004   1270.66        7.50445        3.60502      -0.948389E+007
  1800.00        85897.6        3276.63       0.210962E-004   1271.29        7.55547        3.62953      -0.948084E+007
  273.000        87179.6        3803.34       0.165352E-004   670.859        8.59197        4.12745      -0.109368E+008
  292.577        87179.6        3802.11       0.173101E-004   718.865        8.59009        4.12655      -0.109230E+008
  312.154        87179.6        3800.83       0.179841E-004   760.065        8.58805        4.12557      -0.109081E+008
  331.731        87179.6        3799.53       0.185733E-004   795.835        8.58594        4.12455      -0.108929E+008
  351.308        87179.6        3798.13       0.190912E-004   827.190        8.58356        4.12341      -0.108770E+008
  370.885        87179.6        3796.78       0.195491E-004   854.921        8.58108        4.12222      -0.108604E+008
  390.462        87179.6        3795.26       0.199560E-004   879.632        8.57837        4.12092      -0.108434E+008
  410.038        87179.6        3793.72       0.203196E-004   901.809        8.57527        4.11942      -0.108259E+008
  429.615        87179.6        3792.22       0.206465E-004   921.830        8.57236        4.11803      -0.108080E+008
  449.192        87179.6        3790.58       0.209416E-004   940.014        8.56838        4.11612      -0.107896E+008
  468.769        87179.6        3788.97       0.212098E-004   956.605        8.56537        4.11467      -0.107711E+008
  488.346        87179.6        3787.21       0.214542E-004   971.820        8.56128        4.11270      -0.107521E+008
  507.923        87179.6        3785.44       0.216783E-004   985.831        8.55712        4.11071      -0.107328E+008
  527.500        87179.6        3782.44       0.218804E-004   998.786        8.54751        4.10609      -0.107129E+008
  547.077        87179.6        3781.56       0.220759E-004   1010.80        8.54723        4.10596      -0.106933E+008
  566.654        87179.6        3778.16       0.222465E-004   1021.98        8.53602        4.10057      -0.106730E+008
  586.231        87179.6        3777.22       0.224157E-004   1032.42        8.53539        4.10027      -0.106529E+008
  605.808        87179.6        3773.59       0.225638E-004   1042.21        8.52298        4.09431      -0.106320E+008
  625.385        87179.6        3772.26       0.227120E-004   1051.38        8.52081        4.09327      -0.106115E+008
  644.962        87179.6        3769.14       0.228445E-004   1060.02        8.51073        4.08842      -0.105904E+008
  664.538        87179.6        3766.45       0.229717E-004   1068.17        8.50263        4.08453      -0.105693E+008
  684.115        87179.6        3762.87       0.230883E-004   1075.87        8.49051        4.07871      -0.105477E+008
  703.692        87179.6        3759.45       0.231999E-004   1083.16        8.47936        4.07335      -0.105261E+008
  723.269        87179.6        3754.13       0.232977E-004   1090.09        8.45994        4.06402      -0.105038E+008
  742.846        87179.6        3750.63       0.233984E-004   1096.66        8.44845        4.05850      -0.104820E+008
  762.423        87179.6        3745.20       0.234860E-004   1102.93        8.42874        4.04904      -0.104595E+008
  782.000        87179.6        3742.91       0.235842E-004   1108.91        8.42180        4.04570      -0.104375E+008
  801.577        87179.6        3740.93       0.236805E-004   1114.61        8.41606        4.04295      -0.104153E+008
  821.154        87179.6        3738.92       0.237737E-004   1120.07        8.41019        4.04012      -0.103931E+008
  840.731        87179.6        3736.90       0.238639E-004   1125.30        8.40414        4.03722      -0.103707E+008
  860.308        87179.6        3734.85       0.239514E-004   1130.31        8.39792        4.03423      -0.103482E+008
  879.885        87179.6        3695.63       0.240746E-004   1147.41        8.44886        4.05870      -0.106773E+008
  899.462        87179.6        3694.22       0.241509E-004   1151.95        8.44005        4.05447      -0.106509E+008
  919.038        87179.6        3693.29       0.242236E-004   1156.25        8.43242        4.05080      -0.106243E+008
  938.615        87179.6        3691.40       0.242970E-004   1160.52        8.42200        4.04580      -0.105977E+008
  958.192        87179.6        3690.77       0.243700E-004   1164.45        8.41503        4.04245      -0.105708E+008
  977.769        87179.6        3688.54       0.244360E-004   1168.45        8.40355        4.03693      -0.105439E+008
  997.346        87179.6        3687.09       0.245031E-004   1172.21        8.39419        4.03244      -0.105169E+008
  1016.92        87179.6        3675.34       0.243970E-004   1175.72        8.36649        4.01913      -0.104887E+008
  1036.50        87179.6        3674.42       0.244592E-004   1179.08        8.35928        4.01567      -0.104619E+008
  1056.08        87179.6        3672.99       0.245229E-004   1182.47        8.35029        4.01135      -0.104349E+008
  1075.65        87179.6        3670.73       0.245894E-004   1185.96        8.33883        4.00584      -0.104083E+008
  1095.23        87179.6        3669.82       0.246492E-004   1189.00        8.33147        4.00231      -0.103810E+008
  1114.81        87179.6        3667.60       0.247138E-004   1192.25        8.32000        3.99680      -0.103537E+008
  1134.38        87179.6        3665.49       0.247783E-004   1195.39        8.30913        3.99158      -0.103268E+008
  1153.96        87179.6        3664.00       0.248375E-004   1198.27        8.30116        3.98775      -0.103006E+008
  1173.54        87179.6        3661.98       0.248999E-004   1201.22        8.29010        3.98243      -0.102731E+008
  1193.12        87179.6        3659.56       0.249623E-004   1204.10        8.27990        3.97753      -0.102472E+008
  1212.69        87179.6        3658.20       0.250207E-004   1206.76        8.27092        3.97322      -0.102197E+008
  1232.27        87179.6        3656.17       0.250809E-004   1209.44        8.26126        3.96858      -0.101932E+008
  1251.85        87179.6        3654.14       0.251408E-004   1212.05        8.25159        3.96394      -0.101667E+008
  1271.42        87179.6        3652.00       0.252008E-004   1214.62        8.24186        3.95926      -0.101403E+008
  1291.00        87179.6        3652.16       0.254276E-004   1215.33        8.12747        3.90431      -0.101028E+008
  1310.58        87179.6        3655.60       0.256841E-004   1215.08        7.98691        3.83679      -0.100576E+008
  1330.15        87179.6        3652.64       0.257458E-004   1217.60        7.97829        3.83265      -0.100321E+008
  1349.73        87179.6        3649.64       0.258070E-004   1220.06        7.96972        3.82853      -0.100067E+008
  1369.31        87179.6        3319.24       0.217611E-004   1235.01        7.37962        3.54505      -0.986444E+007
  1388.88        87179.6        3317.25       0.218013E-004   1237.24        7.37356        3.54215      -0.983905E+007
  1408.46        87179.6        3315.24       0.218421E-004   1239.41        7.36754        3.53925      -0.981385E+007
  1428.04        87179.6        3313.22       0.218803E-004   1241.52        7.36132        3.53626      -0.978813E+007
  1447.62        87179.6        3311.05       0.219206E-004   1243.61        7.35535        3.53340      -0.976376E+007
  1467.19        87179.6        3308.90       0.219587E-004   1245.63        7.34919        3.53044      -0.973886E+007
  1486.77        87179.6        3306.69       0.219966E-004   1247.61        7.34305        3.52749      -0.971423E+007
  1506.35        87179.6        3302.86       0.219718E-004   1250.47        7.33620        3.52420      -0.969937E+007
  1525.92        87179.6        3300.61       0.220068E-004   1252.34        7.33056        3.52149      -0.967514E+007
  1545.50        87179.6        3298.30       0.220405E-004   1254.17        7.32492        3.51878      -0.965108E+007
  1565.08        87179.6        3295.99       0.220743E-004   1255.96        7.31927        3.51606      -0.962698E+007
  1584.65        87179.6        3293.63       0.221059E-004   1257.71        7.31382        3.51344      -0.960318E+007
  1604.23        87179.6        3291.26       0.221376E-004   1259.41        7.30835        3.51082      -0.957935E+007
  1623.81        87179.6        3288.87       0.221645E-004   1261.07        7.30370        3.50858      -0.955597E+007
  1643.38        87179.6        3286.49       0.221915E-004   1262.68        7.29903        3.50634      -0.953255E+007
  1662.96        87179.6        3284.21       0.221967E-004   1264.23        7.29863        3.50615      -0.951080E+007
  1682.54        87179.6        3281.92       0.222014E-004   1265.73        7.29824        3.50596      -0.948907E+007
  1702.12        87179.6        3280.17       0.221233E-004   1267.07        7.31457        3.51381      -0.947237E+007
  1721.69        87179.6        3278.68       0.220007E-004   1268.32        7.33951        3.52578      -0.945778E+007
  1741.27        87179.6        3277.92       0.218246E-004   1269.34        7.37558        3.54311      -0.944635E+007
  1760.85        87179.6        3277.69       0.215807E-004   1270.23        7.42532        3.56701      -0.943746E+007
  1780.42        87179.6        3277.61       0.213428E-004   1271.03        7.47916        3.59287      -0.943255E+007
  1800.00        87179.6        3277.14       0.211791E-004   1271.82        7.52228        3.61358      -0.942716E+007
  273.000        88461.7        3839.91       0.160674E-004   668.897        8.70324        4.18090      -0.109056E+008
  292.577        88461.7        3824.93       0.170075E-004   717.744        8.65943        4.15986      -0.108908E+008
  312.154        88461.7        3803.63       0.179303E-004   759.724        8.59763        4.13017      -0.108746E+008
  331.731        88461.7        3802.31       0.185178E-004   795.515        8.59551        4.12915      -0.108594E+008
  351.308        88461.7        3801.02       0.190343E-004   826.894        8.59331        4.12809      -0.108434E+008
  370.885        88461.7        3799.65       0.194908E-004   854.642        8.59093        4.12695      -0.108269E+008
  390.462        88461.7        3798.11       0.198963E-004   879.369        8.58803        4.12556      -0.108099E+008
  410.038        88461.7        3796.75       0.202593E-004   901.562        8.58533        4.12426      -0.107924E+008
  429.615        88461.7        3794.81       0.205840E-004   921.597        8.58081        4.12209      -0.107744E+008
  449.192        88461.7        3792.87       0.208770E-004   939.790        8.57600        4.11978      -0.107561E+008
  468.769        88461.7        3790.62       0.211424E-004   956.393        8.56985        4.11682      -0.107373E+008
  488.346        88461.7        3790.26       0.213903E-004   971.618        8.57165        4.11769      -0.107186E+008
  507.923        88461.7        3788.68       0.216144E-004   985.636        8.56827        4.11607      -0.106994E+008
  527.500        88461.7        3785.13       0.218136E-004   998.597        8.55646        4.11039      -0.106794E+008
  547.077        88461.7        3783.80       0.220059E-004   1010.62        8.55412        4.10927      -0.106597E+008
  566.654        88461.7        3783.24       0.221883E-004   1021.81        8.55476        4.10957      -0.106398E+008
  586.231        88461.7        3779.28       0.223443E-004   1032.26        8.54146        4.10318      -0.106192E+008
  605.808        88461.7        3778.36       0.225025E-004   1042.04        8.54022        4.10259      -0.105988E+008
  625.385        88461.7        3773.78       0.226365E-004   1051.22        8.52450        4.09504      -0.105776E+008
  644.962        88461.7        3773.35       0.227798E-004   1059.86        8.52584        4.09568      -0.105571E+008
  664.538        88461.7        3771.34       0.229094E-004   1068.01        8.52050        4.09311      -0.105361E+008
  684.115        88461.7        3768.04       0.230267E-004   1075.72        8.50920        4.08769      -0.105144E+008
  703.692        88461.7        3765.16       0.231404E-004   1083.01        8.50046        4.08349      -0.104929E+008
  723.269        88461.7        3760.17       0.232383E-004   1089.94        8.48236        4.07479      -0.104708E+008
  742.846        88461.7        3757.89       0.233444E-004   1096.51        8.47608        4.07178      -0.104492E+008
  762.423        88461.7        3754.58       0.234416E-004   1102.78        8.46524        4.06657      -0.104271E+008
  782.000        88461.7        3749.90       0.235281E-004   1108.75        8.44862        4.05859      -0.104047E+008
  801.577        88461.7        3744.53       0.236078E-004   1114.46        8.42912        4.04922      -0.103819E+008
  821.154        88461.7        3741.98       0.236977E-004   1119.92        8.42102        4.04533      -0.103596E+008
  840.731        88461.7        3739.96       0.237874E-004   1125.15        8.41503        4.04245      -0.103372E+008
  860.308        88461.7        3737.91       0.238744E-004   1130.16        8.40879        4.03945      -0.103147E+008
  879.885        88461.7        3702.06       0.240023E-004   1146.95        8.46979        4.06875      -0.106483E+008
  899.462        88461.7        3702.24       0.240824E-004   1151.31        8.46531        4.06660      -0.106226E+008
  919.038        88461.7        3701.19       0.241573E-004   1155.62        8.45728        4.06275      -0.105961E+008
  938.615        88461.7        3698.35       0.242247E-004   1160.00        8.44451        4.05661      -0.105695E+008
  958.192        88461.7        3698.13       0.242979E-004   1163.88        8.43838        4.05367      -0.105428E+008
  977.769        88461.7        3694.77       0.243594E-004   1168.04        8.42403        4.04677      -0.105160E+008
  997.346        88461.7        3691.76       0.244195E-004   1172.00        8.41031        4.04018      -0.104891E+008
  1016.92        88461.7        3690.09       0.244837E-004   1175.66        8.40031        4.03538      -0.104621E+008
  1036.50        88461.7        3688.22       0.245463E-004   1179.22        8.38978        4.03032      -0.104351E+008
  1056.08        88461.7        3686.48       0.246085E-004   1182.65        8.37968        4.02547      -0.104080E+008
  1075.65        88461.7        3684.58       0.246695E-004   1185.99        8.36919        4.02043      -0.103809E+008
  1095.23        88461.7        3682.73       0.247301E-004   1189.22        8.35897        4.01552      -0.103538E+008
  1114.81        88461.7        3680.46       0.247905E-004   1192.40        8.34812        4.01031      -0.103268E+008
  1134.38        88461.7        3669.60       0.246780E-004   1195.22        8.32364        3.99855      -0.102990E+008
  1153.96        88461.7        3667.90       0.247384E-004   1198.17        8.31419        3.99401      -0.102721E+008
  1173.54        88461.7        3666.12       0.247987E-004   1201.05        8.30474        3.98947      -0.102454E+008
  1193.12        88461.7        3664.28       0.248587E-004   1203.86        8.29524        3.98490      -0.102187E+008
  1212.69        88461.7        3662.39       0.249183E-004   1206.60        8.28570        3.98032      -0.101920E+008
  1232.27        88461.7        3660.43       0.249779E-004   1209.27        8.27618        3.97575      -0.101654E+008
  1251.85        88461.7        3658.53       0.250364E-004   1211.84        8.26625        3.97098      -0.101381E+008
  1271.42        88461.7        3656.30       0.250968E-004   1214.44        8.25700        3.96653      -0.101125E+008
  1291.00        88461.7        3657.59       0.253693E-004   1214.66        8.11895        3.90022      -0.100713E+008
  1310.58        88461.7        3660.20       0.255981E-004   1214.89        8.00268        3.84436      -0.100292E+008
  1330.15        88461.7        3657.25       0.256594E-004   1217.39        7.99391        3.84015      -0.100034E+008
  1349.73        88461.7        3654.37       0.257202E-004   1219.84        7.98551        3.83611      -0.997778E+007
  1369.31        88461.7        3651.41       0.257807E-004   1222.25        7.97701        3.83203      -0.995234E+007
  1388.88        88461.7        3648.40       0.258407E-004   1224.61        7.96853        3.82796      -0.992708E+007
  1408.46        88461.7        3318.68       0.217595E-004   1239.33        7.37931        3.54491      -0.978064E+007
  1428.04        88461.7        3316.65       0.217991E-004   1241.44        7.37326        3.54200      -0.975536E+007
  1447.62        88461.7        3314.73       0.218375E-004   1243.47        7.36701        3.53900      -0.972902E+007
  1467.19        88461.7        3312.31       0.218742E-004   1245.56        7.36097        3.53610      -0.970573E+007
  1486.77        88461.7        3310.31       0.219139E-004   1247.49        7.35490        3.53318      -0.968022E+007
  1506.35        88461.7        3308.10       0.219510E-004   1249.42        7.34873        3.53022      -0.965545E+007
  1525.92        88461.7        3304.28       0.219262E-004   1252.22        7.34183        3.52690      -0.964042E+007
  1545.50        88461.7        3302.04       0.219605E-004   1254.04        7.33618        3.52418      -0.961607E+007
  1565.08        88461.7        3299.76       0.219938E-004   1255.81        7.33056        3.52149      -0.959184E+007
  1584.65        88461.7        3297.38       0.220246E-004   1257.57        7.32517        3.51890      -0.956812E+007
  1604.23        88461.7        3295.10       0.220579E-004   1259.25        7.31951        3.51618      -0.954371E+007
  1623.81        88461.7        3292.71       0.220838E-004   1260.90        7.31496        3.51399      -0.952040E+007
  1643.38        88461.7        3290.38       0.221145E-004   1262.51        7.30960        3.51142      -0.949627E+007
  1662.96        88461.7        3288.10       0.221194E-004   1264.05        7.30923        3.51124      -0.947452E+007
  1682.54        88461.7        3285.73       0.221412E-004   1265.58        7.30534        3.50937      -0.945113E+007
  1702.12        88461.7        3283.62       0.221076E-004   1266.99        7.31235        3.51274      -0.943137E+007
  1721.69        88461.7        3281.87       0.219906E-004   1268.30        7.33585        3.52403      -0.941593E+007
  1741.27        88461.7        3280.41       0.218626E-004   1269.47        7.36119        3.53620      -0.940121E+007
  1760.85        88461.7        3279.84       0.216400E-004   1270.42        7.40605        3.55775      -0.939089E+007
  1780.42        88461.7        3279.55       0.213835E-004   1271.28        7.45930        3.58333      -0.938307E+007
  1800.00        88461.7        3278.53       0.212343E-004   1272.19        7.49766        3.60176      -0.937640E+007
  273.000        89743.7        3852.37       0.158971E-004   668.066        8.74381        4.20039      -0.108733E+008
  292.577        89743.7        3844.76       0.167408E-004   716.748        8.72181        4.18982      -0.108591E+008
  312.154        89743.7        3833.49       0.175336E-004   758.527        8.68887        4.17400      -0.108437E+008
  331.731        89743.7        3816.00       0.183239E-004   794.886        8.63763        4.14938      -0.108269E+008
  351.308        89743.7        3803.79       0.189777E-004   826.594        8.60286        4.13268      -0.108099E+008
  370.885        89743.7        3802.52       0.194331E-004   854.363        8.60065        4.13162      -0.107934E+008
  390.462        89743.7        3801.02       0.198374E-004   879.106        8.59799        4.13034      -0.107764E+008
  410.038        89743.7        3799.63       0.201992E-004   901.312        8.59523        4.12901      -0.107589E+008
  429.615        89743.7        3798.13       0.205241E-004   921.362        8.59252        4.12771      -0.107411E+008
  449.192        89743.7        3796.10       0.208159E-004   939.568        8.58705        4.12509      -0.107226E+008
  468.769        89743.7        3795.10       0.210845E-004   956.180        8.58636        4.12476      -0.107042E+008
  488.346        89743.7        3793.51       0.213278E-004   971.415        8.58291        4.12310      -0.106852E+008
  507.923        89743.7        3791.90       0.215510E-004   985.441        8.57939        4.12140      -0.106659E+008
  527.500        89743.7        3789.87       0.217547E-004   998.413        8.57354        4.11859      -0.106462E+008
  547.077        89743.7        3788.49       0.219465E-004   1010.44        8.57138        4.11756      -0.106266E+008
  566.654        89743.7        3786.68       0.221227E-004   1021.64        8.56622        4.11508      -0.106064E+008
  586.231        89743.7        3784.79       0.222873E-004   1032.09        8.56211        4.11311      -0.105863E+008
  605.808        89743.7        3779.50       0.224266E-004   1041.88        8.54278        4.10382      -0.105650E+008
  625.385        89743.7        3780.73       0.225850E-004   1051.06        8.55122        4.10787      -0.105450E+008
  644.962        89743.7        3778.48       0.227202E-004   1059.70        8.54478        4.10478      -0.105241E+008
  664.538        89743.7        3776.21       0.228481E-004   1067.85        8.53831        4.10167      -0.105029E+008
  684.115        89743.7        3773.45       0.229673E-004   1075.56        8.52970        4.09753      -0.104815E+008
  703.692        89743.7        3771.09       0.230825E-004   1082.86        8.52277        4.09421      -0.104601E+008
  723.269        89743.7        3767.13       0.231852E-004   1089.78        8.50914        4.08766      -0.104381E+008
  742.846        89743.7        3765.14       0.232921E-004   1096.36        8.50375        4.08507      -0.104165E+008
  762.423        89743.7        3760.00       0.233797E-004   1102.63        8.48506        4.07609      -0.103940E+008
  782.000        89743.7        3758.04       0.234792E-004   1108.60        8.47988        4.07360      -0.103721E+008
  801.577        89743.7        3752.49       0.235570E-004   1114.31        8.45948        4.06380      -0.103493E+008
  821.154        89743.7        3749.26       0.236436E-004   1119.77        8.44898        4.05876      -0.103269E+008
  840.731        89743.7        3743.96       0.237164E-004   1124.99        8.42973        4.04951      -0.103039E+008
  860.308        89743.7        3740.99       0.237983E-004   1130.01        8.41983        4.04476      -0.102813E+008
  879.885        89743.7        3735.37       0.239796E-004   1145.82        8.57325        4.11845      -0.106213E+008
  899.462        89743.7        3710.87       0.240162E-004   1150.57        8.49185        4.07935      -0.105941E+008
  919.038        89743.7        3709.38       0.240909E-004   1154.94        8.48314        4.07517      -0.105681E+008
  938.615        89743.7        3705.29       0.241539E-004   1159.49        8.46702        4.06742      -0.105414E+008
  958.192        89743.7        3705.33       0.242265E-004   1163.34        8.46156        4.06480      -0.105151E+008
  977.769        89743.7        3700.99       0.242842E-004   1167.62        8.44450        4.05661      -0.104882E+008
  997.346        89743.7        3701.16       0.243547E-004   1171.17        8.43933        4.05412      -0.104617E+008
  1016.92        89743.7        3698.06       0.244099E-004   1175.02        8.42488        4.04718      -0.104347E+008
  1036.50        89743.7        3695.56       0.244735E-004   1178.66        8.41333        4.04163      -0.104078E+008
  1056.08        89743.7        3693.04       0.245316E-004   1182.20        8.40105        4.03573      -0.103808E+008
  1075.65        89743.7        3692.04       0.245943E-004   1185.42        8.39283        4.03178      -0.103539E+008
  1095.23        89743.7        3688.79       0.246492E-004   1188.85        8.37882        4.02505      -0.103268E+008
  1114.81        89743.7        3687.49       0.247116E-004   1191.89        8.37032        4.02097      -0.102998E+008
  1134.38        89743.7        3684.45       0.247659E-004   1195.10        8.35715        4.01464      -0.102728E+008
  1153.96        89743.7        3682.36       0.248237E-004   1198.09        8.34659        4.00957      -0.102458E+008
  1173.54        89743.7        3680.24       0.248814E-004   1200.99        8.33617        4.00457      -0.102188E+008
  1193.12        89743.7        3678.10       0.249389E-004   1203.81        8.32577        3.99957      -0.101919E+008
  1212.69        89743.7        3675.89       0.249966E-004   1206.57        8.31552        3.99464      -0.101651E+008
  1232.27        89743.7        3664.73       0.248754E-004   1209.09        8.29086        3.98280      -0.101374E+008
  1251.85        89743.7        3662.73       0.249344E-004   1211.70        8.28139        3.97825      -0.101109E+008
  1271.42        89743.7        3660.87       0.250114E-004   1214.09        8.26174        3.96881      -0.100834E+008
  1291.00        89743.7        3663.35       0.253234E-004   1213.87        8.10524        3.89363      -0.100389E+008
  1310.58        89743.7        3664.69       0.255130E-004   1214.71        8.01817        3.85180      -0.100007E+008
  1330.15        89743.7        3661.84       0.255741E-004   1217.20        8.00951        3.84764      -0.997473E+007
  1349.73        89743.7        3658.86       0.256341E-004   1219.66        8.00069        3.84341      -0.994890E+007
  1369.31        89743.7        3656.07       0.256946E-004   1222.04        7.99248        3.83946      -0.992323E+007
  1388.88        89743.7        3653.14       0.257542E-004   1224.39        7.98406        3.83542      -0.989772E+007
  1408.46        89743.7        3650.17       0.258135E-004   1226.69        7.97566        3.83139      -0.987239E+007
  1428.04        89743.7        3647.17       0.258725E-004   1228.95        7.96727        3.82735      -0.984721E+007
  1447.62        89743.7        3318.10       0.217561E-004   1243.40        7.37893        3.54472      -0.969658E+007
  1467.19        89743.7        3316.01       0.217939E-004   1245.42        7.37281        3.54179      -0.967145E+007
  1486.77        89743.7        3313.91       0.218320E-004   1247.37        7.36671        3.53886      -0.964626E+007
  1506.35        89743.7        3311.74       0.218687E-004   1249.29        7.36056        3.53590      -0.962135E+007
  1525.92        89743.7        3309.56       0.219054E-004   1251.16        7.35441        3.53294      -0.959640E+007
  1545.50        89743.7        3305.74       0.218805E-004   1253.91        7.34743        3.52959      -0.958120E+007
  1565.08        89743.7        3303.51       0.219142E-004   1255.67        7.34180        3.52689      -0.955673E+007
  1584.65        89743.7        3301.23       0.219466E-004   1257.40        7.33622        3.52421      -0.953244E+007
  1604.23        89743.7        3298.94       0.219791E-004   1259.08        7.33062        3.52152      -0.950810E+007
  1623.81        89743.7        3296.60       0.220087E-004   1260.73        7.32537        3.51900      -0.948408E+007
  1643.38        89743.7        3294.26       0.220384E-004   1262.34        7.32011        3.51647      -0.946003E+007
  1662.96        89743.7        3291.90       0.220599E-004   1263.90        7.31627        3.51462      -0.943665E+007
  1682.54        89743.7        3289.54       0.220815E-004   1265.42        7.31241        3.51277      -0.941324E+007
  1702.12        89743.7        3287.43       0.220352E-004   1266.83        7.32175        3.51726      -0.939380E+007
  1721.69        89743.7        3285.30       0.219856E-004   1268.22        7.33161        3.52199      -0.937453E+007
  1741.27        89743.7        3283.49       0.218672E-004   1269.48        7.35459        3.53303      -0.935860E+007
  1760.85        89743.7        3282.15       0.217025E-004   1270.58        7.38684        3.54852      -0.934512E+007
  1780.42        89743.7        3281.53       0.214556E-004   1271.51        7.43615        3.57221      -0.933510E+007
  1800.00        89743.7        3280.44       0.212726E-004   1272.45        7.47815        3.59239      -0.932737E+007
  273.000        91025.7        3859.57       0.157910E-004   667.476        8.76868        4.21234      -0.108407E+008
  292.577        91025.7        3854.93       0.165947E-004   716.114        8.75565        4.20608      -0.108267E+008
  312.154        91025.7        3848.48       0.173240E-004   757.804        8.73708        4.19716      -0.108117E+008
  331.731        91025.7        3839.42       0.180046E-004   793.993        8.71060        4.18444      -0.107957E+008
  351.308        91025.7        3826.37       0.186673E-004   825.769        8.67221        4.16599      -0.107785E+008
  370.885        91025.7        3806.54       0.193588E-004   854.049        8.61398        4.13802      -0.107601E+008
  390.462        91025.7        3803.88       0.197788E-004   878.844        8.60768        4.13500      -0.107430E+008
  410.038        91025.7        3802.48       0.201394E-004   901.065        8.60511        4.13376      -0.107255E+008
  429.615        91025.7        3801.06       0.204637E-004   921.129        8.60211        4.13232      -0.107075E+008
  449.192        91025.7        3799.31       0.207554E-004   939.347        8.59803        4.13036      -0.106892E+008
  468.769        91025.7        3798.03       0.210220E-004   955.971        8.59608        4.12942      -0.106707E+008
  488.346        91025.7        3796.50       0.212649E-004   971.214        8.59301        4.12795      -0.106517E+008
  507.923        91025.7        3795.00       0.214877E-004   985.250        8.58989        4.12645      -0.106325E+008
  527.500        91025.7        3793.05       0.216911E-004   998.225        8.58450        4.12386      -0.106128E+008
  547.077        91025.7        3791.03       0.218798E-004   1010.26        8.57943        4.12142      -0.105930E+008
  566.654        91025.7        3786.98       0.220457E-004   1021.46        8.56547        4.11472      -0.105724E+008
  586.231        91025.7        3787.26       0.222189E-004   1031.92        8.56980        4.11680      -0.105526E+008
  605.808        91025.7        3784.42       0.223677E-004   1041.71        8.56083        4.11249      -0.105319E+008
  625.385        91025.7        3781.65       0.225076E-004   1050.90        8.55211        4.10830      -0.105110E+008
  644.962        91025.7        3782.12       0.226546E-004   1059.55        8.55733        4.11081      -0.104907E+008
  664.538        91025.7        3780.26       0.227838E-004   1067.70        8.55254        4.10851      -0.104697E+008
  684.115        91025.7        3771.88       0.228757E-004   1075.42        8.52019        4.09297      -0.104469E+008
  703.692        91025.7        3773.14       0.230079E-004   1082.71        8.52860        4.09701      -0.104263E+008
  723.269        91025.7        3772.09       0.231231E-004   1089.64        8.52658        4.09604      -0.104049E+008
  742.846        91025.7        3770.31       0.232310E-004   1096.22        8.52255        4.09410      -0.103834E+008
  762.423        91025.7        3766.88       0.233264E-004   1102.48        8.51105        4.08858      -0.103613E+008
  782.000        91025.7        3764.14       0.234215E-004   1108.46        8.50248        4.08446      -0.103392E+008
  801.577        91025.7        3760.28       0.235070E-004   1114.17        8.48871        4.07784      -0.103166E+008
  821.154        91025.7        3756.53       0.235904E-004   1119.63        8.47612        4.07179      -0.102941E+008
  840.731        91025.7        3753.36       0.236740E-004   1124.84        8.46605        4.06696      -0.102717E+008
  860.308        91025.7        3748.74       0.237471E-004   1129.86        8.44959        4.05905      -0.102487E+008
  879.885        91025.7        3786.39       0.240185E-004   1144.08        8.74295        4.19998      -0.105997E+008
  899.462        91025.7        3780.07       0.240871E-004   1148.84        8.71948        4.18870      -0.105732E+008
  919.038        91025.7        3771.58       0.241490E-004   1153.50        8.68860        4.17387      -0.105461E+008
  938.615        91025.7        3763.00       0.242004E-004   1157.97        8.65528        4.15786      -0.105183E+008
  958.192        91025.7        3733.51       0.242065E-004   1162.38        8.55241        4.10844      -0.104893E+008
  977.769        91025.7        3712.22       0.242271E-004   1166.55        8.47853        4.07295      -0.104613E+008
  997.346        91025.7        3709.14       0.242864E-004   1170.52        8.46466        4.06629      -0.104345E+008
  1016.92        91025.7        3706.31       0.243451E-004   1174.34        8.45143        4.05994      -0.104076E+008
  1036.50        91025.7        3702.89       0.244023E-004   1178.11        8.43689        4.05295      -0.103806E+008
  1056.08        91025.7        3702.28       0.244653E-004   1181.39        8.42952        4.04941      -0.103540E+008
  1075.65        91025.7        3700.57       0.245268E-004   1184.70        8.41970        4.04469      -0.103271E+008
  1095.23        91025.7        3696.94       0.245775E-004   1188.18        8.40420        4.03725      -0.102999E+008
  1114.81        91025.7        3696.64       0.246475E-004   1191.07        8.39933        4.03491      -0.102734E+008
  1134.38        91025.7        3694.11       0.247030E-004   1194.21        8.38744        4.02919      -0.102465E+008
  1153.96        91025.7        3688.89       0.247426E-004   1197.65        8.36733        4.01954      -0.102188E+008
  1173.54        91025.7        3686.56       0.247986E-004   1200.58        8.35630        4.01424      -0.101918E+008
  1193.12        91025.7        3684.03       0.248583E-004   1203.45        8.34604        4.00931      -0.101654E+008
  1212.69        91025.7        3683.89       0.249299E-004   1205.88        8.34275        4.00773      -0.101391E+008
  1232.27        91025.7        3678.64       0.249819E-004   1208.98        8.32631        3.99983      -0.101133E+008
  1251.85        91025.7        3675.93       0.250428E-004   1211.64        8.31626        3.99500      -0.100872E+008
  1271.42        91025.7        3675.45       0.251333E-004   1213.60        8.27303        3.97424      -0.100545E+008
  1291.00        91025.7        3678.72       0.254753E-004   1213.01        8.09903        3.89065      -0.100066E+008
  1310.58        91025.7        3677.81       0.256052E-004   1214.61        8.04565        3.86500      -0.997342E+007
  1330.15        91025.7        3666.29       0.254897E-004   1217.03        8.02469        3.85494      -0.994605E+007
  1349.73        91025.7        3663.46       0.255499E-004   1219.46        8.01610        3.85081      -0.992003E+007
  1369.31        91025.7        3660.61       0.256096E-004   1221.85        8.00763        3.84674      -0.989416E+007
  1388.88        91025.7        3657.74       0.256689E-004   1224.18        7.99923        3.84271      -0.986845E+007
  1408.46        91025.7        3654.84       0.257277E-004   1226.48        7.99088        3.83870      -0.984288E+007
  1428.04        91025.7        3651.91       0.257863E-004   1228.72        7.98257        3.83470      -0.981747E+007
  1447.62        91025.7        3648.94       0.258445E-004   1230.93        7.97426        3.83071      -0.979221E+007
  1467.19        91025.7        3645.94       0.259026E-004   1233.10        7.96596        3.82672      -0.976710E+007
  1486.77        91025.7        3317.51       0.217507E-004   1247.25        7.37846        3.54450      -0.961226E+007
  1506.35        91025.7        3315.40       0.217877E-004   1249.15        7.37234        3.54156      -0.958710E+007
  1525.92        91025.7        3313.22       0.218238E-004   1251.02        7.36619        3.53860      -0.956212E+007
  1545.50        91025.7        3311.04       0.218598E-004   1252.84        7.36004        3.53565      -0.953711E+007
  1565.08        91025.7        3308.81       0.218948E-004   1254.62        7.35389        3.53270      -0.951230E+007
  1584.65        91025.7        3305.01       0.218680E-004   1257.25        7.34740        3.52957      -0.949716E+007
  1604.23        91025.7        3302.75       0.218999E-004   1258.93        7.34182        3.52690      -0.947272E+007
  1623.81        91025.7        3300.44       0.219301E-004   1260.57        7.33649        3.52434      -0.944848E+007
  1643.38        91025.7        3298.14       0.219604E-004   1262.17        7.33108        3.52174      -0.942417E+007
  1662.96        91025.7        3295.78       0.219816E-004   1263.73        7.32727        3.51991      -0.940079E+007
  1682.54        91025.7        3293.45       0.220088E-004   1265.24        7.32232        3.51753      -0.937662E+007
  1702.12        91025.7        3291.33       0.219606E-004   1266.65        7.33215        3.52225      -0.935741E+007
  1721.69        91025.7        3289.04       0.219213E-004   1268.07        7.33946        3.52576      -0.933666E+007
  1741.27        91025.7        3286.81       0.218554E-004   1269.43        7.35170        3.53164      -0.931736E+007
  1760.85        91025.7        3285.08       0.217243E-004   1270.62        7.37681        3.54371      -0.930177E+007
  1780.42        91025.7        3283.85       0.215199E-004   1271.66        7.41658        3.56281      -0.928935E+007
  1800.00        91025.7        3282.79       0.212972E-004   1272.62        7.46282        3.58502      -0.927985E+007
  273.000        92307.8        3865.10       0.157508E-004   667.043        8.78488        4.22012      -0.108079E+008
  292.577        92307.8        3862.24       0.165516E-004   715.697        8.77573        4.21573      -0.107941E+008
  312.154        92307.8        3858.22       0.172600E-004   757.396        8.76377        4.20998      -0.107793E+008
  331.731        92307.8        3852.65       0.178947E-004   793.548        8.74784        4.20233      -0.107636E+008
  351.308        92307.8        3844.93       0.184738E-004   825.221        8.72632        4.19199      -0.107470E+008
  370.885        92307.8        3834.08       0.190166E-004   853.222        8.69660        4.17771      -0.107295E+008
  390.462        92307.8        3818.78       0.195642E-004   878.258        8.65385        4.15718      -0.107109E+008
  410.038        92307.8        3805.35       0.200803E-004   900.820        8.61483        4.13843      -0.106921E+008
  429.615        92307.8        3803.95       0.204035E-004   920.895        8.61220        4.13717      -0.106742E+008
  449.192        92307.8        3802.58       0.206956E-004   939.127        8.60926        4.13575      -0.106558E+008
  468.769        92307.8        3801.08       0.209607E-004   955.761        8.60657        4.13446      -0.106373E+008
  488.346        92307.8        3799.59       0.212028E-004   971.013        8.60350        4.13299      -0.106183E+008
  507.923        92307.8        3798.09       0.214249E-004   985.058        8.60035        4.13147      -0.105991E+008
  527.500        92307.8        3796.47       0.216292E-004   998.041        8.59634        4.12955      -0.105795E+008
  547.077        92307.8        3794.96       0.218187E-004   1010.08        8.59343        4.12815      -0.105598E+008
  566.654        92307.8        3792.05       0.219892E-004   1021.29        8.58409        4.12367      -0.105394E+008
  586.231        92307.8        3791.66       0.221587E-004   1031.75        8.58566        4.12442      -0.105195E+008
  605.808        92307.8        3789.35       0.223097E-004   1041.55        8.57881        4.12112      -0.104989E+008
  625.385        92307.8        3788.12       0.224563E-004   1050.74        8.57683        4.12017      -0.104784E+008
  644.962        92307.8        3786.21       0.225919E-004   1059.39        8.57179        4.11776      -0.104575E+008
  664.538        92307.8        3784.30       0.227203E-004   1067.55        8.56672        4.11532      -0.104364E+008
  684.115        92307.8        3781.83       0.228399E-004   1075.26        8.55921        4.11171      -0.104151E+008
  703.692        92307.8        3780.12       0.229570E-004   1082.56        8.55502        4.10970      -0.103938E+008
  723.269        92307.8        3777.29       0.230639E-004   1089.49        8.54600        4.10536      -0.103720E+008
  742.846        92307.8        3775.47       0.231709E-004   1096.07        8.54131        4.10311      -0.103504E+008
  762.423        92307.8        3772.38       0.232674E-004   1102.34        8.53116        4.09824      -0.103283E+008
  782.000        92307.8        3770.22       0.233651E-004   1108.31        8.52505        4.09530      -0.103064E+008
  801.577        92307.8        3765.35       0.234448E-004   1114.03        8.50719        4.08672      -0.102836E+008
  821.154        92307.8        3764.18       0.235413E-004   1119.48        8.50542        4.08587      -0.102617E+008
  840.731        92307.8        3760.51       0.236214E-004   1124.70        8.49265        4.07974      -0.102390E+008
  860.308        92307.8        3757.04       0.237003E-004   1129.71        8.48121        4.07424      -0.102163E+008
  879.885        92307.8        3819.84       0.240443E-004   1141.08        8.85140        4.25207      -0.105785E+008
  899.462        92307.8        3811.63       0.241125E-004   1146.20        8.82451        4.23916      -0.105523E+008
  919.038        92307.8        3807.41       0.241859E-004   1150.34        8.80491        4.22974      -0.105260E+008
  938.615        92307.8        3791.42       0.242290E-004   1156.14        8.75729        4.20687      -0.104983E+008
  958.192        92307.8        3785.01       0.242877E-004   1160.40        8.73260        4.19501      -0.104714E+008
  977.769        92307.8        3773.10       0.243288E-004   1164.95        8.69027        4.17467      -0.104431E+008
  997.346        92307.8        3763.96       0.243687E-004   1168.96        8.65369        4.15710      -0.104149E+008
  1016.92        92307.8        3752.05       0.243929E-004   1172.90        8.60574        4.13406      -0.103856E+008
  1036.50        92307.8        3713.92       0.243438E-004   1177.05        8.47015        4.06893      -0.103541E+008
  1056.08        92307.8        3711.53       0.244010E-004   1180.57        8.45809        4.06314      -0.103273E+008
  1075.65        92307.8        3710.22       0.244643E-004   1183.83        8.45032        4.05940      -0.103011E+008
  1095.23        92307.8        3705.08       0.245076E-004   1187.51        8.42963        4.04947      -0.102731E+008
  1114.81        92307.8        3703.89       0.245696E-004   1190.54        8.42149        4.04555      -0.102464E+008
  1134.38        92307.8        3699.21       0.246147E-004   1193.98        8.40351        4.03691      -0.102190E+008
  1153.96        92307.8        3696.48       0.246680E-004   1197.06        8.39106        4.03093      -0.101920E+008
  1173.54        92307.8        3693.29       0.247253E-004   1200.09        8.37905        4.02517      -0.101654E+008
  1193.12        92307.8        3692.38       0.247944E-004   1202.71        8.37375        4.02262      -0.101396E+008
  1212.69        92307.8        3687.65       0.248488E-004   1205.80        8.35906        4.01556      -0.101133E+008
  1232.27        92307.8        3685.31       0.249113E-004   1208.47        8.35012        4.01127      -0.100872E+008
  1251.85        92307.8        3681.83       0.249688E-004   1211.24        8.33815        4.00552      -0.100611E+008
  1271.42        92307.8        3682.19       0.250925E-004   1212.81        8.26896        3.97228      -0.100245E+008
  1291.00        92307.8        3686.77       0.254768E-004   1211.78        8.07592        3.87955      -0.997300E+007
  1310.58        92307.8        3683.54       0.255322E-004   1214.32        8.06593        3.87475      -0.994619E+007
  1330.15        92307.8        3679.91       0.255857E-004   1216.86        8.05444        3.86923      -0.991942E+007
  1349.73        92307.8        3676.66       0.256405E-004   1219.29        8.04459        3.86450      -0.989286E+007
  1369.31        92307.8        3673.40       0.256950E-004   1221.68        8.03494        3.85986      -0.986665E+007
  1388.88        92307.8        3670.26       0.257497E-004   1224.03        8.02626        3.85569      -0.984134E+007
  1408.46        92307.8        3667.06       0.258043E-004   1226.29        8.01659        3.85105      -0.981459E+007
  1428.04        92307.8        3663.90       0.258589E-004   1228.53        8.00768        3.84676      -0.978881E+007
  1447.62        92307.8        3653.62       0.257590E-004   1230.72        7.98926        3.83792      -0.976234E+007
  1467.19        92307.8        3650.69       0.258166E-004   1232.87        7.98104        3.83397      -0.973701E+007
  1486.77        92307.8        3647.72       0.258739E-004   1234.99        7.97283        3.83002      -0.971182E+007
  1506.35        92307.8        3644.73       0.259311E-004   1237.07        7.96462        3.82608      -0.968678E+007
  1525.92        92307.8        3316.91       0.217435E-004   1250.88        7.37793        3.54424      -0.952771E+007
  1545.50        92307.8        3314.75       0.217791E-004   1252.69        7.37179        3.54129      -0.950259E+007
  1565.08        92307.8        3312.56       0.218143E-004   1254.46        7.36565        3.53834      -0.947758E+007
  1584.65        92307.8        3310.33       0.218486E-004   1256.19        7.35954        3.53541      -0.945271E+007
  1604.23        92307.8        3306.54       0.218216E-004   1258.78        7.35298        3.53226      -0.943737E+007
  1623.81        92307.8        3304.27       0.218525E-004   1260.41        7.34749        3.52962      -0.941288E+007
  1643.38        92307.8        3302.00       0.218834E-004   1262.00        7.34200        3.52698      -0.938836E+007
  1662.96        92307.8        3299.68       0.219101E-004   1263.55        7.33710        3.52463      -0.936421E+007
  1682.54        92307.8        3297.35       0.219369E-004   1265.07        7.33218        3.52226      -0.934003E+007
  1702.12        92307.8        3295.00       0.219410E-004   1266.54        7.33137        3.52188      -0.931730E+007
  1721.69        92307.8        3292.65       0.219445E-004   1267.97        7.33059        3.52150      -0.929457E+007
  1741.27        92307.8        3290.38       0.218396E-004   1269.33        7.35016        3.53090      -0.927691E+007
  1760.85        92307.8        3288.32       0.217268E-004   1270.59        7.37114        3.54098      -0.925981E+007
  1780.42        92307.8        3286.68       0.215513E-004   1271.71        7.40443        3.55697      -0.924552E+007
  1800.00        92307.8        3285.47       0.213140E-004   1272.73        7.45042        3.57907      -0.923369E+007
  273.000        93589.8        3905.56       0.161972E-004   662.638        8.97758        4.31269      -0.107760E+008
  292.577        93589.8        3869.16       0.166314E-004   715.481        8.78524        4.22030      -0.107613E+008
  312.154        93589.8        3866.30       0.173185E-004   757.211        8.77754        4.21659      -0.107466E+008
  331.731        93589.8        3862.54       0.179297E-004   793.409        8.76736        4.21170      -0.107311E+008
  351.308        93589.8        3857.61       0.184802E-004   825.126        8.75391        4.20524      -0.107148E+008
  370.885        93589.8        3851.08       0.189843E-004   853.180        8.73604        4.19666      -0.106977E+008
  390.462        93589.8        3842.34       0.194565E-004   878.194        8.71208        4.18515      -0.106799E+008
  410.038        93589.8        3830.34       0.199139E-004   900.672        8.67926        4.16938      -0.106611E+008
  429.615        93589.8        3813.68       0.203583E-004   920.942        8.63525        4.14824      -0.106415E+008
  449.192        93589.8        3805.46       0.206350E-004   938.906        8.61929        4.14057      -0.106225E+008
  468.769        93589.8        3804.04       0.208995E-004   955.552        8.61651        4.13924      -0.106039E+008
  488.346        93589.8        3802.60       0.211410E-004   970.814        8.61360        4.13784      -0.105850E+008
  507.923        93589.8        3801.12       0.213623E-004   984.867        8.61041        4.13631      -0.105657E+008
  527.500        93589.8        3799.66       0.215667E-004   997.857        8.60720        4.13476      -0.105461E+008
  547.077        93589.8        3797.93       0.217549E-004   1009.90        8.60304        4.13277      -0.105263E+008
  566.654        93589.8        3796.56       0.219309E-004   1021.12        8.60050        4.13155      -0.105064E+008
  586.231        93589.8        3794.95       0.220946E-004   1031.59        8.59678        4.12976      -0.104862E+008
  605.808        93589.8        3793.30       0.222480E-004   1041.39        8.59285        4.12787      -0.104657E+008
  625.385        93589.8        3791.60       0.223920E-004   1050.58        8.58866        4.12586      -0.104451E+008
  644.962        93589.8        3789.84       0.225277E-004   1059.24        8.58422        4.12373      -0.104242E+008
  664.538        93589.8        3788.02       0.226561E-004   1067.40        8.57949        4.12145      -0.104032E+008
  684.115        93589.8        3786.13       0.227777E-004   1075.11        8.57444        4.11903      -0.103819E+008
  703.692        93589.8        3784.16       0.228932E-004   1082.42        8.56903        4.11643      -0.103606E+008
  723.269        93589.8        3782.09       0.230032E-004   1089.35        8.56323        4.11364      -0.103390E+008
  742.846        93589.8        3779.93       0.231082E-004   1095.93        8.55699        4.11065      -0.103173E+008
  762.423        93589.8        3779.23       0.232278E-004   1102.22        8.55659        4.11045      -0.102953E+008
  782.000        93589.8        3778.47       0.233439E-004   1108.23        8.55590        4.11012      -0.102733E+008
  801.577        93589.8        3777.27       0.234524E-004   1113.97        8.55345        4.10894      -0.102511E+008
  821.154        93589.8        3775.60       0.235533E-004   1119.45        8.54906        4.10683      -0.102287E+008
  840.731        93589.8        3773.42       0.236463E-004   1124.70        8.54259        4.10373      -0.102063E+008
  860.308        93589.8        3770.67       0.237313E-004   1129.72        8.53380        4.09950      -0.101836E+008
  879.885        93589.8        3873.75       0.241262E-004   1135.44        9.02270        4.33437      -0.105608E+008
  899.462        93589.8        3857.78       0.241821E-004   1141.45        8.97294        4.31046      -0.105339E+008
  919.038        93589.8        3843.96       0.242315E-004   1147.15        8.92899        4.28935      -0.105067E+008
  938.615        93589.8        3832.03       0.242871E-004   1152.36        8.89089        4.27104      -0.104798E+008
  958.192        93589.8        3825.67       0.243503E-004   1156.80        8.86876        4.26041      -0.104534E+008
  977.769        93589.8        3816.34       0.244020E-004   1160.95        8.83211        4.24281      -0.104259E+008
  997.346        93589.8        3796.82       0.244270E-004   1166.75        8.77344        4.21462      -0.103970E+008
  1016.92        93589.8        3788.32       0.244713E-004   1170.80        8.74150        4.19928      -0.103692E+008
  1036.50        93589.8        3774.23       0.244963E-004   1175.12        8.69088        4.17497      -0.103401E+008
  1056.08        93589.8        3762.90       0.245195E-004   1178.90        8.64581        4.15331      -0.103109E+008
  1075.65        93589.8        3748.95       0.245251E-004   1182.55        8.58890        4.12597      -0.102808E+008
  1095.23        93589.8        3725.20       0.244853E-004   1186.11        8.49422        4.08049      -0.102486E+008
  1114.81        93589.8        3712.84       0.245052E-004   1189.76        8.44942        4.05897      -0.102200E+008
  1134.38        93589.8        3709.71       0.245551E-004   1192.98        8.43534        4.05221      -0.101928E+008
  1153.96        93589.8        3704.84       0.246066E-004   1196.33        8.41864        4.04418      -0.101657E+008
  1173.54        93589.8        3702.31       0.246679E-004   1199.26        8.40932        4.03971      -0.101397E+008
  1193.12        93589.8        3701.72       0.247349E-004   1201.85        8.40417        4.03723      -0.101140E+008
  1212.69        93589.8        3696.14       0.247873E-004   1205.03        8.38769        4.02932      -0.100874E+008
  1232.27        93589.8        3691.96       0.248422E-004   1207.96        8.37394        4.02271      -0.100612E+008
  1251.85        93589.8        3689.15       0.249074E-004   1210.56        8.35378        4.01303      -0.100334E+008
  1271.42        93589.8        3689.75       0.250682E-004   1211.83        8.26162        3.96875      -0.999390E+007
  1291.00        93589.8        3693.01       0.254075E-004   1211.43        8.09869        3.89049      -0.994638E+007
  1310.58        93589.8        3689.39       0.254608E-004   1214.00        8.08674        3.88474      -0.991888E+007
  1330.15        93589.8        3686.74       0.255183E-004   1216.43        8.07977        3.88140      -0.989355E+007
  1349.73        93589.8        3682.72       0.255693E-004   1218.94        8.06619        3.87487      -0.986571E+007
  1369.31        93589.8        3678.84       0.256201E-004   1221.43        8.05408        3.86905      -0.983949E+007
  1388.88        93589.8        3676.16       0.256769E-004   1223.69        8.04680        3.86556      -0.981355E+007
  1408.46        93589.8        3672.25       0.257271E-004   1226.07        8.03438        3.85959      -0.978679E+007
  1428.04        93589.8        3669.01       0.257810E-004   1228.29        8.02455        3.85487      -0.976001E+007
  1447.62        93589.8        3665.85       0.258348E-004   1230.47        8.01556        3.85055      -0.973414E+007
  1467.19        93589.8        3662.70       0.258886E-004   1232.62        8.00671        3.84630      -0.970842E+007
  1486.77        93589.8        3659.54       0.259423E-004   1234.73        7.99796        3.84210      -0.968286E+007
  1506.35        93589.8        3656.36       0.259960E-004   1236.80        7.98930        3.83793      -0.965747E+007
  1525.92        93589.8        3653.17       0.260495E-004   1238.83        7.98070        3.83380      -0.963222E+007
  1545.50        93589.8        3643.54       0.259582E-004   1240.88        7.96328        3.82544      -0.960625E+007
  1565.08        93589.8        3316.30       0.217343E-004   1254.31        7.37739        3.54398      -0.944294E+007
  1584.65        93589.8        3314.11       0.217687E-004   1256.03        7.37126        3.54104      -0.941787E+007
  1604.23        93589.8        3311.88       0.218023E-004   1257.71        7.36516        3.53811      -0.939293E+007
  1623.81        93589.8        3308.10       0.217753E-004   1260.25        7.35857        3.53494      -0.937740E+007
  1643.38        93589.8        3305.84       0.218057E-004   1261.83        7.35310        3.53232      -0.935278E+007
  1662.96        93589.8        3303.52       0.218321E-004   1263.39        7.34822        3.52997      -0.932863E+007
  1682.54        93589.8        3301.25       0.218614E-004   1264.89        7.34288        3.52741      -0.930397E+007
  1702.12        93589.8        3298.88       0.218582E-004   1266.36        7.34337        3.52764      -0.928182E+007
  1721.69        93589.8        3296.56       0.218863E-004   1267.79        7.33796        3.52504      -0.925711E+007
  1741.27        93589.8        3294.16       0.218294E-004   1269.18        7.34808        3.52990      -0.923685E+007
  1760.85        93589.8        3291.79       0.217066E-004   1270.51        7.37026        3.54056      -0.921924E+007
  1780.42        93589.8        3290.09       0.215465E-004   1271.64        7.40086        3.55526      -0.920427E+007
  1800.00        93589.8        3288.24       0.213629E-004   1272.79        7.43507        3.57169      -0.918957E+007
  273.000        94871.8        3912.81       0.164878E-004   661.512        9.00419        4.32547      -0.107436E+008
  292.577        94871.8        3909.80       0.171590E-004   710.813        8.99577        4.32143      -0.107299E+008
  312.154        94871.8        3901.91       0.172984E-004   755.784        8.91349        4.28190      -0.107145E+008
  331.731        94871.8        3900.89       0.178942E-004   792.036        8.91437        4.28232      -0.106991E+008
  351.308        94871.8        3899.92       0.184245E-004   823.757        8.91611        4.28316      -0.106831E+008
  370.885        94871.8        3898.50       0.188804E-004   851.872        8.91330        4.28181      -0.106667E+008
  390.462        94871.8        3898.24       0.193323E-004   876.631        8.92285        4.28640      -0.106490E+008
  410.038        94871.8        3897.57       0.197281E-004   898.891        8.92834        4.28903      -0.106312E+008
  429.615        94871.8        3838.83       0.202272E-004   921.055        8.69838        4.17857      -0.106108E+008
  449.192        94871.8        3825.99       0.206152E-004   939.560        8.66379        4.16195      -0.105911E+008
  468.769        94871.8        3811.87       0.208504E-004   955.630        8.63594        4.14857      -0.105711E+008
  488.346        94871.8        3805.60       0.210797E-004   970.617        8.62359        4.14264      -0.105516E+008
  507.923        94871.8        3804.17       0.213005E-004   984.678        8.62067        4.14124      -0.105323E+008
  527.500        94871.8        3802.71       0.215040E-004   997.674        8.61755        4.13974      -0.105128E+008
  547.077        94871.8        3801.25       0.216924E-004   1009.73        8.61445        4.13825      -0.104931E+008
  566.654        94871.8        3802.86       0.219034E-004   1020.94        8.62353        4.14261      -0.104730E+008
  586.231        94871.8        3806.00       0.221217E-004   1031.42        8.63882        4.14995      -0.104526E+008
  605.808        94871.8        3808.21       0.223248E-004   1041.25        8.65019        4.15542      -0.104318E+008
  625.385        94871.8        3811.32       0.225213E-004   1050.49        8.66582        4.16293      -0.104113E+008
  644.962        94871.8        3811.79       0.226839E-004   1059.19        8.67047        4.16516      -0.103904E+008
  664.538        94871.8        3810.40       0.228173E-004   1067.39        8.66745        4.16371      -0.103694E+008
  684.115        94871.8        3808.75       0.229423E-004   1075.14        8.66327        4.16170      -0.103482E+008
  703.692        94871.8        3807.43       0.230643E-004   1082.48        8.66056        4.16040      -0.103269E+008
  723.269        94871.8        3805.31       0.231748E-004   1089.45        8.65434        4.15741      -0.103053E+008
  742.846        94871.8        3804.13       0.232883E-004   1096.07        8.65220        4.15638      -0.102838E+008
  762.423        94871.8        3800.76       0.233793E-004   1102.37        8.64059        4.15081      -0.102617E+008
  782.000        94871.8        3800.38       0.234921E-004   1108.39        8.64191        4.15144      -0.102400E+008
  801.577        94871.8        3798.16       0.235858E-004   1114.14        8.63436        4.14781      -0.102177E+008
  821.154        94871.8        3796.02       0.236773E-004   1119.61        8.62905        4.14526      -0.101958E+008
  840.731        94871.8        3793.10       0.237587E-004   1124.87        8.61840        4.14014      -0.101731E+008
  860.308        94871.8        3790.83       0.238439E-004   1129.89        8.61276        4.13744      -0.101510E+008
  879.885        94871.8        3898.41       0.241246E-004   1132.80        9.10388        4.37336      -0.105352E+008
  899.462        94871.8        3895.62       0.242236E-004   1137.32        9.09705        4.37008      -0.105121E+008
  919.038        94871.8        3892.95       0.243105E-004   1141.83        9.08956        4.36648      -0.104883E+008
  938.615        94871.8        3890.39       0.243975E-004   1146.11        9.08245        4.36307      -0.104643E+008
  958.192        94871.8        3879.28       0.244556E-004   1151.19        9.04678        4.34593      -0.104380E+008
  977.769        94871.8        3860.65       0.244868E-004   1156.93        8.98623        4.31685      -0.104095E+008
  997.346        94871.8        3846.19       0.245256E-004   1162.05        8.93889        4.29410      -0.103814E+008
  1016.92        94871.8        3834.61       0.245704E-004   1166.69        8.90036        4.27560      -0.103536E+008
  1036.50        94871.8        3824.99       0.246130E-004   1170.94        8.86659        4.25937      -0.103258E+008
  1056.08        94871.8        3815.13       0.246479E-004   1174.94        8.83033        4.24195      -0.102978E+008
  1075.65        94871.8        3790.71       0.246417E-004   1180.19        8.74798        4.20239      -0.102667E+008
  1095.23        94871.8        3779.32       0.246634E-004   1183.88        8.70367        4.18111      -0.102376E+008
  1114.81        94871.8        3760.13       0.246519E-004   1187.98        8.63193        4.14665      -0.102063E+008
  1134.38        94871.8        3742.97       0.246324E-004   1191.46        8.56169        4.11290      -0.101748E+008
  1153.96        94871.8        3719.06       0.245680E-004   1194.92        8.46323        4.06560      -0.101410E+008
  1173.54        94871.8        3713.17       0.246120E-004   1198.19        8.44333        4.05604      -0.101143E+008
  1193.12        94871.8        3711.22       0.246808E-004   1200.93        8.43614        4.05259      -0.100882E+008
  1212.69        94871.8        3704.62       0.247277E-004   1204.26        8.41641        4.04311      -0.100617E+008
  1232.27        94871.8        3700.76       0.247834E-004   1207.14        8.40353        4.03693      -0.100353E+008
  1251.85        94871.8        3697.99       0.248586E-004   1209.61        8.36608        4.01894      -0.100048E+008
  1271.42        94871.8        3698.40       0.250653E-004   1210.61        8.25047        3.96340      -0.996271E+007
  1291.00        94871.8        3699.22       0.253391E-004   1211.06        8.12138        3.90139      -0.991956E+007
  1310.58        94871.8        3695.20       0.253906E-004   1213.70        8.10782        3.89487      -0.989211E+007
  1330.15        94871.8        3691.18       0.254417E-004   1216.27        8.09431        3.88838      -0.986460E+007
  1349.73        94871.8        3687.61       0.254940E-004   1218.75        8.08290        3.88290      -0.983767E+007
  1369.31        94871.8        3684.03       0.255461E-004   1221.16        8.07151        3.87743      -0.981070E+007
  1388.88        94871.8        3680.73       0.255986E-004   1223.49        8.06107        3.87241      -0.978349E+007
  1408.46        94871.8        3677.37       0.256516E-004   1225.80        8.05119        3.86766      -0.975762E+007
  1428.04        94871.8        3674.14       0.257042E-004   1228.04        8.04153        3.86303      -0.973112E+007
  1447.62        94871.8        3670.95       0.257574E-004   1230.23        8.03233        3.85861      -0.970521E+007
  1467.19        94871.8        3667.73       0.258100E-004   1232.38        8.02302        3.85414      -0.967912E+007
  1486.77        94871.8        3664.63       0.258635E-004   1234.47        8.01435        3.84997      -0.965344E+007
  1506.35        94871.8        3661.46       0.259166E-004   1236.54        8.00548        3.84571      -0.962771E+007
  1525.92        94871.8        3658.32       0.259695E-004   1238.56        7.99690        3.84159      -0.960227E+007
  1545.50        94871.8        3655.13       0.260224E-004   1240.55        7.98824        3.83743      -0.957689E+007
  1565.08        94871.8        3651.97       0.260752E-004   1242.51        7.97979        3.83337      -0.955172E+007
  1584.65        94871.8        3648.77       0.261278E-004   1244.43        7.97134        3.82931      -0.952669E+007
  1604.23        94871.8        3322.28       0.218645E-004   1257.40        7.38751        3.54885      -0.935971E+007
  1623.81        94871.8        3313.44       0.217559E-004   1259.18        7.37075        3.54080      -0.933296E+007
  1643.38        94871.8        3309.68       0.217289E-004   1261.67        7.36415        3.53763      -0.931725E+007
  1662.96        94871.8        3307.41       0.217572E-004   1263.22        7.35895        3.53512      -0.929272E+007
  1682.54        94871.8        3305.15       0.217866E-004   1264.72        7.35353        3.53252      -0.926795E+007
  1702.12        94871.8        3302.81       0.218076E-004   1266.19        7.34942        3.53055      -0.924383E+007
  1721.69        94871.8        3300.47       0.218286E-004   1267.62        7.34529        3.52856      -0.921969E+007
  1741.27        94871.8        3298.03       0.218103E-004   1269.02        7.34808        3.52990      -0.919756E+007
  1760.85        94871.8        3295.37       0.216902E-004   1270.42        7.36917        3.54003      -0.917919E+007
  1780.42        94871.8        3293.25       0.215541E-004   1271.64        7.39394        3.55194      -0.916221E+007
  1800.00        94871.8        3291.10       0.214061E-004   1272.84        7.42082        3.56485      -0.914574E+007
  273.000        96153.9        3939.48       0.173580E-004   656.745        9.12052        4.38136      -0.107142E+008
  292.577        96153.9        3915.92       0.173853E-004   709.921        9.01829        4.33225      -0.106975E+008
  312.154        96153.9        3912.98       0.179541E-004   752.298        9.00992        4.32823      -0.106828E+008
  331.731        96153.9        3904.74       0.179400E-004   791.890        8.92176        4.28587      -0.106664E+008
  351.308        96153.9        3902.42       0.183713E-004   823.466        8.92634        4.28808      -0.106504E+008
  370.885        96153.9        3901.00       0.188259E-004   851.601        8.92354        4.28673      -0.106340E+008
  390.462        96153.9        3900.74       0.192766E-004   876.376        8.93310        4.29132      -0.106164E+008
  410.038        96153.9        3901.46       0.197694E-004   898.942        8.93907        4.29419      -0.105984E+008
  429.615        96153.9        3901.02       0.201395E-004   919.010        8.94762        4.29830      -0.105800E+008
  449.192        96153.9        3900.81       0.204907E-004   937.132        8.95876        4.30365      -0.105611E+008
  468.769        96153.9        3900.81       0.208445E-004   953.868        8.96652        4.30738      -0.105419E+008
  488.346        96153.9        3900.66       0.211915E-004   969.630        8.96693        4.30757      -0.105227E+008
  507.923        96153.9        3868.12       0.215595E-004   984.686        8.84838        4.25063      -0.105010E+008
  527.500        96153.9        3836.79       0.217428E-004   997.871        8.74184        4.19944      -0.104796E+008
  547.077        96153.9        3822.53       0.218366E-004   1009.49        8.69763        4.17821      -0.104593E+008
  566.654        96153.9        3821.53       0.220183E-004   1020.76        8.69627        4.17755      -0.104393E+008
  586.231        96153.9        3820.53       0.221884E-004   1031.27        8.69485        4.17687      -0.104190E+008
  605.808        96153.9        3819.50       0.223483E-004   1041.12        8.69333        4.17614      -0.103986E+008
  625.385        96153.9        3818.47       0.224992E-004   1050.36        8.69172        4.17537      -0.103780E+008
  644.962        96153.9        3817.43       0.226422E-004   1059.07        8.69006        4.17457      -0.103572E+008
  664.538        96153.9        3816.98       0.227831E-004   1067.29        8.69016        4.17462      -0.103361E+008
  684.115        96153.9        3815.85       0.229121E-004   1075.06        8.68720        4.17320      -0.103147E+008
  703.692        96153.9        3813.11       0.230223E-004   1082.38        8.67961        4.16955      -0.102935E+008
  723.269        96153.9        3811.26       0.231346E-004   1089.36        8.67423        4.16697      -0.102719E+008
  742.846        96153.9        3811.63       0.232614E-004   1096.00        8.67857        4.16905      -0.102505E+008
  762.423        96153.9        3809.91       0.233664E-004   1102.32        8.67381        4.16676      -0.102287E+008
  782.000        96153.9        3807.84       0.234645E-004   1108.35        8.66693        4.16346      -0.102065E+008
  801.577        96153.9        3808.84       0.235864E-004   1114.14        8.67306        4.16641      -0.101847E+008
  821.154        96153.9        3806.58       0.236767E-004   1119.62        8.66644        4.16322      -0.101625E+008
  840.731        96153.9        3802.44       0.237477E-004   1124.85        8.65232        4.15644      -0.101401E+008
  860.308        96153.9        3801.14       0.238417E-004   1129.89        8.65011        4.15538      -0.101179E+008
  879.885        96153.9        3901.32       0.240642E-004   1132.54        9.11498        4.37869      -0.105045E+008
  899.462        96153.9        3898.70       0.241576E-004   1137.12        9.10811        4.37539      -0.104811E+008
  919.038        96153.9        3896.04       0.242443E-004   1141.61        9.10044        4.37171      -0.104569E+008
  938.615        96153.9        3893.38       0.243352E-004   1145.84        9.09387        4.36855      -0.104338E+008
  958.192        96153.9        3890.68       0.244200E-004   1150.01        9.08648        4.36500      -0.104101E+008
  977.769        96153.9        3886.87       0.245196E-004   1154.47        9.07878        4.36131      -0.103848E+008
  997.346        96153.9        3878.99       0.246707E-004   1160.16        9.06881        4.35652      -0.103571E+008
  1016.92        96153.9        3874.38       0.247799E-004   1164.78        9.06094        4.35273      -0.103304E+008
  1036.50        96153.9        3868.65       0.249031E-004   1169.64        9.05230        4.34858      -0.103031E+008
  1056.08        96153.9        3863.01       0.250199E-004   1174.54        9.04340        4.34431      -0.102751E+008
  1075.65        96153.9        3859.83       0.251167E-004   1178.17        9.03678        4.34113      -0.102494E+008
  1095.23        96153.9        3855.89       0.252112E-004   1182.09        9.02834        4.33708      -0.102225E+008
  1114.81        96153.9        3843.17       0.252084E-004   1185.81        8.97691        4.31237      -0.101941E+008
  1134.38        96153.9        3813.68       0.251271E-004   1190.52        8.86371        4.25799      -0.101625E+008
  1153.96        96153.9        3793.57       0.250742E-004   1194.43        8.78286        4.21915      -0.101316E+008
  1173.54        96153.9        3776.15       0.249775E-004   1196.65        8.70070        4.17968      -0.101029E+008
  1193.12        96153.9        3740.70       0.247932E-004   1200.04        8.55377        4.10910      -0.100684E+008
  1212.69        96153.9        3715.75       0.246808E-004   1203.12        8.45238        4.06039      -0.100363E+008
  1232.27        96153.9        3711.82       0.247360E-004   1206.00        8.43946        4.05418      -0.100100E+008
  1251.85        96153.9        3708.30       0.248171E-004   1208.48        8.38466        4.02786      -0.997688E+007
  1271.42        96153.9        3708.51       0.250904E-004   1209.09        8.23508        3.95600      -0.993096E+007
  1291.00        96153.9        3706.35       0.252752E-004   1210.58        8.14807        3.91421      -0.989324E+007
  1310.58        96153.9        3703.17       0.253296E-004   1213.09        8.13797        3.90935      -0.986629E+007
  1330.15        96153.9        3699.39       0.253815E-004   1215.61        8.12500        3.90313      -0.983826E+007
  1349.73        96153.9        3696.54       0.254365E-004   1218.03        8.11733        3.89944      -0.981322E+007
  1369.31        96153.9        3693.75       0.254924E-004   1220.34        8.10970        3.89577      -0.978747E+007
  1388.88        96153.9        3689.53       0.255416E-004   1222.80        8.09573        3.88906      -0.976046E+007
  1408.46        96153.9        3684.32       0.255856E-004   1225.35        8.07733        3.88023      -0.973229E+007
  1428.04        96153.9        3681.38       0.256403E-004   1227.54        8.06939        3.87641      -0.970672E+007
  1447.62        96153.9        3676.92       0.256864E-004   1229.90        8.05418        3.86911      -0.967902E+007
  1467.19        96153.9        3672.79       0.257329E-004   1232.12        8.03924        3.86193      -0.964949E+007
  1486.77        96153.9        3669.79       0.257873E-004   1234.20        8.03138        3.85815      -0.962435E+007
  1506.35        96153.9        3666.61       0.258393E-004   1236.27        8.02238        3.85383      -0.959865E+007
  1525.92        96153.9        3663.39       0.258908E-004   1238.30        8.01303        3.84934      -0.957256E+007
  1545.50        96153.9        3660.22       0.259435E-004   1240.29        8.00457        3.84527      -0.954735E+007
  1565.08        96153.9        3657.08       0.259954E-004   1242.24        7.99571        3.84102      -0.952151E+007
  1584.65        96153.9        3653.95       0.260476E-004   1244.15        7.98726        3.83696      -0.949613E+007
  1604.23        96153.9        3650.78       0.260997E-004   1246.03        7.97886        3.83292      -0.947098E+007
  1623.81        96153.9        3647.61       0.261515E-004   1247.88        7.97058        3.82894      -0.944602E+007
  1643.38        96153.9        3321.54       0.218494E-004   1260.42        7.38723        3.54871      -0.927473E+007
  1662.96        96153.9        3318.99       0.218760E-004   1261.99        7.38066        3.54556      -0.924969E+007
  1682.54        96153.9        3309.02       0.217110E-004   1264.54        7.36441        3.53775      -0.923216E+007
  1702.12        96153.9        3306.73       0.217373E-004   1266.01        7.35935        3.53532      -0.920754E+007
  1721.69        96153.9        3304.40       0.217574E-004   1267.44        7.35536        3.53340      -0.918335E+007
  1741.27        96153.9        3301.98       0.217650E-004   1268.84        7.35335        3.53243      -0.915970E+007
  1760.85        96153.9        3299.25       0.216742E-004   1270.25        7.36867        3.53979      -0.913984E+007
  1780.42        96153.9        3296.68       0.215686E-004   1271.58        7.38682        3.54851      -0.912082E+007
  1800.00        96153.9        3294.46       0.214172E-004   1272.79        7.41416        3.56165      -0.910418E+007
  273.000        97435.9        3945.27       0.174211E-004   656.048        9.13734        4.38944      -0.106819E+008
  292.577        97435.9        3942.94       0.182334E-004   705.555        9.13247        4.38710      -0.106685E+008
  312.154        97435.9        3918.31       0.181318E-004   751.591        9.02950        4.33763      -0.106505E+008
  331.731        97435.9        3915.51       0.186139E-004   788.457        9.02122        4.33365      -0.106349E+008
  351.308        97435.9        3907.45       0.185019E-004   823.538        8.93262        4.29109      -0.106177E+008
  370.885        97435.9        3906.02       0.189576E-004   851.821        8.92991        4.28979      -0.106013E+008
  390.462        97435.9        3905.87       0.194085E-004   876.596        8.94272        4.29594      -0.105836E+008
  410.038        97435.9        3904.37       0.197720E-004   899.212        8.93975        4.29452      -0.105662E+008
  429.615        97435.9        3905.00       0.201833E-004   919.066        8.96032        4.30440      -0.105472E+008
  449.192        97435.9        3904.96       0.205423E-004   937.231        8.97328        4.31062      -0.105282E+008
  468.769        97435.9        3905.02       0.209027E-004   954.074        8.98083        4.31425      -0.105091E+008
  488.346        97435.9        3903.42       0.211506E-004   969.568        8.97745        4.31263      -0.104903E+008
  507.923        97435.9        3904.39       0.215589E-004   984.542        8.98081        4.31424      -0.104705E+008
  527.500        97435.9        3902.74       0.217699E-004   997.878        8.97734        4.31257      -0.104511E+008
  547.077        97435.9        3903.07       0.221076E-004   1010.88        8.97930        4.31352      -0.104308E+008
  566.654        97435.9        3879.29       0.223902E-004   1023.16        8.89159        4.27138      -0.104087E+008
  586.231        97435.9        3867.36       0.224781E-004   1033.43        8.85212        4.25242      -0.103879E+008
  605.808        97435.9        3855.34       0.225528E-004   1042.88        8.81294        4.23360      -0.103669E+008
  625.385        97435.9        3843.21       0.226154E-004   1051.57        8.77398        4.21489      -0.103457E+008
  644.962        97435.9        3830.94       0.226669E-004   1059.54        8.73517        4.19624      -0.103243E+008
  664.538        97435.9        3822.64       0.227425E-004   1067.18        8.70978        4.18404      -0.103029E+008
  684.115        97435.9        3822.07       0.228761E-004   1074.96        8.70962        4.18396      -0.102817E+008
  703.692        97435.9        3820.97       0.229998E-004   1082.31        8.70780        4.18309      -0.102604E+008
  723.269        97435.9        3819.88       0.231186E-004   1089.30        8.70573        4.18210      -0.102389E+008
  742.846        97435.9        3819.09       0.232356E-004   1095.94        8.70501        4.18175      -0.102174E+008
  762.423        97435.9        3818.96       0.233543E-004   1102.30        8.70586        4.18216      -0.101955E+008
  782.000        97435.9        3817.03       0.234539E-004   1108.30        8.70141        4.18002      -0.101738E+008
  801.577        97435.9        3815.69       0.235554E-004   1114.06        8.69838        4.17857      -0.101518E+008
  821.154        97435.9        3814.57       0.236559E-004   1119.57        8.69626        4.17755      -0.101297E+008
  840.731        97435.9        3812.42       0.237438E-004   1124.90        8.68700        4.17310      -0.101068E+008
  860.308        97435.9        3811.76       0.238441E-004   1129.91        8.68966        4.17438      -0.100852E+008
  879.885        97435.9        3904.30       0.240032E-004   1132.28        9.12598        4.38398      -0.104736E+008
  899.462        97435.9        3901.77       0.240922E-004   1136.92        9.11915        4.38070      -0.104501E+008
  919.038        97435.9        3899.07       0.241837E-004   1141.33        9.11221        4.37736      -0.104268E+008
  938.615        97435.9        3896.37       0.242734E-004   1145.58        9.10526        4.37403      -0.104034E+008
  958.192        97435.9        3893.70       0.243590E-004   1149.71        9.09804        4.37056      -0.103796E+008
  977.769        97435.9        3891.03       0.244431E-004   1153.70        9.09081        4.36709      -0.103558E+008
  997.346        97435.9        3887.60       0.245353E-004   1157.98        9.08345        4.36355      -0.103303E+008
  1016.92        97435.9        3878.87       0.246943E-004   1163.86        9.07290        4.35848      -0.103021E+008
  1036.50        97435.9        3873.88       0.248062E-004   1168.51        9.06472        4.35455      -0.102749E+008
  1056.08        97435.9        3868.01       0.249251E-004   1173.47        9.05582        4.35028      -0.102471E+008
  1075.65        97435.9        3864.24       0.250267E-004   1177.34        9.04869        4.34685      -0.102209E+008
  1095.23        97435.9        3862.56       0.250960E-004   1180.65        9.04275        4.34400      -0.101948E+008
  1114.81        97435.9        3856.68       0.252210E-004   1185.06        9.03412        4.33985      -0.101678E+008
  1134.38        97435.9        3852.16       0.253281E-004   1188.83        9.02683        4.33635      -0.101417E+008
  1153.96        97435.9        3847.90       0.254258E-004   1193.01        9.01826        4.33223      -0.101128E+008
  1173.54        97435.9        3845.57       0.255041E-004   1195.91        9.01232        4.32938      -0.100873E+008
  1193.12        97435.9        3842.19       0.255961E-004   1199.24        9.00514        4.32593      -0.100605E+008
  1212.69        97435.9        3860.05       0.254834E-004   1192.85        9.01619        4.33124      -0.100486E+008
  1232.27        97435.9        3867.96       0.254690E-004   1191.03        9.01904        4.33261      -0.100280E+008
  1251.85        97435.9        3844.73       0.254227E-004   1195.03        8.92094        4.28548      -0.999459E+007
  1271.42        97435.9        3720.68       0.251534E-004   1207.14        8.21495        3.94633      -0.989870E+007
  1291.00        97435.9        3714.52       0.252163E-004   1209.95        8.17964        3.92937      -0.986780E+007
  1310.58        97435.9        3709.61       0.252639E-004   1212.68        8.16177        3.92079      -0.983928E+007
  1330.15        97435.9        3703.95       0.253079E-004   1215.47        8.14098        3.91080      -0.981066E+007
  1349.73        97435.9        3699.69       0.253567E-004   1218.02        8.12635        3.90377      -0.978301E+007
  1369.31        97435.9        3695.45       0.254051E-004   1220.53        8.11179        3.89678      -0.975531E+007
  1388.88        97435.9        3692.58       0.254588E-004   1222.81        8.10363        3.89286      -0.972939E+007
  1408.46        97435.9        3688.05       0.255053E-004   1225.25        8.08776        3.88523      -0.970108E+007
  1428.04        97435.9        3686.33       0.255648E-004   1227.30        8.08546        3.88413      -0.967726E+007
  1447.62        97435.9        3681.24       0.256071E-004   1229.71        8.06667        3.87510      -0.964771E+007
  1467.19        97435.9        3678.24       0.256597E-004   1231.85        8.05840        3.87113      -0.962218E+007
  1486.77        97435.9        3674.76       0.257098E-004   1233.97        8.04735        3.86582      -0.959501E+007
  1506.35        97435.9        3671.59       0.257614E-004   1236.03        8.03824        3.86145      -0.956898E+007
  1525.92        97435.9        3668.43       0.258131E-004   1238.05        8.02914        3.85708      -0.954292E+007
  1545.50        97435.9        3665.30       0.258648E-004   1240.03        8.02038        3.85287      -0.951716E+007
  1565.08        97435.9        3662.16       0.259165E-004   1241.97        8.01161        3.84866      -0.949137E+007
  1584.65        97435.9        3658.98       0.259683E-004   1243.89        8.00316        3.84459      -0.946621E+007
  1604.23        97435.9        3655.91       0.260199E-004   1245.75        7.99459        3.84048      -0.944040E+007
  1623.81        97435.9        3652.72       0.260713E-004   1247.61        7.98627        3.83648      -0.941541E+007
  1643.38        97435.9        3649.64       0.261228E-004   1249.41        7.97804        3.83252      -0.939007E+007
  1662.96        97435.9        3646.50       0.261736E-004   1251.20        7.96998        3.82866      -0.936518E+007
  1682.54        97435.9        3320.75       0.218308E-004   1263.27        7.38709        3.54864      -0.918959E+007
  1702.12        97435.9        3318.08       0.218526E-004   1264.78        7.38068        3.54556      -0.916472E+007
  1721.69        97435.9        3308.32       0.216870E-004   1267.25        7.36537        3.53821      -0.914704E+007
  1741.27        97435.9        3305.83       0.216667E-004   1268.66        7.36835        3.53964      -0.912441E+007
  1760.85        97435.9        3303.31       0.216649E-004   1270.05        7.36753        3.53925      -0.910079E+007
  1780.42        97435.9        3300.37       0.215456E-004   1271.46        7.38730        3.54874      -0.908128E+007
  1800.00        97435.9        3297.86       0.214255E-004   1272.73        7.40799        3.55868      -0.906278E+007
  273.000        98718.0        3947.90       0.173754E-004   655.550        9.14719        4.39417      -0.106495E+008
  292.577        98718.0        3946.52       0.182474E-004   705.000        9.14588        4.39354      -0.106362E+008
  312.154        98718.0        3944.85       0.189950E-004   747.493        9.14353        4.39241      -0.106219E+008
  331.731        98718.0        3920.37       0.187619E-004   787.886        9.03895        4.34217      -0.106026E+008
  351.308        98718.0        3917.68       0.191617E-004   820.330        9.03033        4.33803      -0.105862E+008
  370.885        98718.0        3910.26       0.190068E-004   851.510        8.94658        4.29780      -0.105682E+008
  390.462        98718.0        3908.34       0.193545E-004   876.342        8.95251        4.30065      -0.105510E+008
  410.038        98718.0        3906.85       0.197169E-004   898.971        8.94955        4.29923      -0.105336E+008
  429.615        98718.0        3907.46       0.201272E-004   918.836        8.97013        4.30911      -0.105147E+008
  449.192        98718.0        3909.23       0.206010E-004   937.296        8.98913        4.31824      -0.104954E+008
  468.769        98718.0        3907.48       0.208452E-004   953.864        8.99055        4.31892      -0.104766E+008
  488.346        98718.0        3905.88       0.210923E-004   969.367        8.98719        4.31730      -0.104578E+008
  507.923        98718.0        3906.84       0.215005E-004   984.349        8.99024        4.31877      -0.104380E+008
  527.500        98718.0        3905.19       0.217108E-004   997.692        8.98678        4.31711      -0.104186E+008
  547.077        98718.0        3905.52       0.220485E-004   1010.70        8.98850        4.31794      -0.103984E+008
  566.654        98718.0        3905.86       0.223760E-004   1023.16        8.99048        4.31889      -0.103780E+008
  586.231        98718.0        3904.74       0.225902E-004   1034.33        8.98858        4.31798      -0.103576E+008
  605.808        98718.0        3903.52       0.227881E-004   1044.85        8.98643        4.31694      -0.103371E+008
  625.385        98718.0        3890.98       0.229256E-004   1054.41        8.94171        4.29546      -0.103154E+008
  644.962        98718.0        3881.84       0.230061E-004   1062.94        8.91113        4.28077      -0.102941E+008
  664.538        98718.0        3872.56       0.230768E-004   1070.85        8.88039        4.26600      -0.102725E+008
  684.115        98718.0        3863.18       0.231389E-004   1078.17        8.84962        4.25122      -0.102508E+008
  703.692        98718.0        3853.69       0.231931E-004   1084.92        8.81882        4.23642      -0.102289E+008
  723.269        98718.0        3844.11       0.232399E-004   1091.14        8.78799        4.22161      -0.102068E+008
  742.846        98718.0        3834.42       0.232801E-004   1096.82        8.75712        4.20678      -0.101846E+008
  762.423        98718.0        3827.01       0.233350E-004   1102.30        8.73413        4.19574      -0.101624E+008
  782.000        98718.0        3826.23       0.234447E-004   1108.35        8.73334        4.19536      -0.101406E+008
  801.577        98718.0        3825.38       0.235506E-004   1114.13        8.73226        4.19484      -0.101186E+008
  821.154        98718.0        3824.46       0.236530E-004   1119.65        8.73091        4.19419      -0.100966E+008
  840.731        98718.0        3823.39       0.237515E-004   1124.93        8.72902        4.19329      -0.100744E+008
  860.308        98718.0        3822.30       0.238473E-004   1130.00        8.72696        4.19230      -0.100521E+008
  879.885        98718.0        3907.20       0.239438E-004   1132.02        9.13684        4.38919      -0.104427E+008
  899.462        98718.0        3904.66       0.240317E-004   1136.67        9.12993        4.38588      -0.104192E+008
  919.038        98718.0        3902.32       0.241183E-004   1141.11        9.12383        4.38295      -0.103957E+008
  938.615        98718.0        3899.36       0.242123E-004   1145.31        9.11643        4.37939      -0.103726E+008
  958.192        98718.0        3896.92       0.242952E-004   1149.46        9.10993        4.37627      -0.103488E+008
  977.769        98718.0        3894.04       0.243792E-004   1153.46        9.10202        4.37247      -0.103251E+008
  997.346        98718.0        3891.25       0.244635E-004   1157.30        9.09475        4.36898      -0.103015E+008
  1016.92        98718.0        3886.08       0.245755E-004   1162.12        9.08648        4.36500      -0.102746E+008
  1036.50        98718.0        3879.42       0.247088E-004   1167.23        9.07759        4.36073      -0.102471E+008
  1056.08        98718.0        3873.31       0.248297E-004   1172.23        9.06837        4.35630      -0.102192E+008
  1075.65        98718.0        3868.56       0.249366E-004   1176.64        9.06053        4.35254      -0.101919E+008
  1095.23        98718.0        3864.68       0.250332E-004   1180.60        9.05299        4.34892      -0.101653E+008
  1114.81        98718.0        3863.11       0.251050E-004   1183.62        9.04747        4.34626      -0.101394E+008
  1134.38        98718.0        3857.93       0.252191E-004   1187.68        9.03914        4.34226      -0.101126E+008
  1153.96        98718.0        3852.37       0.253332E-004   1192.01        9.03063        4.33818      -0.100852E+008
  1173.54        98718.0        3848.73       0.254274E-004   1195.57        9.02331        4.33466      -0.100582E+008
  1193.12        98718.0        3851.82       0.254529E-004   1195.99        9.02185        4.33396      -0.100365E+008
  1212.69        98718.0        3871.36       0.253254E-004   1188.91        9.03459        4.34008      -0.100261E+008
  1232.27        98718.0        3870.44       0.254055E-004   1190.88        9.03049        4.33811      -0.999957E+007
  1251.85        98718.0        3869.58       0.254773E-004   1192.86        9.02617        4.33603      -0.997291E+007
  1271.42        98718.0        3868.69       0.255510E-004   1194.72        9.02183        4.33395      -0.994621E+007
  1291.00        98718.0        3874.03       0.257485E-004   1190.34        9.02734        4.33660      -0.993193E+007
  1310.58        98718.0        3871.62       0.258164E-004   1192.63        9.01945        4.33280      -0.990620E+007
  1330.15        98718.0        3711.29       0.252463E-004   1214.93        8.16870        3.92412      -0.978429E+007
  1349.73        98718.0        3706.21       0.252915E-004   1217.59        8.15027        3.91526      -0.975588E+007
  1369.31        98718.0        3701.94       0.253395E-004   1220.09        8.13542        3.90813      -0.972804E+007
  1388.88        98718.0        3699.45       0.253944E-004   1222.33        8.12892        3.90501      -0.970252E+007
  1408.46        98718.0        3695.91       0.254448E-004   1224.65        8.11771        3.89962      -0.967584E+007
  1428.04        98718.0        3689.71       0.254867E-004   1227.14        8.09340        3.88795      -0.964358E+007
  1447.62        98718.0        3688.44       0.255436E-004   1229.20        8.09377        3.88812      -0.962212E+007
  1467.19        98718.0        3682.93       0.255873E-004   1231.51        8.07233        3.87782      -0.959010E+007
  1486.77        98718.0        3679.93       0.256357E-004   1233.69        8.06453        3.87407      -0.956593E+007
  1506.35        98718.0        3676.46       0.256889E-004   1235.67        8.05302        3.86855      -0.953730E+007
  1525.92        98718.0        3673.46       0.257368E-004   1237.79        8.04541        3.86489      -0.951346E+007
  1545.50        98718.0        3670.14       0.257911E-004   1239.66        8.03484        3.85981      -0.948511E+007
  1565.08        98718.0        3667.16       0.258388E-004   1241.71        8.02745        3.85626      -0.946150E+007
  1584.65        98718.0        3663.89       0.258936E-004   1243.50        8.01733        3.85140      -0.943347E+007
  1604.23        98718.0        3660.93       0.259411E-004   1245.49        8.01018        3.84796      -0.941010E+007
  1623.81        98718.0        3657.65       0.259961E-004   1247.20        8.00032        3.84323      -0.938241E+007
  1643.38        98718.0        3654.71       0.260432E-004   1249.13        7.99347        3.83994      -0.935928E+007
  1662.96        98718.0        3651.65       0.260941E-004   1250.90        7.98538        3.83605      -0.933400E+007
  1682.54        98718.0        3648.56       0.261445E-004   1252.65        7.97747        3.83225      -0.930903E+007
  1702.12        98718.0        3645.51       0.261941E-004   1254.38        7.96990        3.82862      -0.928431E+007
  1721.69        98718.0        3319.83       0.218055E-004   1265.98        7.38723        3.54871      -0.910443E+007
  1741.27        98718.0        3309.89       0.216345E-004   1268.47        7.37159        3.54120      -0.908649E+007
  1760.85        98718.0        3307.39       0.216343E-004   1269.85        7.37060        3.54072      -0.906277E+007
  1780.42        98718.0        3304.14       0.215138E-004   1271.33        7.38974        3.54992      -0.904249E+007
  1800.00        98718.0        3301.51       0.214159E-004   1272.62        7.40597        3.55771      -0.902270E+007
  273.000        100000.        3950.57       0.173295E-004   655.152        9.15725        4.39900      -0.106172E+008
  292.577        100000.        3948.86       0.182022E-004   704.603        9.15446        4.39766      -0.106039E+008
  312.154        100000.        3947.71       0.189604E-004   747.060        9.15426        4.39756      -0.105897E+008
  331.731        100000.        3930.84       0.190455E-004   786.766        9.07759        4.36073      -0.105713E+008
  351.308        100000.        3922.24       0.192902E-004   819.871        9.04679        4.34594      -0.105539E+008
  370.885        100000.        3913.92       0.190359E-004   851.380        8.95674        4.30268      -0.105356E+008
  390.462        100000.        3913.40       0.194768E-004   876.447        8.96475        4.30653      -0.105182E+008
  410.038        100000.        3911.89       0.198400E-004   899.208        8.96187        4.30514      -0.105008E+008
  429.615        100000.        3913.20       0.202844E-004   919.089        8.98888        4.31812      -0.104816E+008
  449.192        100000.        3913.74       0.206729E-004   937.338        9.00687        4.32676      -0.104625E+008
  468.769        100000.        3913.59       0.210381E-004   954.536        9.00881        4.32769      -0.104436E+008
  488.346        100000.        3911.97       0.212861E-004   970.224        9.00553        4.32612      -0.104248E+008
  507.923        100000.        3912.46       0.216637E-004   985.171        9.00744        4.32703      -0.104051E+008
  527.500        100000.        3910.79       0.218746E-004   998.685        9.00406        4.32541      -0.103857E+008
  547.077        100000.        3910.60       0.221774E-004   1011.59        9.00447        4.32561      -0.103656E+008
  566.654        100000.        3908.30       0.223172E-004   1022.98        8.99941        4.32318      -0.103456E+008
  586.231        100000.        3908.24       0.226072E-004   1034.69        9.00028        4.32360      -0.103251E+008
  605.808        100000.        3906.91       0.227977E-004   1045.20        8.99784        4.32242      -0.103046E+008
  625.385        100000.        3905.38       0.229645E-004   1055.03        8.99481        4.32097      -0.102838E+008
  644.962        100000.        3903.61       0.231071E-004   1064.18        8.99113        4.31920      -0.102629E+008
  664.538        100000.        3901.83       0.232424E-004   1072.84        8.98740        4.31741      -0.102418E+008
  684.115        100000.        3896.36       0.233394E-004   1080.71        8.96979        4.30895      -0.102202E+008
  703.692        100000.        3888.98       0.234134E-004   1087.92        8.94516        4.29712      -0.101984E+008
  723.269        100000.        3846.72       0.231753E-004   1090.99        8.79713        4.22601      -0.101741E+008
  742.846        100000.        3873.86       0.235405E-004   1100.87        8.89517        4.27310      -0.101542E+008
  762.423        100000.        3866.15       0.235948E-004   1106.64        8.86993        4.26098      -0.101319E+008
  782.000        100000.        3858.36       0.236437E-004   1111.96        8.84459        4.24880      -0.101094E+008
  801.577        100000.        3850.50       0.236877E-004   1116.81        8.81916        4.23659      -0.100868E+008
  821.154        100000.        3842.56       0.237271E-004   1121.22        8.79367        4.22434      -0.100641E+008
  840.731        100000.        3835.34       0.237693E-004   1125.31        8.77078        4.21335      -0.100413E+008
  860.308        100000.        3834.31       0.238661E-004   1130.36        8.76921        4.21259      -0.100190E+008
  879.885        100000.        3910.16       0.238738E-004   1131.95        9.14674        4.39395      -0.104110E+008
  899.462        100000.        3907.55       0.239716E-004   1136.42        9.14069        4.39104      -0.103883E+008
  919.038        100000.        3904.94       0.240625E-004   1140.81        9.13413        4.38790      -0.103651E+008
  938.615        100000.        3902.33       0.241516E-004   1145.03        9.12757        4.38474      -0.103419E+008
  958.192        100000.        3899.69       0.242344E-004   1149.20        9.12039        4.38130      -0.103182E+008
  977.769        100000.        3897.04       0.243157E-004   1153.23        9.11321        4.37784      -0.102945E+008
  997.346        100000.        3894.47       0.243971E-004   1157.06        9.10625        4.37450      -0.102706E+008
  1016.92        100000.        3891.11       0.244789E-004   1161.25        9.09815        4.37061      -0.102454E+008
  1036.50        100000.        3884.85       0.246075E-004   1166.16        9.08952        4.36646      -0.102185E+008
  1056.08        100000.        3878.60       0.247352E-004   1170.99        9.08086        4.36230      -0.101914E+008
  1075.65        100000.        3872.69       0.248532E-004   1175.81        9.07205        4.35807      -0.101637E+008
  1095.23        100000.        3866.79       0.249708E-004   1180.56        9.06321        4.35383      -0.101359E+008
  1114.81        100000.        3862.48       0.250744E-004   1184.50        9.05572        4.35023      -0.101092E+008
  1134.38        100000.        3858.18       0.251776E-004   1188.36        9.04819        4.34661      -0.100824E+008
  1153.96        100000.        3856.04       0.252526E-004   1191.45        9.04197        4.34362      -0.100563E+008
  1173.54        100000.        3852.45       0.253458E-004   1194.93        9.03485        4.34020      -0.100296E+008
  1193.12        100000.        3874.48       0.251960E-004   1186.77        9.04953        4.34725      -0.100228E+008
  1212.69        100000.        3873.99       0.252640E-004   1188.75        9.04574        4.34543      -0.999688E+007
  1232.27        100000.        3871.90       0.253296E-004   1191.32        9.03927        4.34232      -0.997073E+007
  1251.85        100000.        3872.05       0.254111E-004   1192.77        9.03737        4.34141      -0.994440E+007
  1271.42        100000.        3871.11       0.254845E-004   1194.65        9.03300        4.33931      -0.991791E+007
  1291.00        100000.        3876.87       0.256797E-004   1190.22        9.03972        4.34254      -0.990301E+007
  1310.58        100000.        3874.51       0.257472E-004   1192.50        9.03198        4.33882      -0.987729E+007
  1330.15        100000.        3872.11       0.258143E-004   1194.74        9.02415        4.33506      -0.985161E+007
  1349.73        100000.        3869.68       0.258811E-004   1196.92        9.01620        4.33124      -0.982595E+007
  1369.31        100000.        3708.40       0.252747E-004   1219.65        8.15917        3.91954      -0.970087E+007
  1388.88        100000.        3704.27       0.253224E-004   1222.09        8.14505        3.91276      -0.967338E+007
  1408.46        100000.        3699.54       0.253670E-004   1224.56        8.12819        3.90466      -0.964514E+007
  1428.04        100000.        3696.68       0.254195E-004   1226.75        8.12003        3.90074      -0.961914E+007
  1447.62        100000.        3691.92       0.254632E-004   1229.13        8.10308        3.89259      -0.959064E+007
  1467.19        100000.        3688.99       0.255151E-004   1231.24        8.09481        3.88862      -0.956479E+007
  1486.77        100000.        3685.00       0.255617E-004   1233.44        8.08134        3.88215      -0.953702E+007
  1506.35        100000.        3681.73       0.256116E-004   1235.51        8.07150        3.87742      -0.951057E+007
  1525.92        100000.        3678.47       0.256615E-004   1237.53        8.06167        3.87270      -0.948408E+007
  1545.50        100000.        3675.31       0.257118E-004   1239.51        8.05247        3.86828      -0.945791E+007
  1565.08        100000.        3672.14       0.257621E-004   1241.46        8.04327        3.86386      -0.943170E+007
  1584.65        100000.        3669.04       0.258127E-004   1243.36        8.03450        3.85965      -0.940579E+007
  1604.23        100000.        3665.93       0.258632E-004   1245.22        8.02574        3.85544      -0.937985E+007
  1623.81        100000.        3662.85       0.259139E-004   1247.06        8.01730        3.85139      -0.935422E+007
  1643.38        100000.        3659.77       0.259646E-004   1248.85        8.00887        3.84734      -0.932855E+007
  1662.96        100000.        3655.26       0.260118E-004   1250.69        7.99436        3.84037      -0.930043E+007
  1682.54        100000.        3653.64       0.260655E-004   1252.36        7.99264        3.83954      -0.927784E+007
  1702.12        100000.        3650.61       0.261155E-004   1254.08        7.98489        3.83582      -0.925278E+007
  1721.69        100000.        3647.63       0.261646E-004   1255.77        7.97757        3.83230      -0.922800E+007
  1741.27        100000.        3644.75       0.262114E-004   1257.44        7.97104        3.82916      -0.920368E+007
  1760.85        100000.        3318.45       0.217582E-004   1268.60        7.38867        3.54940      -0.901981E+007
  1780.42        100000.        3308.29       0.214983E-004   1271.10        7.39014        3.55011      -0.900411E+007
  1800.00        100000.        3305.26       0.213956E-004   1272.49        7.40629        3.55787      -0.898340E+007
