|6.6.6
harz_wet_1.tab                                                                                      
           2
T(K)    
   273.00000000000000     
   17.012820512820515     
          79
P(bar)  
   1.0000000000000000     
   1282.0384615384614     
          79
           9
T(K)           P(bar)         rho,kg/m3      alpha,1/K      beta,1/bar     cp,J/K/kg      vp,km/s        vs,km/s        h,J/kg        
  273.000        1.00000        2962.88       0.220785E-004  0.172611E-005   790.142        5.60743        2.69372      -0.132010E+008
  290.013        1.00000        2961.74       0.229102E-004  0.172962E-005   829.177        5.60400        2.69207      -0.131872E+008
  307.026        1.00000        2960.56       0.236468E-004  0.173325E-005   863.569        5.60041        2.69035      -0.131728E+008
  324.038        1.00000        2959.32       0.243027E-004  0.173704E-005   894.131        5.59665        2.68854      -0.131577E+008
  341.051        1.00000        2958.08       0.248902E-004  0.174091E-005   921.518        5.59278        2.68668      -0.131423E+008
  358.064        1.00000        2956.79       0.254192E-004  0.174491E-005   946.213        5.58876        2.68475      -0.131263E+008
  375.077        1.00000        2955.48       0.258982E-004  0.174900E-005   968.629        5.58463        2.68277      -0.131099E+008
  392.090        1.00000        2954.13       0.263343E-004  0.175320E-005   989.081        5.58039        2.68073      -0.130931E+008
  409.103        1.00000        2952.77       0.267336E-004  0.175747E-005   1007.84        5.57606        2.67865      -0.130760E+008
  426.115        1.00000        2951.36       0.271007E-004  0.176186E-005   1025.12        5.57163        2.67652      -0.130585E+008
  443.128        1.00000        2949.97       0.274406E-004  0.176627E-005   1041.12        5.56714        2.67437      -0.130408E+008
  460.141        1.00000        2948.53       0.277562E-004  0.177078E-005   1055.96        5.56257        2.67217      -0.130228E+008
  477.154        1.00000        2947.08       0.280508E-004  0.177536E-005   1069.80        5.55794        2.66995      -0.130045E+008
  494.167        1.00000        2945.60       0.283268E-004  0.178002E-005   1082.73        5.55324        2.66769      -0.129859E+008
  511.179        1.00000        2944.12       0.285869E-004  0.178473E-005   1094.86        5.54849        2.66541      -0.129672E+008
  528.192        1.00000        3063.35       0.271862E-004  0.175585E-005   1062.01        5.60807        2.69403      -0.129358E+008
  545.205        1.00000        3061.87       0.273908E-004  0.176003E-005   1071.96        5.60405        2.69210      -0.129175E+008
  562.218        1.00000        3190.19       0.306531E-004  0.135538E-005   1070.11        6.13600        2.94764      -0.128792E+008
  579.231        1.00000        3228.48       0.313224E-004  0.123776E-005   1072.51        6.31026        3.03135      -0.128538E+008
  596.244        1.00000        3316.54       0.325566E-004  0.968423E-006   1069.00        6.78606        3.25992      -0.128206E+008
  613.256        1.00000        3314.69       0.327832E-004  0.972031E-006   1077.91        6.77760        3.25585      -0.128023E+008
  630.269        1.00000        3312.84       0.330036E-004  0.975681E-006   1086.41        6.76908        3.25176      -0.127839E+008
  647.282        1.00000        3310.97       0.332185E-004  0.979374E-006   1094.52        6.76049        3.24763      -0.127653E+008
  664.295        1.00000        3309.09       0.334285E-004  0.983109E-006   1102.28        6.75184        3.24348      -0.127466E+008
  681.308        1.00000        3307.20       0.336342E-004  0.986886E-006   1109.71        6.74313        3.23929      -0.127278E+008
  698.321        1.00000        3305.30       0.338361E-004  0.990706E-006   1116.82        6.73436        3.23508      -0.127089E+008
  715.333        1.00000        3303.39       0.340347E-004  0.994569E-006   1123.64        6.72554        3.23084      -0.126898E+008
  732.346        1.00000        3301.48       0.342304E-004  0.998474E-006   1130.19        6.71666        3.22658      -0.126707E+008
  749.359        1.00000        3299.55       0.344236E-004  0.100242E-005   1136.48        6.70773        3.22229      -0.126514E+008
  766.372        1.00000        3297.61       0.346146E-004  0.100641E-005   1142.53        6.69875        3.21798      -0.126320E+008
  783.385        1.00000        3295.66       0.348037E-004  0.101045E-005   1148.35        6.68972        3.21364      -0.126125E+008
  800.397        1.00000        3293.70       0.349912E-004  0.101452E-005   1153.96        6.68065        3.20928      -0.125929E+008
  817.410        1.00000        3291.74       0.351773E-004  0.101865E-005   1159.37        6.67152        3.20489      -0.125732E+008
  834.423        1.00000        3289.76       0.353624E-004  0.102281E-005   1164.60        6.66235        3.20049      -0.125535E+008
  851.436        1.00000        3287.77       0.355465E-004  0.102702E-005   1169.64        6.65313        3.19606      -0.125336E+008
  868.449        1.00000        3285.78       0.357298E-004  0.103128E-005   1174.52        6.64387        3.19161      -0.125137E+008
  885.462        1.00000        3283.78       0.359126E-004  0.103558E-005   1179.24        6.63456        3.18714      -0.124937E+008
  902.474        1.00000        3281.77       0.360951E-004  0.103992E-005   1183.81        6.62521        3.18265      -0.124736E+008
  919.487        1.00000        3279.74       0.362772E-004  0.104432E-005   1188.24        6.61581        3.17813      -0.124534E+008
  936.500        1.00000        3277.71       0.364593E-004  0.104876E-005   1192.54        6.60638        3.17360      -0.124331E+008
  953.513        1.00000        3275.67       0.366414E-004  0.105324E-005   1196.71        6.59690        3.16905      -0.124128E+008
  970.526        1.00000        3273.63       0.368237E-004  0.105778E-005   1200.76        6.58737        3.16447      -0.123924E+008
  987.538        1.00000        3271.57       0.370062E-004  0.106236E-005   1204.69        6.57781        3.15988      -0.123719E+008
  1004.55        1.00000        3269.50       0.371891E-004  0.106699E-005   1208.51        6.56820        3.15526      -0.123514E+008
  1021.56        1.00000        3267.43       0.373725E-004  0.107168E-005   1212.23        6.55856        3.15063      -0.123308E+008
  1038.58        1.00000        3265.35       0.375565E-004  0.107641E-005   1215.85        6.54887        3.14598      -0.123102E+008
  1055.59        1.00000        3263.25       0.377411E-004  0.108120E-005   1219.38        6.53914        3.14130      -0.122895E+008
  1072.60        1.00000        3261.15       0.379264E-004  0.108603E-005   1222.81        6.52937        3.13661      -0.122687E+008
  1089.62        1.00000        3259.04       0.381126E-004  0.109092E-005   1226.16        6.51956        3.13190      -0.122478E+008
  1106.63        1.00000        3256.92       0.382997E-004  0.109587E-005   1229.43        6.50971        3.12717      -0.122270E+008
  1123.64        1.00000        3254.80       0.384878E-004  0.110086E-005   1232.61        6.49982        3.12241      -0.122060E+008
  1140.65        1.00000        3252.66       0.386769E-004  0.110592E-005   1235.72        6.48989        3.11764      -0.121850E+008
  1157.67        1.00000        3250.51       0.388672E-004  0.111102E-005   1238.75        6.47992        3.11285      -0.121640E+008
  1174.68        1.00000        3248.36       0.390586E-004  0.111619E-005   1241.72        6.46991        3.10804      -0.121429E+008
  1191.69        1.00000        3246.19       0.392513E-004  0.112141E-005   1244.61        6.45986        3.10322      -0.121217E+008
  1208.71        1.00000        3244.02       0.394454E-004  0.112670E-005   1247.44        6.44977        3.09837      -0.121005E+008
  1225.72        1.00000        3241.83       0.396408E-004  0.113204E-005   1250.21        6.43964        3.09350      -0.120793E+008
  1242.73        1.00000        3239.64       0.398376E-004  0.113744E-005   1252.92        6.42947        3.08862      -0.120580E+008
  1259.74        1.00000        3237.44       0.400360E-004  0.114290E-005   1255.57        6.41925        3.08371      -0.120366E+008
  1276.76        1.00000        3235.23       0.402360E-004  0.114843E-005   1258.16        6.40900        3.07878      -0.120153E+008
  1293.77        1.00000        3233.01       0.404375E-004  0.115402E-005   1260.70        6.39871        3.07384      -0.119938E+008
  1310.78        1.00000        3230.78       0.406408E-004  0.115968E-005   1263.18        6.38838        3.06888      -0.119724E+008
  1327.79        1.00000        3228.54       0.408458E-004  0.116540E-005   1265.61        6.37800        3.06389      -0.119509E+008
  1344.81        1.00000        3226.29       0.410526E-004  0.117119E-005   1268.00        6.36759        3.05889      -0.119293E+008
  1361.82        1.00000        3224.03       0.412613E-004  0.117704E-005   1270.33        6.35713        3.05387      -0.119077E+008
  1378.83        1.00000        3221.76       0.414719E-004  0.118297E-005   1272.62        6.34664        3.04883      -0.118861E+008
  1395.85        1.00000        3219.48       0.416844E-004  0.118897E-005   1274.87        6.33610        3.04376      -0.118644E+008
  1412.86        1.00000        3217.19       0.418990E-004  0.119504E-005   1277.07        6.32552        3.03868      -0.118427E+008
  1429.87        1.00000        3214.89       0.421157E-004  0.120118E-005   1279.23        6.31490        3.03358      -0.118210E+008
  1446.88        1.00000        3212.58       0.423345E-004  0.120740E-005   1281.35        6.30424        3.02846      -0.117992E+008
  1463.90        1.00000        3210.26       0.425556E-004  0.121369E-005   1283.42        6.29353        3.02331      -0.117774E+008
  1480.91        1.00000        3207.92       0.427789E-004  0.122006E-005   1285.46        6.28278        3.01815      -0.117555E+008
  1497.92        1.00000        3205.58       0.430045E-004  0.122651E-005   1287.47        6.27200        3.01297      -0.117336E+008
  1514.94        1.00000        3203.23       0.432325E-004  0.123304E-005   1289.43        6.26116        3.00777      -0.117117E+008
  1531.95        1.00000        3200.87       0.434629E-004  0.123966E-005   1291.36        6.25029        3.00254      -0.116897E+008
  1548.96        1.00000        3198.49       0.436959E-004  0.124635E-005   1293.26        6.23937        2.99730      -0.116678E+008
  1565.97        1.00000        3196.11       0.439314E-004  0.125314E-005   1295.12        6.22841        2.99203      -0.116457E+008
  1582.99        1.00000        3193.71       0.441696E-004  0.126000E-005   1296.95        6.21741        2.98675      -0.116237E+008
  1600.00        1.00000        3191.30       0.444104E-004  0.126696E-005   1298.75        6.20636        2.98144      -0.116016E+008
  273.000        1283.04        2969.26       0.218380E-004  0.170215E-005   789.526        5.63334        2.70617      -0.131581E+008
  290.013        1283.04        2968.12       0.226593E-004  0.170554E-005   828.598        5.62996        2.70454      -0.131443E+008
  307.026        1283.04        2966.95       0.233866E-004  0.170908E-005   863.022        5.62640        2.70284      -0.131298E+008
  324.038        1283.04        2965.74       0.240341E-004  0.171273E-005   893.619        5.62270        2.70106      -0.131148E+008
  341.051        1283.04        2964.47       0.246137E-004  0.171653E-005   921.016        5.61883        2.69920      -0.130992E+008
  358.064        1283.04        2963.23       0.251358E-004  0.172037E-005   945.750        5.61489        2.69730      -0.130834E+008
  375.077        1283.04        2961.93       0.256084E-004  0.172434E-005   968.186        5.61080        2.69534      -0.130670E+008
  392.090        1283.04        2960.59       0.260385E-004  0.172841E-005   988.657        5.60661        2.69333      -0.130502E+008
  409.103        1283.04        2959.21       0.264318E-004  0.173259E-005   1007.42        5.60231        2.69126      -0.130330E+008
  426.115        1283.04        2957.85       0.267940E-004  0.173679E-005   1024.73        5.59795        2.68917      -0.130156E+008
  443.128        1283.04        2956.47       0.271288E-004  0.174107E-005   1040.74        5.59351        2.68704      -0.129980E+008
  460.141        1283.04        2955.04       0.274396E-004  0.174545E-005   1055.60        5.58899        2.68486      -0.129799E+008
  477.154        1283.04        2953.61       0.277297E-004  0.174988E-005   1069.44        5.58441        2.68266      -0.129616E+008
  494.167        1283.04        2952.14       0.280015E-004  0.175440E-005   1082.38        5.57976        2.68043      -0.129431E+008
  511.179        1283.04        2950.64       0.282570E-004  0.175899E-005   1094.50        5.57504        2.67816      -0.129242E+008
  528.192        1283.04        2949.18       0.284991E-004  0.176358E-005   1105.92        5.57031        2.67589      -0.129054E+008
  545.205        1283.04        2947.68       0.287283E-004  0.176826E-005   1116.67        5.56551        2.67358      -0.128862E+008
  562.218        1283.04        2946.16       0.289466E-004  0.177300E-005   1126.83        5.56067        2.67126      -0.128668E+008
  579.231        1283.04        2944.62       0.291550E-004  0.177780E-005   1136.44        5.55579        2.66892      -0.128472E+008
  596.244        1283.04        2943.07       0.293547E-004  0.178264E-005   1145.56        5.55088        2.66655      -0.128275E+008
  613.256        1283.04        2941.51       0.295467E-004  0.178753E-005   1154.23        5.54593        2.66418      -0.128076E+008
  630.269        1283.04        2939.94       0.297318E-004  0.179247E-005   1162.49        5.54095        2.66178      -0.127875E+008
  647.282        1283.04        2938.36       0.299107E-004  0.179746E-005   1170.36        5.53594        2.65938      -0.127673E+008
  664.295        1283.04        2936.76       0.300841E-004  0.180250E-005   1177.89        5.53090        2.65696      -0.127470E+008
  681.308        1283.04        2935.16       0.302526E-004  0.180758E-005   1185.09        5.52584        2.65453      -0.127265E+008
  698.321        1283.04        2969.90       0.338436E-004  0.153260E-005   1210.70        5.88065        2.82497      -0.126942E+008
  715.333        1283.04        2969.00       0.340740E-004  0.153215E-005   1217.81        5.88126        2.82526      -0.126731E+008
  732.346        1283.04        2968.20       0.343093E-004  0.153100E-005   1224.69        5.88278        2.82600      -0.126518E+008
  749.359        1283.04        2967.50       0.345511E-004  0.152906E-005   1231.36        5.88530        2.82721      -0.126305E+008
  766.372        1283.04        2966.93       0.348004E-004  0.152628E-005   1237.84        5.88890        2.82893      -0.126089E+008
  783.385        1283.04        2966.48       0.350588E-004  0.152258E-005   1244.17        5.89366        2.83122      -0.125872E+008
  800.397        1283.04        3188.75       0.330375E-004  0.134040E-005   1166.49        6.15244        2.95554      -0.125682E+008
  817.410        1283.04        3210.72       0.335727E-004  0.127161E-005   1168.67        6.25136        3.00306      -0.125455E+008
  834.423        1283.04        3243.51       0.342851E-004  0.116941E-005   1169.68        6.40914        3.07885      -0.125216E+008
  851.436        1283.04        3291.93       0.352560E-004  0.101886E-005   1169.25        6.67375        3.20597      -0.124958E+008
  868.449        1283.04        3289.95       0.354362E-004  0.102303E-005   1174.12        6.66458        3.20156      -0.124759E+008
  885.462        1283.04        3287.96       0.356157E-004  0.102725E-005   1178.83        6.65535        3.19713      -0.124559E+008
  902.474        1283.04        3285.96       0.357949E-004  0.103150E-005   1183.39        6.64609        3.19268      -0.124358E+008
  919.487        1283.04        3283.96       0.359738E-004  0.103581E-005   1187.82        6.63678        3.18821      -0.124156E+008
  936.500        1283.04        3281.94       0.361525E-004  0.104015E-005   1192.10        6.62743        3.18371      -0.123954E+008
  953.513        1283.04        3279.92       0.363313E-004  0.104455E-005   1196.26        6.61804        3.17920      -0.123750E+008
  970.526        1283.04        3277.89       0.365101E-004  0.104899E-005   1200.30        6.60860        3.17467      -0.123547E+008
  987.538        1283.04        3275.85       0.366892E-004  0.105348E-005   1204.23        6.59913        3.17012      -0.123342E+008
  1004.55        1283.04        3273.80       0.368685E-004  0.105801E-005   1208.04        6.58962        3.16555      -0.123137E+008
  1021.56        1283.04        3271.74       0.370484E-004  0.106259E-005   1211.75        6.58006        3.16096      -0.122931E+008
  1038.58        1283.04        3269.68       0.372287E-004  0.106723E-005   1215.36        6.57047        3.15635      -0.122725E+008
  1055.59        1283.04        3267.60       0.374096E-004  0.107191E-005   1218.88        6.56083        3.15172      -0.122517E+008
  1072.60        1283.04        3265.52       0.375913E-004  0.107664E-005   1222.30        6.55116        3.14707      -0.122310E+008
  1089.62        1283.04        3263.42       0.377737E-004  0.108142E-005   1225.63        6.54144        3.14241      -0.122102E+008
  1106.63        1283.04        3261.32       0.379570E-004  0.108626E-005   1228.89        6.53169        3.13772      -0.121893E+008
  1123.64        1283.04        3259.21       0.381411E-004  0.109114E-005   1232.06        6.52190        3.13302      -0.121683E+008
  1140.65        1283.04        3257.09       0.383263E-004  0.109608E-005   1235.16        6.51207        3.12829      -0.121474E+008
  1157.67        1283.04        3254.96       0.385126E-004  0.110108E-005   1238.18        6.50219        3.12355      -0.121263E+008
  1174.68        1283.04        3252.83       0.387000E-004  0.110613E-005   1241.13        6.49228        3.11879      -0.121052E+008
  1191.69        1283.04        3250.68       0.388885E-004  0.111123E-005   1244.01        6.48233        3.11401      -0.120841E+008
  1208.71        1283.04        3248.53       0.390784E-004  0.111639E-005   1246.83        6.47234        3.10921      -0.120629E+008
  1225.72        1283.04        3246.36       0.392695E-004  0.112161E-005   1249.58        6.46232        3.10440      -0.120417E+008
  1242.73        1283.04        3244.19       0.394620E-004  0.112689E-005   1252.28        6.45225        3.09956      -0.120204E+008
  1259.74        1283.04        3242.01       0.396560E-004  0.113222E-005   1254.91        6.44214        3.09471      -0.119991E+008
  1276.76        1283.04        3239.81       0.398515E-004  0.113762E-005   1257.49        6.43200        3.08983      -0.119777E+008
  1293.77        1283.04        3237.61       0.400485E-004  0.114308E-005   1260.01        6.42181        3.08494      -0.119563E+008
  1310.78        1283.04        3235.40       0.402471E-004  0.114860E-005   1262.48        6.41159        3.08003      -0.119348E+008
  1327.79        1283.04        3233.18       0.404474E-004  0.115418E-005   1264.90        6.40132        3.07510      -0.119133E+008
  1344.81        1283.04        3230.95       0.406493E-004  0.115983E-005   1267.26        6.39102        3.07015      -0.118918E+008
  1361.82        1283.04        3228.71       0.408531E-004  0.116554E-005   1269.58        6.38068        3.06518      -0.118702E+008
  1378.83        1283.04        3226.46       0.410587E-004  0.117132E-005   1271.85        6.37029        3.06019      -0.118486E+008
  1395.85        1283.04        3224.21       0.412662E-004  0.117717E-005   1274.08        6.35987        3.05518      -0.118269E+008
  1412.86        1283.04        3221.94       0.414756E-004  0.118309E-005   1276.27        6.34941        3.05016      -0.118052E+008
  1429.87        1283.04        3219.66       0.416870E-004  0.118907E-005   1278.41        6.33890        3.04511      -0.117835E+008
  1446.88        1283.04        3217.37       0.419005E-004  0.119513E-005   1280.51        6.32836        3.04004      -0.117617E+008
  1463.90        1283.04        3215.07       0.421160E-004  0.120127E-005   1282.57        6.31777        3.03496      -0.117399E+008
  1480.91        1283.04        3212.76       0.423338E-004  0.120747E-005   1284.59        6.30714        3.02985      -0.117181E+008
  1497.92        1283.04        3210.44       0.425537E-004  0.121376E-005   1286.57        6.29648        3.02473      -0.116962E+008
  1514.94        1283.04        3208.11       0.427759E-004  0.122012E-005   1288.51        6.28577        3.01959      -0.116743E+008
  1531.95        1283.04        3205.77       0.430005E-004  0.122655E-005   1290.42        6.27502        3.01442      -0.116524E+008
  1548.96        1283.04        3203.42       0.432274E-004  0.123307E-005   1292.30        6.26423        3.00924      -0.116304E+008
  1565.97        1283.04        3201.06       0.434568E-004  0.123967E-005   1294.14        6.25339        3.00403      -0.116084E+008
  1582.99        1283.04        3198.69       0.436887E-004  0.124636E-005   1295.95        6.24252        2.99881      -0.115864E+008
  1600.00        1283.04        3196.31       0.439231E-004  0.125312E-005   1297.72        6.23160        2.99356      -0.115643E+008
  273.000        2565.08        2975.70       0.215921E-004  0.167683E-005   788.919        5.66225        2.72006      -0.131152E+008
  290.013        2565.08        2974.57       0.224030E-004  0.168012E-005   828.028        5.65890        2.71845      -0.131014E+008
  307.026        2565.08        2973.42       0.231209E-004  0.168354E-005   862.486        5.65539        2.71676      -0.130870E+008
  324.038        2565.08        2972.20       0.237599E-004  0.168709E-005   893.107        5.65171        2.71500      -0.130719E+008
  341.051        2565.08        2970.99       0.243320E-004  0.169073E-005   920.549        5.64792        2.71317      -0.130565E+008
  358.064        2565.08        2969.72       0.248467E-004  0.169449E-005   945.290        5.64399        2.71128      -0.130405E+008
  375.077        2565.08        2968.44       0.253128E-004  0.169832E-005   967.750        5.63995        2.70934      -0.130242E+008
  392.090        2565.08        2967.11       0.257368E-004  0.170227E-005   988.239        5.63580        2.70735      -0.130074E+008
  409.103        2565.08        2965.78       0.261248E-004  0.170627E-005   1007.04        5.63157        2.70532      -0.129903E+008
  426.115        2565.08        2964.39       0.264813E-004  0.171039E-005   1024.34        5.62723        2.70323      -0.129728E+008
  443.128        2565.08        2963.03       0.268112E-004  0.171453E-005   1040.37        5.62284        2.70112      -0.129552E+008
  460.141        2565.08        2961.62       0.271172E-004  0.171876E-005   1055.23        5.61837        2.69898      -0.129372E+008
  477.154        2565.08        2960.20       0.274028E-004  0.172306E-005   1069.09        5.61383        2.69680      -0.129189E+008
  494.167        2565.08        2958.74       0.276702E-004  0.172743E-005   1082.04        5.60923        2.69459      -0.129003E+008
  511.179        2565.08        2957.29       0.279220E-004  0.173184E-005   1094.18        5.60458        2.69235      -0.128816E+008
  528.192        2565.08        2955.80       0.281595E-004  0.173634E-005   1105.58        5.59987        2.69009      -0.128626E+008
  545.205        2565.08        2954.32       0.283851E-004  0.174085E-005   1116.35        5.59513        2.68781      -0.128435E+008
  562.218        2565.08        2952.80       0.285994E-004  0.174545E-005   1126.50        5.59033        2.68551      -0.128240E+008
  579.231        2565.08        2951.30       0.288044E-004  0.175007E-005   1136.12        5.58551        2.68319      -0.128045E+008
  596.244        2565.08        2949.74       0.290003E-004  0.175478E-005   1145.24        5.58064        2.68085      -0.127847E+008
  613.256        2565.08        2948.22       0.291891E-004  0.175949E-005   1153.92        5.57575        2.67850      -0.127649E+008
  630.269        2565.08        2946.66       0.293708E-004  0.176427E-005   1162.18        5.57082        2.67614      -0.127448E+008
  647.282        2565.08        2945.10       0.295464E-004  0.176909E-005   1170.05        5.56586        2.67375      -0.127247E+008
  664.295        2565.08        2980.01       0.331595E-004  0.149577E-005   1195.61        5.93177        2.84953      -0.126934E+008
  681.308        2565.08        2979.10       0.333915E-004  0.149532E-005   1203.35        5.93250        2.84988      -0.126726E+008
  698.321        2565.08        2978.73       0.336530E-004  0.149125E-005   1210.87        5.93825        2.85264      -0.126515E+008
  715.333        2565.08        2977.60       0.338677E-004  0.149228E-005   1217.99        5.93682        2.85196      -0.126304E+008
  732.346        2565.08        2978.22       0.341852E-004  0.148133E-005   1225.17        5.95206        2.85927      -0.126087E+008
  749.359        2565.08        2976.55       0.343695E-004  0.148596E-005   1231.73        5.94551        2.85613      -0.125876E+008
  766.372        2565.08        2979.17       0.348104E-004  0.146124E-005   1238.97        5.97992        2.87266      -0.125651E+008
  783.385        2565.08        2976.05       0.349085E-004  0.147572E-005   1244.78        5.95942        2.86282      -0.125442E+008
  800.397        2565.08        2978.07       0.353188E-004  0.145490E-005   1251.59        5.98826        2.87667      -0.125216E+008
  817.410        2565.08        2976.20       0.354981E-004  0.146080E-005   1257.32        5.97969        2.87255      -0.125002E+008
  834.423        2565.08        3229.62       0.336745E-004  0.121256E-005   1171.47        6.34471        3.04790      -0.124852E+008
  851.436        2565.08        3266.04       0.344598E-004  0.110067E-005   1172.07        6.52967        3.13675      -0.124612E+008
  868.449        2565.08        3294.25       0.351238E-004  0.101340E-005   1173.72        6.68996        3.21375      -0.124381E+008
  885.462        2565.08        3292.27       0.353001E-004  0.101752E-005   1178.43        6.68082        3.20936      -0.124181E+008
  902.474        2565.08        3290.29       0.354759E-004  0.102169E-005   1182.98        6.67164        3.20495      -0.123980E+008
  919.487        2565.08        3288.30       0.356515E-004  0.102590E-005   1187.40        6.66241        3.20052      -0.123779E+008
  936.500        2565.08        3286.30       0.358268E-004  0.103015E-005   1191.68        6.65314        3.19607      -0.123576E+008
  953.513        2565.08        3284.30       0.360022E-004  0.103444E-005   1195.83        6.64384        3.19160      -0.123373E+008
  970.526        2565.08        3282.28       0.361775E-004  0.103878E-005   1199.86        6.63449        3.18710      -0.123170E+008
  987.538        2565.08        3280.26       0.363531E-004  0.104317E-005   1203.77        6.62510        3.18259      -0.122965E+008
  1004.55        2565.08        3278.22       0.365289E-004  0.104760E-005   1207.58        6.61567        3.17807      -0.122760E+008
  1021.56        2565.08        3276.18       0.367052E-004  0.105208E-005   1211.28        6.60620        3.17352      -0.122554E+008
  1038.58        2565.08        3274.13       0.368819E-004  0.105660E-005   1214.88        6.59670        3.16895      -0.122348E+008
  1055.59        2565.08        3272.07       0.370591E-004  0.106118E-005   1218.38        6.58715        3.16436      -0.122141E+008
  1072.60        2565.08        3270.00       0.372370E-004  0.106580E-005   1221.79        6.57756        3.15976      -0.121933E+008
  1089.62        2565.08        3267.93       0.374156E-004  0.107047E-005   1225.12        6.56794        3.15514      -0.121725E+008
  1106.63        2565.08        3265.84       0.375951E-004  0.107519E-005   1228.36        6.55828        3.15050      -0.121516E+008
  1123.64        2565.08        3263.75       0.377753E-004  0.107996E-005   1231.52        6.54858        3.14584      -0.121307E+008
  1140.65        2565.08        3261.65       0.379566E-004  0.108478E-005   1234.61        6.53884        3.14116      -0.121097E+008
  1157.67        2565.08        3259.54       0.381388E-004  0.108966E-005   1237.62        6.52906        3.13646      -0.120887E+008
  1174.68        2565.08        3257.42       0.383221E-004  0.109458E-005   1240.56        6.51925        3.13174      -0.120676E+008
  1191.69        2565.08        3255.29       0.385065E-004  0.109956E-005   1243.43        6.50939        3.12701      -0.120465E+008
  1208.71        2565.08        3253.15       0.386921E-004  0.110460E-005   1246.23        6.49950        3.12226      -0.120253E+008
  1225.72        2565.08        3251.01       0.388790E-004  0.110969E-005   1248.97        6.48957        3.11749      -0.120041E+008
  1242.73        2565.08        3248.85       0.390672E-004  0.111483E-005   1251.65        6.47960        3.11270      -0.119828E+008
  1259.74        2565.08        3246.69       0.392567E-004  0.112004E-005   1254.27        6.46960        3.10789      -0.119615E+008
  1276.76        2565.08        3244.52       0.394477E-004  0.112530E-005   1256.83        6.45955        3.10307      -0.119401E+008
  1293.77        2565.08        3242.34       0.396401E-004  0.113062E-005   1259.34        6.44947        3.09822      -0.119187E+008
  1310.78        2565.08        3240.14       0.398341E-004  0.113600E-005   1261.79        6.43935        3.09336      -0.118973E+008
  1327.79        2565.08        3237.94       0.400297E-004  0.114144E-005   1264.20        6.42919        3.08848      -0.118758E+008
  1344.81        2565.08        3235.73       0.402269E-004  0.114694E-005   1266.55        6.41899        3.08358      -0.118543E+008
  1361.82        2565.08        3233.51       0.404258E-004  0.115250E-005   1268.85        6.40875        3.07866      -0.118327E+008
  1378.83        2565.08        3231.29       0.406264E-004  0.115813E-005   1271.11        6.39847        3.07373      -0.118111E+008
  1395.85        2565.08        3229.05       0.408288E-004  0.116383E-005   1273.32        6.38816        3.06877      -0.117895E+008
  1412.86        2565.08        3226.80       0.410331E-004  0.116959E-005   1275.48        6.37780        3.06380      -0.117678E+008
  1429.87        2565.08        3224.54       0.412393E-004  0.117541E-005   1277.61        6.36741        3.05880      -0.117461E+008
  1446.88        2565.08        3222.28       0.414474E-004  0.118131E-005   1279.69        6.35698        3.05379      -0.117243E+008
  1463.90        2565.08        3220.00       0.416575E-004  0.118728E-005   1281.73        6.34650        3.04876      -0.117025E+008
  1480.91        2565.08        3217.71       0.418697E-004  0.119331E-005   1283.73        6.33599        3.04371      -0.116807E+008
  1497.92        2565.08        3215.41       0.420840E-004  0.119942E-005   1285.70        6.32544        3.03864      -0.116588E+008
  1514.94        2565.08        3213.11       0.423005E-004  0.120561E-005   1287.62        6.31485        3.03356      -0.116370E+008
  1531.95        2565.08        3210.79       0.425192E-004  0.121186E-005   1289.51        6.30422        3.02845      -0.116150E+008
  1548.96        2565.08        3208.46       0.427402E-004  0.121820E-005   1291.36        6.29354        3.02332      -0.115931E+008
  1565.97        2565.08        3206.12       0.429635E-004  0.122461E-005   1293.18        6.28283        3.01817      -0.115711E+008
  1582.99        2565.08        3203.77       0.431892E-004  0.123111E-005   1294.97        6.27208        3.01301      -0.115491E+008
  1600.00        2565.08        3201.42       0.434173E-004  0.123768E-005   1296.72        6.26128        3.00782      -0.115270E+008
  273.000        3847.12        2982.05       0.213539E-004  0.165239E-005   788.323        5.69081        2.73377      -0.130724E+008
  290.013        3847.12        2980.94       0.221546E-004  0.165558E-005   827.465        5.68749        2.73218      -0.130586E+008
  307.026        3847.12        2979.79       0.228634E-004  0.165890E-005   861.955        5.68401        2.73051      -0.130442E+008
  324.038        3847.12        2978.60       0.234942E-004  0.166233E-005   892.612        5.68039        2.72877      -0.130292E+008
  341.051        3847.12        2977.36       0.240585E-004  0.166590E-005   920.062        5.67660        2.72695      -0.130136E+008
  358.064        3847.12        2976.14       0.245667E-004  0.166950E-005   944.842        5.67274        2.72509      -0.129978E+008
  375.077        3847.12        2974.86       0.250264E-004  0.167323E-005   967.321        5.66874        2.72317      -0.129815E+008
  392.090        3847.12        2973.55       0.254445E-004  0.167705E-005   987.830        5.66463        2.72120      -0.129647E+008
  409.103        3847.12        2972.19       0.258268E-004  0.168097E-005   1006.62        5.66042        2.71918      -0.129475E+008
  426.115        3847.12        2970.86       0.261785E-004  0.168491E-005   1023.96        5.65615        2.71713      -0.129301E+008
  443.128        3847.12        2969.50       0.265035E-004  0.168893E-005   1040.00        5.65180        2.71504      -0.129125E+008
  460.141        3847.12        2968.11       0.268050E-004  0.169303E-005   1054.88        5.64738        2.71291      -0.128945E+008
  477.154        3847.12        2966.70       0.270862E-004  0.169719E-005   1068.75        5.64289        2.71075      -0.128762E+008
  494.167        3847.12        2965.26       0.273495E-004  0.170142E-005   1081.70        5.63833        2.70857      -0.128577E+008
  511.179        3847.12        2963.79       0.275970E-004  0.170573E-005   1093.84        5.63372        2.70635      -0.128388E+008
  528.192        3847.12        2962.33       0.278309E-004  0.171006E-005   1105.26        5.62907        2.70412      -0.128199E+008
  545.205        3847.12        2960.85       0.280525E-004  0.171445E-005   1116.01        5.62436        2.70186      -0.128007E+008
  562.218        3847.12        2959.36       0.282635E-004  0.171889E-005   1126.18        5.61963        2.69958      -0.127813E+008
  579.231        3847.12        2957.86       0.284648E-004  0.172338E-005   1135.80        5.61485        2.69729      -0.127618E+008
  596.244        3847.12        2956.37       0.286579E-004  0.172788E-005   1144.94        5.61004        2.69498      -0.127422E+008
  613.256        3847.12        2954.84       0.288431E-004  0.173247E-005   1153.61        5.60519        2.69265      -0.127223E+008
  630.269        3847.12        2989.80       0.324695E-004  0.146152E-005   1178.93        5.98102        2.87319      -0.126922E+008
  647.282        3847.12        2988.91       0.327060E-004  0.146102E-005   1187.41        5.98194        2.87363      -0.126716E+008
  664.295        3847.12        2988.10       0.329446E-004  0.145984E-005   1195.55        5.98380        2.87453      -0.126509E+008
  681.308        3847.12        2987.59       0.331952E-004  0.145672E-005   1203.37        5.98844        2.87675      -0.126299E+008
  698.321        3847.12        2986.83       0.334326E-004  0.145521E-005   1210.90        5.99069        2.87783      -0.126089E+008
  715.333        3847.12        2988.50       0.337998E-004  0.143712E-005   1218.44        6.01697        2.89046      -0.125869E+008
  732.346        3847.12        2987.24       0.340151E-004  0.143887E-005   1225.47        6.01435        2.88920      -0.125659E+008
  749.359        3847.12        2989.04       0.344098E-004  0.141975E-005   1232.85        6.04219        2.90257      -0.125438E+008
  766.372        3847.12        2989.70       0.347290E-004  0.140836E-005   1239.74        6.05872        2.91052      -0.125217E+008
  783.385        3847.12        2988.67       0.349629E-004  0.140841E-005   1246.18        6.05836        2.91034      -0.125003E+008
  800.397        3847.12        2989.26       0.352872E-004  0.139729E-005   1252.76        6.07446        2.91808      -0.124780E+008
  817.410        3847.12        2987.92       0.355015E-004  0.139943E-005   1258.71        6.07090        2.91636      -0.124565E+008
  834.423        3847.12        2987.64       0.357845E-004  0.139417E-005   1264.78        6.07826        2.91990      -0.124344E+008
  851.436        3847.12        3263.78       0.340443E-004  0.110946E-005   1172.46        6.51975        3.13199      -0.124237E+008
  868.449        3847.12        3298.51       0.348181E-004  0.100399E-005   1173.33        6.71513        3.22584      -0.124004E+008
  885.462        3847.12        3296.55       0.349913E-004  0.100802E-005   1178.03        6.70607        3.22149      -0.123804E+008
  902.474        3847.12        3294.58       0.351639E-004  0.101209E-005   1182.58        6.69696        3.21712      -0.123603E+008
  919.487        3847.12        3292.61       0.353363E-004  0.101621E-005   1186.99        6.68781        3.21272      -0.123402E+008
  936.500        3847.12        3290.63       0.355084E-004  0.102037E-005   1191.26        6.67863        3.20831      -0.123200E+008
  953.513        3847.12        3288.63       0.356804E-004  0.102457E-005   1195.40        6.66940        3.20388      -0.122997E+008
  970.526        3847.12        3286.63       0.358524E-004  0.102881E-005   1199.42        6.66014        3.19943      -0.122793E+008
  987.538        3847.12        3284.62       0.360246E-004  0.103310E-005   1203.33        6.65083        3.19496      -0.122588E+008
  1004.55        3847.12        3282.61       0.361970E-004  0.103743E-005   1207.12        6.64149        3.19047      -0.122383E+008
  1021.56        3847.12        3280.58       0.363698E-004  0.104181E-005   1210.81        6.63210        3.18596      -0.122178E+008
  1038.58        3847.12        3278.55       0.365430E-004  0.104623E-005   1214.40        6.62268        3.18143      -0.121971E+008
  1055.59        3847.12        3276.50       0.367167E-004  0.105070E-005   1217.90        6.61322        3.17689      -0.121765E+008
  1072.60        3847.12        3274.45       0.368910E-004  0.105522E-005   1221.30        6.60373        3.17233      -0.121557E+008
  1089.62        3847.12        3272.39       0.370659E-004  0.105978E-005   1224.62        6.59419        3.16775      -0.121349E+008
  1106.63        3847.12        3270.33       0.372416E-004  0.106439E-005   1227.85        6.58462        3.16315      -0.121140E+008
  1123.64        3847.12        3268.25       0.374182E-004  0.106905E-005   1231.00        6.57501        3.15853      -0.120931E+008
  1140.65        3847.12        3266.17       0.375956E-004  0.107376E-005   1234.07        6.56536        3.15390      -0.120721E+008
  1157.67        3847.12        3264.07       0.377739E-004  0.107852E-005   1237.07        6.55567        3.14924      -0.120511E+008
  1174.68        3847.12        3261.97       0.379533E-004  0.108333E-005   1239.99        6.54595        3.14457      -0.120301E+008
  1191.69        3847.12        3259.86       0.381337E-004  0.108819E-005   1242.85        6.53619        3.13988      -0.120089E+008
  1208.71        3847.12        3257.74       0.383153E-004  0.109310E-005   1245.64        6.52639        3.13518      -0.119878E+008
  1225.72        3847.12        3255.61       0.384981E-004  0.109807E-005   1248.37        6.51656        3.13045      -0.119666E+008
  1242.73        3847.12        3253.48       0.386821E-004  0.110309E-005   1251.04        6.50668        3.12571      -0.119453E+008
  1259.74        3847.12        3251.33       0.388674E-004  0.110816E-005   1253.64        6.49678        3.12095      -0.119240E+008
  1276.76        3847.12        3249.18       0.390540E-004  0.111329E-005   1256.19        6.48683        3.11617      -0.119026E+008
  1293.77        3847.12        3247.01       0.392421E-004  0.111848E-005   1258.69        6.47684        3.11138      -0.118812E+008
  1310.78        3847.12        3244.84       0.394316E-004  0.112373E-005   1261.13        6.46682        3.10656      -0.118598E+008
  1327.79        3847.12        3242.66       0.396227E-004  0.112903E-005   1263.51        6.45676        3.10173      -0.118383E+008
  1344.81        3847.12        3240.47       0.398153E-004  0.113439E-005   1265.85        6.44667        3.09688      -0.118168E+008
  1361.82        3847.12        3238.27       0.400095E-004  0.113981E-005   1268.14        6.43653        3.09201      -0.117953E+008
  1378.83        3847.12        3236.06       0.402053E-004  0.114530E-005   1270.38        6.42636        3.08712      -0.117737E+008
  1395.85        3847.12        3233.84       0.404029E-004  0.115084E-005   1272.57        6.41615        3.08222      -0.117520E+008
  1412.86        3847.12        3231.61       0.406022E-004  0.115645E-005   1274.72        6.40590        3.07730      -0.117304E+008
  1429.87        3847.12        3229.38       0.408034E-004  0.116213E-005   1276.83        6.39562        3.07236      -0.117087E+008
  1446.88        3847.12        3227.13       0.410064E-004  0.116787E-005   1278.89        6.38529        3.06740      -0.116869E+008
  1463.90        3847.12        3224.87       0.412114E-004  0.117367E-005   1280.92        6.37493        3.06242      -0.116651E+008
  1480.91        3847.12        3222.61       0.414183E-004  0.117955E-005   1282.90        6.36453        3.05742      -0.116433E+008
  1497.92        3847.12        3220.33       0.416272E-004  0.118549E-005   1284.84        6.35409        3.05241      -0.116215E+008
  1514.94        3847.12        3218.05       0.418382E-004  0.119151E-005   1286.75        6.34361        3.04737      -0.115996E+008
  1531.95        3847.12        3215.75       0.420513E-004  0.119760E-005   1288.62        6.33309        3.04232      -0.115777E+008
  1548.96        3847.12        3213.45       0.422665E-004  0.120376E-005   1290.46        6.32254        3.03725      -0.115558E+008
  1565.97        3847.12        3211.13       0.424840E-004  0.120999E-005   1292.26        6.31194        3.03216      -0.115338E+008
  1582.99        3847.12        3208.80       0.427038E-004  0.121630E-005   1294.02        6.30131        3.02705      -0.115118E+008
  1600.00        3847.12        3206.47       0.429259E-004  0.122269E-005   1295.75        6.29063        3.02192      -0.114898E+008
  273.000        5129.15        2988.33       0.211227E-004  0.162878E-005   787.732        5.71902        2.74733      -0.130297E+008
  290.013        5129.15        2987.23       0.219137E-004  0.163188E-005   826.913        5.71574        2.74575      -0.130159E+008
  307.026        5129.15        2986.09       0.226137E-004  0.163509E-005   861.436        5.71230        2.74410      -0.130016E+008
  324.038        5129.15        2984.91       0.232365E-004  0.163843E-005   892.120        5.70871        2.74237      -0.129866E+008
  341.051        5129.15        2983.71       0.237938E-004  0.164186E-005   919.609        5.70499        2.74059      -0.129711E+008
  358.064        5129.15        2982.47       0.242951E-004  0.164539E-005   944.399        5.70113        2.73874      -0.129552E+008
  375.077        5129.15        2981.20       0.247487E-004  0.164900E-005   966.899        5.69718        2.73684      -0.129388E+008
  392.090        5129.15        2979.90       0.251612E-004  0.165270E-005   987.425        5.69311        2.73488      -0.129221E+008
  409.103        5129.15        2978.60       0.255385E-004  0.165646E-005   1006.26        5.68896        2.73289      -0.129050E+008
  426.115        5129.15        2977.23       0.258850E-004  0.166033E-005   1023.59        5.68471        2.73085      -0.128875E+008
  443.128        5129.15        2975.90       0.262053E-004  0.166422E-005   1039.64        5.68042        2.72878      -0.128699E+008
  460.141        5129.15        2974.51       0.265024E-004  0.166820E-005   1054.53        5.67603        2.72668      -0.128519E+008
  477.154        5129.15        2973.12       0.267795E-004  0.167223E-005   1068.41        5.67159        2.72454      -0.128336E+008
  494.167        5129.15        2971.67       0.270386E-004  0.167635E-005   1081.36        5.66707        2.72237      -0.128150E+008
  511.179        5129.15        2970.27       0.272827E-004  0.168047E-005   1093.53        5.66252        2.72019      -0.127964E+008
  528.192        5129.15        2968.78       0.275125E-004  0.168472E-005   1104.93        5.65790        2.71797      -0.127772E+008
  545.205        5129.15        2967.36       0.277311E-004  0.168893E-005   1115.71        5.65326        2.71574      -0.127582E+008
  562.218        5129.15        2965.84       0.279382E-004  0.169327E-005   1125.87        5.64855        2.71348      -0.127387E+008
  579.231        5129.15        2964.39       0.281365E-004  0.169758E-005   1135.51        5.64384        2.71121      -0.127193E+008
  596.244        5129.15        2999.27       0.317662E-004  0.142984E-005   1160.39        6.02811        2.89581      -0.126905E+008
  613.256        5129.15        2998.39       0.320108E-004  0.142924E-005   1169.76        6.02929        2.89638      -0.126702E+008
  630.269        5129.15        2999.16       0.323286E-004  0.141748E-005   1178.59        6.04736        2.90506      -0.126492E+008
  647.282        5129.15        2996.91       0.325018E-004  0.142602E-005   1187.27        6.03458        2.89892      -0.126292E+008
  664.295        5129.15        2996.95       0.327868E-004  0.141914E-005   1195.57        6.04511        2.90398      -0.126083E+008
  681.308        5129.15        2995.88       0.330062E-004  0.141967E-005   1203.42        6.04439        2.90363      -0.125875E+008
  698.321        5129.15        2995.63       0.332722E-004  0.141460E-005   1211.09        6.05209        2.90733      -0.125663E+008
  715.333        5129.15        2995.37       0.335369E-004  0.140958E-005   1218.50        6.05964        2.91096      -0.125450E+008
  732.346        5129.15        2998.30       0.339905E-004  0.138283E-005   1226.30        6.10023        2.93046      -0.125226E+008
  749.359        5129.15        2995.49       0.341075E-004  0.139504E-005   1232.77        6.08144        2.92143      -0.125019E+008
  766.372        5129.15        2998.89       0.345941E-004  0.136484E-005   1240.36        6.12742        2.94352      -0.124790E+008
  783.385        5129.15        2996.36       0.347335E-004  0.137513E-005   1246.45        6.11132        2.93578      -0.124580E+008
  800.397        5129.15        2998.52       0.351580E-004  0.135319E-005   1253.51        6.14477        2.95185      -0.124353E+008
  817.410        5129.15        2998.15       0.354341E-004  0.134860E-005   1259.79        6.15148        2.95508      -0.124134E+008
  834.423        5129.15        2999.13       0.357981E-004  0.133460E-005   1266.30        6.17285        2.96534      -0.123909E+008
  851.436        5129.15        2997.30       0.359780E-004  0.133995E-005   1271.77        6.16396        2.96107      -0.123691E+008
  868.449        5129.15        3302.74       0.345190E-004  0.994781E-006   1172.95        6.74008        3.23783      -0.123628E+008
  885.462        5129.15        3300.79       0.346891E-004  0.998728E-006   1177.64        6.73109        3.23351      -0.123428E+008
  902.474        5129.15        3298.84       0.348587E-004  0.100271E-005   1182.18        6.72206        3.22918      -0.123227E+008
  919.487        5129.15        3296.88       0.350279E-004  0.100674E-005   1186.58        6.71300        3.22482      -0.123025E+008
  936.500        5129.15        3294.91       0.351968E-004  0.101081E-005   1190.85        6.70389        3.22044      -0.122823E+008
  953.513        5129.15        3292.94       0.353657E-004  0.101492E-005   1194.98        6.69474        3.21605      -0.122620E+008
  970.526        5129.15        3290.95       0.355345E-004  0.101907E-005   1198.99        6.68556        3.21164      -0.122417E+008
  987.538        5129.15        3288.96       0.357034E-004  0.102327E-005   1202.89        6.67633        3.20721      -0.122212E+008
  1004.55        5129.15        3286.95       0.358725E-004  0.102750E-005   1206.68        6.66707        3.20276      -0.122007E+008
  1021.56        5129.15        3284.94       0.360419E-004  0.103178E-005   1210.36        6.65777        3.19829      -0.121802E+008
  1038.58        5129.15        3282.93       0.362117E-004  0.103611E-005   1213.94        6.64843        3.19380      -0.121595E+008
  1055.59        5129.15        3280.90       0.363820E-004  0.104048E-005   1217.43        6.63906        3.18930      -0.121389E+008
  1072.60        5129.15        3278.86       0.365528E-004  0.104489E-005   1220.82        6.62965        3.18478      -0.121181E+008
  1089.62        5129.15        3276.82       0.367243E-004  0.104935E-005   1224.12        6.62020        3.18024      -0.120973E+008
  1106.63        5129.15        3274.77       0.368964E-004  0.105385E-005   1227.34        6.61071        3.17568      -0.120765E+008
  1123.64        5129.15        3272.71       0.370693E-004  0.105841E-005   1230.48        6.60119        3.17111      -0.120556E+008
  1140.65        5129.15        3270.64       0.372430E-004  0.106300E-005   1233.54        6.59163        3.16652      -0.120346E+008
  1157.67        5129.15        3268.57       0.374177E-004  0.106765E-005   1236.53        6.58203        3.16191      -0.120136E+008
  1174.68        5129.15        3266.48       0.375933E-004  0.107235E-005   1239.45        6.57240        3.15728      -0.119925E+008
  1191.69        5129.15        3264.39       0.377699E-004  0.107710E-005   1242.29        6.56273        3.15263      -0.119714E+008
  1208.71        5129.15        3262.29       0.379475E-004  0.108189E-005   1245.07        6.55302        3.14797      -0.119503E+008
  1225.72        5129.15        3260.18       0.381264E-004  0.108674E-005   1247.79        6.54328        3.14329      -0.119290E+008
  1242.73        5129.15        3258.06       0.383063E-004  0.109164E-005   1250.44        6.53350        3.13859      -0.119078E+008
  1259.74        5129.15        3255.93       0.384876E-004  0.109659E-005   1253.03        6.52369        3.13388      -0.118865E+008
  1276.76        5129.15        3253.79       0.386701E-004  0.110160E-005   1255.57        6.51384        3.12915      -0.118652E+008
  1293.77        5129.15        3251.65       0.388539E-004  0.110666E-005   1258.05        6.50395        3.12440      -0.118438E+008
  1310.78        5129.15        3249.49       0.390392E-004  0.111177E-005   1260.47        6.49403        3.11963      -0.118224E+008
  1327.79        5129.15        3247.33       0.392259E-004  0.111694E-005   1262.85        6.48407        3.11485      -0.118009E+008
  1344.81        5129.15        3245.16       0.394140E-004  0.112217E-005   1265.17        6.47407        3.11004      -0.117794E+008
  1361.82        5129.15        3242.98       0.396037E-004  0.112746E-005   1267.44        6.46404        3.10522      -0.117578E+008
  1378.83        5129.15        3240.79       0.397950E-004  0.113280E-005   1269.67        6.45397        3.10039      -0.117363E+008
  1395.85        5129.15        3238.59       0.399880E-004  0.113821E-005   1271.85        6.44386        3.09553      -0.117146E+008
  1412.86        5129.15        3236.38       0.401826E-004  0.114367E-005   1273.98        6.43372        3.09066      -0.116930E+008
  1429.87        5129.15        3234.17       0.403789E-004  0.114920E-005   1276.07        6.42353        3.08577      -0.116713E+008
  1446.88        5129.15        3231.94       0.405771E-004  0.115479E-005   1278.12        6.41332        3.08086      -0.116496E+008
  1463.90        5129.15        3229.70       0.407770E-004  0.116045E-005   1280.12        6.40306        3.07593      -0.116278E+008
  1480.91        5129.15        3227.46       0.409789E-004  0.116617E-005   1282.09        6.39277        3.07099      -0.116060E+008
  1497.92        5129.15        3225.20       0.411826E-004  0.117195E-005   1284.02        6.38244        3.06602      -0.115842E+008
  1514.94        5129.15        3222.94       0.413884E-004  0.117781E-005   1285.90        6.37207        3.06104      -0.115623E+008
  1531.95        5129.15        3220.66       0.415961E-004  0.118373E-005   1287.76        6.36166        3.05604      -0.115404E+008
  1548.96        5129.15        3218.38       0.418059E-004  0.118972E-005   1289.57        6.35122        3.05103      -0.115185E+008
  1565.97        5129.15        3216.09       0.420179E-004  0.119579E-005   1291.35        6.34073        3.04599      -0.114966E+008
  1582.99        5129.15        3213.78       0.422320E-004  0.120193E-005   1293.10        6.33021        3.04094      -0.114746E+008
  1600.00        5129.15        3211.47       0.424484E-004  0.120814E-005   1294.81        6.31965        3.03586      -0.114526E+008
  273.000        6411.19        2994.54       0.208984E-004  0.160597E-005   787.154        5.74690        2.76072      -0.129871E+008
  290.013        6411.19        2993.44       0.216799E-004  0.160897E-005   826.367        5.74365        2.75916      -0.129733E+008
  307.026        6411.19        2992.31       0.223713E-004  0.161210E-005   860.920        5.74024        2.75752      -0.129589E+008
  324.038        6411.19        2991.13       0.229864E-004  0.161534E-005   891.630        5.73668        2.75581      -0.129439E+008
  341.051        6411.19        2989.93       0.235366E-004  0.161868E-005   919.139        5.73299        2.75404      -0.129284E+008
  358.064        6411.19        2988.72       0.240317E-004  0.162209E-005   943.961        5.72919        2.75221      -0.129126E+008
  375.077        6411.19        2987.47       0.244793E-004  0.162559E-005   966.484        5.72528        2.75033      -0.128963E+008
  392.090        6411.19        2986.17       0.248863E-004  0.162919E-005   987.023        5.72124        2.74840      -0.128795E+008
  409.103        6411.19        2984.85       0.252583E-004  0.163287E-005   1005.86        5.71712        2.74642      -0.128623E+008
  426.115        6411.19        2983.54       0.256003E-004  0.163658E-005   1023.22        5.71294        2.74441      -0.128450E+008
  443.128        6411.19        2982.18       0.259160E-004  0.164039E-005   1039.27        5.70866        2.74235      -0.128272E+008
  460.141        6411.19        2980.84       0.262090E-004  0.164421E-005   1054.19        5.70434        2.74028      -0.128094E+008
  477.154        6411.19        2979.46       0.264820E-004  0.164813E-005   1068.07        5.69994        2.73816      -0.127911E+008
  494.167        6411.19        2978.01       0.267372E-004  0.165214E-005   1081.03        5.69546        2.73601      -0.127724E+008
  511.179        6411.19        2976.60       0.269774E-004  0.165616E-005   1093.19        5.69095        2.73384      -0.127537E+008
  528.192        6411.19        2975.20       0.272044E-004  0.166019E-005   1104.64        5.68641        2.73166      -0.127349E+008
  545.205        6411.19        2973.75       0.274191E-004  0.166432E-005   1115.41        5.68180        2.72945      -0.127158E+008
  562.218        6411.19        3008.41       0.310417E-004  0.140070E-005   1139.67        6.07274        2.91725      -0.126882E+008
  579.231        6411.19        3007.54       0.312982E-004  0.139997E-005   1150.09        6.07425        2.91798      -0.126683E+008
  596.244        6411.19        3006.77       0.315525E-004  0.139861E-005   1160.00        6.07671        2.91916      -0.126482E+008
  613.256        6411.19        3006.94       0.318492E-004  0.139093E-005   1169.42        6.08905        2.92509      -0.126276E+008
  630.269        6411.19        3008.19       0.321888E-004  0.137592E-005   1178.42        6.11296        2.93657      -0.126064E+008
  647.282        6411.19        3006.29       0.323844E-004  0.138201E-005   1187.22        6.10344        2.93200      -0.125864E+008
  664.295        6411.19        3007.47       0.327141E-004  0.136730E-005   1195.58        6.12677        2.94321      -0.125648E+008
  681.308        6411.19        3006.87       0.329602E-004  0.136459E-005   1203.63        6.13108        2.94527      -0.125438E+008
  698.321        6411.19        3004.64       0.331352E-004  0.137286E-005   1211.33        6.11801        2.93900      -0.125236E+008
  715.333        6411.19        3007.54       0.335732E-004  0.134631E-005   1219.32        6.15999        2.95916      -0.125012E+008
  732.346        6411.19        3007.49       0.338653E-004  0.133970E-005   1226.78        6.17039        2.96416      -0.124799E+008
  749.359        6411.19        3007.12       0.341316E-004  0.133521E-005   1233.87        6.17736        2.96751      -0.124584E+008
  766.372        6411.19        3006.39       0.343750E-004  0.133313E-005   1240.63        6.18043        2.96898      -0.124369E+008
  783.385        6411.19        3007.40       0.347281E-004  0.131909E-005   1247.65        6.20270        2.97968      -0.124148E+008
  800.397        6411.19        3007.84       0.350490E-004  0.130891E-005   1254.35        6.21880        2.98741      -0.123926E+008
  817.410        6411.19        3006.04       0.352274E-004  0.131402E-005   1260.21        6.21010        2.98324      -0.123711E+008
  834.423        6411.19        3004.23       0.354043E-004  0.131917E-005   1265.86        6.20135        2.97903      -0.123494E+008
  851.436        6411.19        3002.42       0.355803E-004  0.132438E-005   1271.32        6.19255        2.97481      -0.123277E+008
  868.449        6411.19        3306.93       0.342262E-004  0.985775E-006   1172.58        6.76481        3.24971      -0.123251E+008
  885.462        6411.19        3305.00       0.343933E-004  0.989640E-006   1177.26        6.75590        3.24543      -0.123051E+008
  902.474        6411.19        3303.07       0.345599E-004  0.993543E-006   1181.80        6.74695        3.24113      -0.122851E+008
  919.487        6411.19        3301.12       0.347261E-004  0.997485E-006   1186.19        6.73796        3.23681      -0.122649E+008
  936.500        6411.19        3299.17       0.348920E-004  0.100147E-005   1190.44        6.72893        3.23247      -0.122447E+008
  953.513        6411.19        3297.20       0.350577E-004  0.100549E-005   1194.57        6.71986        3.22812      -0.122244E+008
  970.526        6411.19        3295.23       0.352234E-004  0.100955E-005   1198.58        6.71075        3.22374      -0.122041E+008
  987.538        6411.19        3293.25       0.353892E-004  0.101365E-005   1202.46        6.70161        3.21935      -0.121836E+008
  1004.55        6411.19        3291.27       0.355551E-004  0.101780E-005   1206.24        6.69243        3.21494      -0.121631E+008
  1021.56        6411.19        3289.27       0.357213E-004  0.102199E-005   1209.91        6.68321        3.21051      -0.121426E+008
  1038.58        6411.19        3287.27       0.358879E-004  0.102621E-005   1213.49        6.67395        3.20606      -0.121220E+008
  1055.59        6411.19        3285.26       0.360548E-004  0.103049E-005   1216.96        6.66466        3.20160      -0.121013E+008
  1072.60        6411.19        3283.24       0.362223E-004  0.103480E-005   1220.34        6.65533        3.19712      -0.120806E+008
  1089.62        6411.19        3281.21       0.363903E-004  0.103916E-005   1223.64        6.64597        3.19262      -0.120598E+008
  1106.63        6411.19        3279.18       0.365590E-004  0.104356E-005   1226.85        6.63656        3.18810      -0.120389E+008
  1123.64        6411.19        3277.13       0.367284E-004  0.104801E-005   1229.98        6.62713        3.18357      -0.120180E+008
  1140.65        6411.19        3275.08       0.368986E-004  0.105251E-005   1233.03        6.61765        3.17902      -0.119971E+008
  1157.67        6411.19        3273.02       0.370697E-004  0.105705E-005   1236.01        6.60815        3.17445      -0.119761E+008
  1174.68        6411.19        3270.95       0.372416E-004  0.106164E-005   1238.91        6.59860        3.16987      -0.119550E+008
  1191.69        6411.19        3268.88       0.374145E-004  0.106627E-005   1241.74        6.58902        3.16526      -0.119339E+008
  1208.71        6411.19        3266.79       0.375885E-004  0.107096E-005   1244.51        6.57941        3.16064      -0.119128E+008
  1225.72        6411.19        3264.70       0.377635E-004  0.107569E-005   1247.22        6.56975        3.15601      -0.118916E+008
  1242.73        6411.19        3262.60       0.379396E-004  0.108047E-005   1249.86        6.56007        3.15135      -0.118703E+008
  1259.74        6411.19        3260.49       0.381169E-004  0.108531E-005   1252.44        6.55035        3.14668      -0.118491E+008
  1276.76        6411.19        3258.37       0.382954E-004  0.109019E-005   1254.96        6.54059        3.14200      -0.118277E+008
  1293.77        6411.19        3256.24       0.384752E-004  0.109513E-005   1257.43        6.53079        3.13729      -0.118064E+008
  1310.78        6411.19        3254.10       0.386564E-004  0.110012E-005   1259.84        6.52097        3.13257      -0.117849E+008
  1327.79        6411.19        3251.96       0.388389E-004  0.110517E-005   1262.20        6.51110        3.12783      -0.117635E+008
  1344.81        6411.19        3249.81       0.390228E-004  0.111027E-005   1264.50        6.50120        3.12308      -0.117420E+008
  1361.82        6411.19        3247.64       0.392082E-004  0.111542E-005   1266.76        6.49127        3.11830      -0.117205E+008
  1378.83        6411.19        3245.47       0.393951E-004  0.112064E-005   1268.97        6.48130        3.11351      -0.116989E+008
  1395.85        6411.19        3243.29       0.395836E-004  0.112590E-005   1271.14        6.47129        3.10871      -0.116773E+008
  1412.86        6411.19        3241.11       0.397737E-004  0.113123E-005   1273.26        6.46124        3.10388      -0.116556E+008
  1429.87        6411.19        3238.91       0.399654E-004  0.113662E-005   1275.33        6.45117        3.09904      -0.116340E+008
  1446.88        6411.19        3236.70       0.401588E-004  0.114207E-005   1277.36        6.44105        3.09418      -0.116122E+008
  1463.90        6411.19        3234.49       0.403540E-004  0.114758E-005   1279.35        6.43090        3.08930      -0.115905E+008
  1480.91        6411.19        3232.26       0.405510E-004  0.115315E-005   1281.30        6.42071        3.08441      -0.115687E+008
  1497.92        6411.19        3230.03       0.407498E-004  0.115879E-005   1283.21        6.41049        3.07950      -0.115469E+008
  1514.94        6411.19        3227.78       0.409505E-004  0.116449E-005   1285.08        6.40022        3.07457      -0.115251E+008
  1531.95        6411.19        3225.53       0.411531E-004  0.117025E-005   1286.91        6.38993        3.06962      -0.115032E+008
  1548.96        6411.19        3223.26       0.413578E-004  0.117609E-005   1288.71        6.37959        3.06466      -0.114813E+008
  1565.97        6411.19        3220.99       0.415644E-004  0.118199E-005   1290.47        6.36922        3.05967      -0.114593E+008
  1582.99        6411.19        3218.71       0.417731E-004  0.118796E-005   1292.20        6.35881        3.05467      -0.114374E+008
  1600.00        6411.19        3216.42       0.419840E-004  0.119400E-005   1293.89        6.34836        3.04965      -0.114154E+008
  273.000        7693.23        3000.67       0.206805E-004  0.158390E-005   786.580        5.77446        2.77396      -0.129446E+008
  290.013        7693.23        2999.58       0.214528E-004  0.158682E-005   825.829        5.77124        2.77241      -0.129308E+008
  307.026        7693.23        2998.46       0.221360E-004  0.158985E-005   860.416        5.76787        2.77080      -0.129165E+008
  324.038        7693.23        2997.30       0.227436E-004  0.159300E-005   891.154        5.76434        2.76910      -0.129015E+008
  341.051        7693.23        2996.12       0.232872E-004  0.159622E-005   918.698        5.76070        2.76735      -0.128861E+008
  358.064        7693.23        2994.90       0.237759E-004  0.159955E-005   943.534        5.75693        2.76554      -0.128701E+008
  375.077        7693.23        2993.66       0.242179E-004  0.160295E-005   966.075        5.75305        2.76368      -0.128538E+008
  392.090        7693.23        2992.36       0.246195E-004  0.160646E-005   986.628        5.74905        2.76175      -0.128370E+008
  409.103        7693.23        2991.10       0.249869E-004  0.160999E-005   1005.50        5.74500        2.75981      -0.128200E+008
  426.115        7693.23        2989.76       0.253240E-004  0.161363E-005   1022.86        5.74083        2.75781      -0.128025E+008
  443.128        7693.23        2988.45       0.256355E-004  0.161729E-005   1038.94        5.73662        2.75578      -0.127849E+008
  460.141        7693.23        2987.08       0.259243E-004  0.162105E-005   1053.84        5.73231        2.75371      -0.127669E+008
  477.154        7693.23        2985.72       0.261934E-004  0.162483E-005   1067.74        5.72796        2.75162      -0.127487E+008
  494.167        7693.23        2984.29       0.264450E-004  0.162873E-005   1080.71        5.72352        2.74949      -0.127300E+008
  511.179        7693.23        2982.92       0.266819E-004  0.163259E-005   1092.90        5.71908        2.74736      -0.127115E+008
  528.192        7693.23        3017.19       0.302866E-004  0.137406E-005   1116.41        6.11468        2.93740      -0.126852E+008
  545.205        7693.23        3016.36       0.305598E-004  0.137319E-005   1128.08        6.11654        2.93829      -0.126657E+008
  562.218        7693.23        3016.93       0.308853E-004  0.136285E-005   1138.85        6.13385        2.94661      -0.126455E+008
  579.231        7693.23        3014.95       0.310936E-004  0.136954E-005   1149.63        6.12328        2.94153      -0.126261E+008
  596.244        7693.23        3015.57       0.314095E-004  0.135881E-005   1159.49        6.14108        2.95008      -0.126054E+008
  613.256        7693.23        3013.99       0.316244E-004  0.136281E-005   1169.18        6.13480        2.94706      -0.125856E+008
  630.269        7693.23        3016.34       0.320177E-004  0.134032E-005   1178.30        6.17176        2.96482      -0.125639E+008
  647.282        7693.23        3013.55       0.321680E-004  0.135240E-005   1187.12        6.15212        2.95538      -0.125443E+008
  664.295        7693.23        3015.26       0.325230E-004  0.133401E-005   1195.58        6.18229        2.96987      -0.125225E+008
  681.308        7693.23        3013.73       0.327396E-004  0.133759E-005   1203.78        6.17642        2.96706      -0.125022E+008
  698.321        7693.23        3014.19       0.330474E-004  0.132755E-005   1211.76        6.19286        2.97495      -0.124809E+008
  715.333        7693.23        3014.64       0.333552E-004  0.131758E-005   1219.50        6.20920        2.98280      -0.124594E+008
  732.346        7693.23        3016.60       0.337538E-004  0.129723E-005   1227.33        6.24284        2.99897      -0.124373E+008
  749.359        7693.23        3016.44       0.340332E-004  0.129124E-005   1234.54        6.25263        3.00367      -0.124158E+008
  766.372        7693.23        3016.40       0.343190E-004  0.128435E-005   1241.54        6.26391        3.00909      -0.123940E+008
  783.385        7693.23        3014.64       0.344969E-004  0.128922E-005   1247.86        6.25541        3.00500      -0.123727E+008
  800.397        7693.23        3012.86       0.346733E-004  0.129414E-005   1253.94        6.24685        3.00089      -0.123512E+008
  817.410        7693.23        3011.08       0.348473E-004  0.129911E-005   1259.79        6.23824        2.99675      -0.123297E+008
  834.423        7693.23        3009.29       0.350203E-004  0.130414E-005   1265.43        6.22959        2.99260      -0.123080E+008
  851.436        7693.23        3007.49       0.351923E-004  0.130921E-005   1270.88        6.22088        2.98842      -0.122863E+008
  868.449        7693.23        3005.69       0.353633E-004  0.131434E-005   1276.15        6.21213        2.98421      -0.122645E+008
  885.462        7693.23        3309.18       0.341037E-004  0.980749E-006   1176.89        6.78051        3.25725      -0.122675E+008
  902.474        7693.23        3307.26       0.342674E-004  0.984571E-006   1181.42        6.77163        3.25298      -0.122475E+008
  919.487        7693.23        3305.32       0.344307E-004  0.988431E-006   1185.80        6.76271        3.24870      -0.122273E+008
  936.500        7693.23        3303.38       0.345936E-004  0.992329E-006   1190.05        6.75376        3.24440      -0.122071E+008
  953.513        7693.23        3301.44       0.347564E-004  0.996266E-006   1194.17        6.74476        3.24008      -0.121868E+008
  970.526        7693.23        3299.48       0.349191E-004  0.100024E-005   1198.16        6.73573        3.23574      -0.121665E+008
  987.538        7693.23        3297.52       0.350818E-004  0.100426E-005   1202.05        6.72667        3.23139      -0.121461E+008
  1004.55        7693.23        3295.54       0.352446E-004  0.100831E-005   1205.82        6.71756        3.22701      -0.121256E+008
  1021.56        7693.23        3293.56       0.354077E-004  0.101241E-005   1209.48        6.70842        3.22262      -0.121051E+008
  1038.58        7693.23        3291.58       0.355711E-004  0.101655E-005   1213.04        6.69925        3.21821      -0.120844E+008
  1055.59        7693.23        3289.58       0.357349E-004  0.102072E-005   1216.51        6.69004        3.21379      -0.120638E+008
  1072.60        7693.23        3287.58       0.358991E-004  0.102494E-005   1219.88        6.68079        3.20935      -0.120431E+008
  1089.62        7693.23        3285.56       0.360639E-004  0.102921E-005   1223.17        6.67150        3.20489      -0.120223E+008
  1106.63        7693.23        3283.54       0.362292E-004  0.103351E-005   1226.37        6.66219        3.20041      -0.120014E+008
  1123.64        7693.23        3281.52       0.363953E-004  0.103786E-005   1229.49        6.65283        3.19592      -0.119805E+008
  1140.65        7693.23        3279.48       0.365621E-004  0.104226E-005   1232.53        6.64344        3.19141      -0.119596E+008
  1157.67        7693.23        3277.44       0.367296E-004  0.104669E-005   1235.49        6.63402        3.18688      -0.119386E+008
  1174.68        7693.23        3275.39       0.368981E-004  0.105118E-005   1238.39        6.62456        3.18234      -0.119176E+008
  1191.69        7693.23        3273.32       0.370674E-004  0.105571E-005   1241.21        6.61507        3.17778      -0.118965E+008
  1208.71        7693.23        3271.26       0.372377E-004  0.106029E-005   1243.96        6.60554        3.17320      -0.118753E+008
  1225.72        7693.23        3269.18       0.374091E-004  0.106491E-005   1246.66        6.59598        3.16861      -0.118541E+008
  1242.73        7693.23        3267.10       0.375815E-004  0.106958E-005   1249.29        6.58638        3.16399      -0.118329E+008
  1259.74        7693.23        3265.00       0.377550E-004  0.107430E-005   1251.85        6.57675        3.15937      -0.118116E+008
  1276.76        7693.23        3262.90       0.379297E-004  0.107907E-005   1254.36        6.56708        3.15472      -0.117903E+008
  1293.77        7693.23        3260.79       0.381056E-004  0.108389E-005   1256.82        6.55738        3.15006      -0.117690E+008
  1310.78        7693.23        3258.67       0.382828E-004  0.108877E-005   1259.22        6.54764        3.14539      -0.117476E+008
  1327.79        7693.23        3256.55       0.384613E-004  0.109369E-005   1261.56        6.53787        3.14069      -0.117261E+008
  1344.81        7693.23        3254.41       0.386411E-004  0.109867E-005   1263.86        6.52807        3.13598      -0.117046E+008
  1361.82        7693.23        3252.27       0.388224E-004  0.110370E-005   1266.10        6.51823        3.13126      -0.116831E+008
  1378.83        7693.23        3250.12       0.390051E-004  0.110878E-005   1268.30        6.50835        3.12651      -0.116616E+008
  1395.85        7693.23        3247.95       0.391893E-004  0.111392E-005   1270.44        6.49844        3.12175      -0.116400E+008
  1412.86        7693.23        3245.78       0.393750E-004  0.111912E-005   1272.55        6.48850        3.11697      -0.116183E+008
  1429.87        7693.23        3243.61       0.395623E-004  0.112437E-005   1274.61        6.47852        3.11218      -0.115967E+008
  1446.88        7693.23        3241.42       0.397512E-004  0.112968E-005   1276.62        6.46850        3.10737      -0.115750E+008
  1463.90        7693.23        3239.22       0.399418E-004  0.113505E-005   1278.60        6.45845        3.10254      -0.115532E+008
  1480.91        7693.23        3237.02       0.401342E-004  0.114048E-005   1280.53        6.44837        3.09770      -0.115314E+008
  1497.92        7693.23        3234.80       0.403282E-004  0.114597E-005   1282.42        6.43825        3.09283      -0.115096E+008
  1514.94        7693.23        3232.58       0.405241E-004  0.115152E-005   1284.28        6.42809        3.08795      -0.114878E+008
  1531.95        7693.23        3230.34       0.407218E-004  0.115714E-005   1286.09        6.41790        3.08306      -0.114659E+008
  1548.96        7693.23        3228.10       0.409215E-004  0.116282E-005   1287.87        6.40767        3.07814      -0.114441E+008
  1565.97        7693.23        3225.85       0.411230E-004  0.116857E-005   1289.61        6.39740        3.07321      -0.114221E+008
  1582.99        7693.23        3223.59       0.413266E-004  0.117438E-005   1291.32        6.38710        3.06826      -0.114002E+008
  1600.00        7693.23        3221.32       0.415321E-004  0.118026E-005   1292.99        6.37676        3.06330      -0.113782E+008
  273.000        8975.27        3006.72       0.204688E-004  0.156254E-005   786.015        5.80170        2.78705      -0.129021E+008
  290.013        8975.27        3005.65       0.212322E-004  0.156538E-005   825.298        5.79852        2.78552      -0.128884E+008
  307.026        8975.27        3004.53       0.219074E-004  0.156833E-005   859.915        5.79518        2.78391      -0.128740E+008
  324.038        8975.27        3003.38       0.225078E-004  0.157139E-005   890.682        5.79168        2.78223      -0.128590E+008
  341.051        8975.27        3002.19       0.230446E-004  0.157455E-005   918.239        5.78806        2.78049      -0.128435E+008
  358.064        8975.27        3001.00       0.235274E-004  0.157776E-005   943.108        5.78434        2.77871      -0.128277E+008
  375.077        8975.27        2999.76       0.239638E-004  0.158107E-005   965.665        5.78049        2.77686      -0.128114E+008
  392.090        8975.27        2998.50       0.243605E-004  0.158446E-005   986.244        5.77654        2.77496      -0.127946E+008
  409.103        8975.27        2997.20       0.247228E-004  0.158793E-005   1005.11        5.77250        2.77302      -0.127775E+008
  426.115        8975.27        2995.94       0.250559E-004  0.159141E-005   1022.51        5.76842        2.77106      -0.127603E+008
  443.128        8975.27        2994.61       0.253631E-004  0.159498E-005   1038.59        5.76423        2.76905      -0.127426E+008
  460.141        8975.27        2993.27       0.256479E-004  0.159862E-005   1053.52        5.75997        2.76700      -0.127246E+008
  477.154        8975.27        3026.51       0.291826E-004  0.135030E-005   1076.23        6.15235        2.95550      -0.127003E+008
  494.167        8975.27        3025.63       0.294898E-004  0.134983E-005   1090.19        6.15373        2.95616      -0.126815E+008
  511.179        8975.27        3024.82       0.297857E-004  0.134884E-005   1103.34        6.15596        2.95723      -0.126624E+008
  528.192        8975.27        3024.10       0.300732E-004  0.134723E-005   1115.75        6.15917        2.95877      -0.126431E+008
  545.205        8975.27        3024.83       0.304180E-004  0.133589E-005   1127.26        6.17876        2.96818      -0.126231E+008
  562.218        8975.27        3025.40       0.307431E-004  0.132552E-005   1138.31        6.19674        2.97682      -0.126029E+008
  579.231        8975.27        3025.72       0.310592E-004  0.131674E-005   1149.01        6.21196        2.98413      -0.125827E+008
  596.244        8975.27        3022.28       0.311870E-004  0.133315E-005   1159.30        6.18441        2.97089      -0.125636E+008
  613.256        8975.27        3022.46       0.314845E-004  0.132524E-005   1168.97        6.19800        2.97742      -0.125431E+008
  630.269        8975.27        3025.05       0.319073E-004  0.130113E-005   1178.47        6.23911        2.99717      -0.125217E+008
  647.282        8975.27        3024.72       0.321771E-004  0.129657E-005   1187.45        6.24698        3.00095      -0.125011E+008
  664.295        8975.27        3024.80       0.324637E-004  0.128909E-005   1196.08        6.25983        3.00713      -0.124801E+008
  681.308        8975.27        3024.69       0.327433E-004  0.128289E-005   1204.41        6.27045        3.01223      -0.124591E+008
  698.321        8975.27        3024.19       0.329983E-004  0.127932E-005   1212.35        6.27653        3.01515      -0.124380E+008
  715.333        8975.27        3025.24       0.333442E-004  0.126514E-005   1220.33        6.30093        3.02687      -0.124164E+008
  732.346        8975.27        3024.83       0.336042E-004  0.126084E-005   1227.75        6.30821        3.03036      -0.123950E+008
  749.359        8975.27        3023.09       0.337830E-004  0.126549E-005   1234.58        6.29989        3.02637      -0.123739E+008
  766.372        8975.27        3021.35       0.339593E-004  0.127019E-005   1241.15        6.29153        3.02235      -0.123527E+008
  783.385        8975.27        3019.59       0.341340E-004  0.127494E-005   1247.46        6.28311        3.01831      -0.123313E+008
  800.397        8975.27        3017.84       0.343062E-004  0.127974E-005   1253.53        6.27465        3.01424      -0.123099E+008
  817.410        8975.27        3016.07       0.344769E-004  0.128459E-005   1259.38        6.26613        3.01015      -0.122883E+008
  834.423        8975.27        3014.30       0.346458E-004  0.128948E-005   1265.01        6.25756        3.00604      -0.122667E+008
  851.436        8975.27        3012.52       0.348140E-004  0.129443E-005   1270.45        6.24895        3.00190      -0.122450E+008
  868.449        8975.27        3010.73       0.349812E-004  0.129943E-005   1275.71        6.24029        2.99774      -0.122232E+008
  885.462        8975.27        3313.33       0.338201E-004  0.972047E-006   1176.52        6.80490        3.26897      -0.122300E+008
  902.474        8975.27        3311.42       0.339810E-004  0.975791E-006   1181.04        6.79610        3.26474      -0.122099E+008
  919.487        8975.27        3309.50       0.341414E-004  0.979572E-006   1185.42        6.78725        3.26049      -0.121898E+008
  936.500        8975.27        3307.57       0.343015E-004  0.983389E-006   1189.66        6.77837        3.25623      -0.121696E+008
  953.513        8975.27        3305.64       0.344614E-004  0.987244E-006   1193.77        6.76946        3.25194      -0.121493E+008
  970.526        8975.27        3303.69       0.346211E-004  0.991137E-006   1197.76        6.76050        3.24764      -0.121290E+008
  987.538        8975.27        3301.75       0.347809E-004  0.995068E-006   1201.64        6.75151        3.24332      -0.121086E+008
  1004.55        8975.27        3299.79       0.349408E-004  0.999038E-006   1205.40        6.74248        3.23898      -0.120881E+008
  1021.56        8975.27        3297.82       0.351008E-004  0.100305E-005   1209.05        6.73342        3.23463      -0.120676E+008
  1038.58        8975.27        3295.85       0.352612E-004  0.100710E-005   1212.61        6.72432        3.23026      -0.120470E+008
  1055.59        8975.27        3293.87       0.354218E-004  0.101118E-005   1216.06        6.71519        3.22587      -0.120263E+008
  1072.60        8975.27        3291.88       0.355830E-004  0.101531E-005   1219.43        6.70602        3.22147      -0.120056E+008
  1089.62        8975.27        3289.88       0.357446E-004  0.101948E-005   1222.70        6.69682        3.21705      -0.119848E+008
  1106.63        8975.27        3287.88       0.359067E-004  0.102369E-005   1225.89        6.68758        3.21261      -0.119640E+008
  1123.64        8975.27        3285.87       0.360695E-004  0.102795E-005   1229.00        6.67831        3.20816      -0.119431E+008
  1140.65        8975.27        3283.84       0.362330E-004  0.103224E-005   1232.03        6.66900        3.20368      -0.119222E+008
  1157.67        8975.27        3281.82       0.363972E-004  0.103658E-005   1234.99        6.65966        3.19920      -0.119012E+008
  1174.68        8975.27        3279.78       0.365623E-004  0.104097E-005   1237.87        6.65029        3.19469      -0.118801E+008
  1191.69        8975.27        3277.74       0.367282E-004  0.104539E-005   1240.68        6.64088        3.19017      -0.118591E+008
  1208.71        8975.27        3275.68       0.368950E-004  0.104987E-005   1243.43        6.63144        3.18564      -0.118379E+008
  1225.72        8975.27        3273.62       0.370628E-004  0.105439E-005   1246.11        6.62196        3.18109      -0.118167E+008
  1242.73        8975.27        3271.56       0.372317E-004  0.105895E-005   1248.73        6.61245        3.17652      -0.117955E+008
  1259.74        8975.27        3269.48       0.374016E-004  0.106356E-005   1251.28        6.60291        3.17193      -0.117743E+008
  1276.76        8975.27        3267.40       0.375726E-004  0.106822E-005   1253.78        6.59333        3.16733      -0.117529E+008
  1293.77        8975.27        3265.30       0.377447E-004  0.107293E-005   1256.22        6.58372        3.16271      -0.117316E+008
  1310.78        8975.27        3263.20       0.379181E-004  0.107769E-005   1258.61        6.57407        3.15808      -0.117102E+008
  1327.79        8975.27        3261.09       0.380927E-004  0.108250E-005   1260.94        6.56439        3.15343      -0.116888E+008
  1344.81        8975.27        3258.97       0.382686E-004  0.108735E-005   1263.22        6.55468        3.14877      -0.116673E+008
  1361.82        8975.27        3256.85       0.384459E-004  0.109226E-005   1265.45        6.54493        3.14408      -0.116458E+008
  1378.83        8975.27        3254.71       0.386245E-004  0.109722E-005   1267.63        6.53515        3.13938      -0.116242E+008
  1395.85        8975.27        3252.57       0.388046E-004  0.110224E-005   1269.77        6.52533        3.13467      -0.116027E+008
  1412.86        8975.27        3250.42       0.389862E-004  0.110731E-005   1271.86        6.51549        3.12994      -0.115810E+008
  1429.87        8975.27        3248.26       0.391692E-004  0.111243E-005   1273.90        6.50560        3.12519      -0.115594E+008
  1446.88        8975.27        3246.09       0.393538E-004  0.111761E-005   1275.90        6.49568        3.12043      -0.115377E+008
  1463.90        8975.27        3243.91       0.395400E-004  0.112285E-005   1277.86        6.48573        3.11565      -0.115160E+008
  1480.91        8975.27        3241.73       0.397279E-004  0.112814E-005   1279.78        6.47575        3.11085      -0.114942E+008
  1497.92        8975.27        3239.53       0.399174E-004  0.113349E-005   1281.66        6.46573        3.10603      -0.114724E+008
  1514.94        8975.27        3237.33       0.401087E-004  0.113891E-005   1283.49        6.45567        3.10120      -0.114506E+008
  1531.95        8975.27        3235.11       0.403017E-004  0.114438E-005   1285.29        6.44558        3.09636      -0.114288E+008
  1548.96        8975.27        3232.89       0.404965E-004  0.114991E-005   1287.05        6.43545        3.09149      -0.114069E+008
  1565.97        8975.27        3230.66       0.406932E-004  0.115551E-005   1288.78        6.42529        3.08661      -0.113850E+008
  1582.99        8975.27        3228.42       0.408918E-004  0.116117E-005   1290.47        6.41510        3.08171      -0.113630E+008
  1600.00        8975.27        3226.17       0.410923E-004  0.116690E-005   1292.12        6.40487        3.07680      -0.113411E+008
  273.000        10257.3        3021.59       0.190435E-004  0.153092E-005   780.712        5.84512        2.80790      -0.128621E+008
  290.013        10257.3        3011.65       0.210176E-004  0.154461E-005   824.775        5.82549        2.79847      -0.128461E+008
  307.026        10257.3        3010.55       0.216851E-004  0.154748E-005   859.423        5.82218        2.79689      -0.128317E+008
  324.038        10257.3        3009.40       0.222785E-004  0.155046E-005   890.217        5.81872        2.79522      -0.128167E+008
  341.051        10257.3        3008.24       0.228091E-004  0.155350E-005   917.813        5.81515        2.79351      -0.128013E+008
  358.064        10257.3        3007.02       0.232859E-004  0.155667E-005   942.681        5.81142        2.79172      -0.127853E+008
  375.077        10257.3        3005.83       0.237171E-004  0.155986E-005   965.275        5.80765        2.78990      -0.127691E+008
  392.090        10257.3        3004.55       0.241087E-004  0.156318E-005   985.860        5.80371        2.78801      -0.127523E+008
  409.103        10257.3        3003.31       0.244666E-004  0.156650E-005   1004.77        5.79975        2.78611      -0.127354E+008
  426.115        10257.3        3002.02       0.247952E-004  0.156992E-005   1022.16        5.79567        2.78415      -0.127180E+008
  443.128        10257.3        3034.58       0.282954E-004  0.132847E-005   1044.58        6.18813        2.97268      -0.126951E+008
  460.141        10257.3        3033.83       0.286371E-004  0.132714E-005   1060.34        6.19117        2.97414      -0.126767E+008
  477.154        10257.3        3032.94       0.289639E-004  0.132679E-005   1075.41        6.19238        2.97473      -0.126583E+008
  494.167        10257.3        3032.83       0.293030E-004  0.132120E-005   1089.25        6.20271        2.97969      -0.126393E+008
  511.179        10257.3        3031.64       0.295804E-004  0.132272E-005   1102.64        6.20062        2.97868      -0.126204E+008
  528.192        10257.3        3031.27       0.298733E-004  0.131858E-005   1114.95        6.20837        2.98240      -0.126008E+008
  545.205        10257.3        3030.76       0.301694E-004  0.131557E-005   1126.93        6.21401        2.98511      -0.125814E+008
  562.218        10257.3        3031.27       0.304980E-004  0.130561E-005   1138.12        6.23173        2.99363      -0.125614E+008
  579.231        10257.3        3030.42       0.307524E-004  0.130460E-005   1148.85        6.23385        2.99464      -0.125415E+008
  596.244        10257.3        3030.59       0.310529E-004  0.129679E-005   1159.08        6.24775        3.00132      -0.125212E+008
  613.256        10257.3        3030.74       0.313488E-004  0.128905E-005   1168.87        6.26152        3.00794      -0.125008E+008
  630.269        10257.3        3032.19       0.317140E-004  0.127246E-005   1178.42        6.29086        3.02203      -0.124798E+008
  647.282        10257.3        3031.81       0.319769E-004  0.126813E-005   1187.41        6.29862        3.02576      -0.124591E+008
  664.295        10257.3        3033.33       0.323422E-004  0.125096E-005   1196.32        6.32919        3.04044      -0.124377E+008
  681.308        10257.3        3033.78       0.326555E-004  0.124089E-005   1204.84        6.34718        3.04909      -0.124166E+008
  698.321        10257.3        3033.12       0.329005E-004  0.123832E-005   1212.81        6.35170        3.05126      -0.123956E+008
  715.333        10257.3        3031.41       0.330821E-004  0.124277E-005   1220.25        6.34358        3.04736      -0.123747E+008
  732.346        10257.3        3029.69       0.332601E-004  0.124726E-005   1227.37        6.33541        3.04343      -0.123537E+008
  749.359        10257.3        3027.97       0.334355E-004  0.125180E-005   1234.20        6.32718        3.03948      -0.123326E+008
  766.372        10257.3        3026.24       0.336085E-004  0.125638E-005   1240.76        6.31890        3.03550      -0.123114E+008
  783.385        10257.3        3024.51       0.337788E-004  0.126101E-005   1247.06        6.31057        3.03150      -0.122900E+008
  800.397        10257.3        3022.76       0.339478E-004  0.126569E-005   1253.13        6.30219        3.02748      -0.122686E+008
  817.410        10257.3        3021.01       0.341146E-004  0.127042E-005   1258.97        6.29377        3.02343      -0.122471E+008
  834.423        10257.3        3019.26       0.342804E-004  0.127519E-005   1264.60        6.28529        3.01936      -0.122254E+008
  851.436        10257.3        3017.49       0.344449E-004  0.128001E-005   1270.04        6.27677        3.01526      -0.122037E+008
  868.449        10257.3        3015.72       0.346084E-004  0.128489E-005   1275.29        6.26820        3.01114      -0.121819E+008
  885.462        10257.3        3317.44       0.335422E-004  0.963530E-006   1176.16        6.82910        3.28059      -0.121925E+008
  902.474        10257.3        3315.54       0.337004E-004  0.967198E-006   1180.67        6.82037        3.27640      -0.121724E+008
  919.487        10257.3        3313.64       0.338580E-004  0.970902E-006   1185.05        6.81159        3.27218      -0.121523E+008
  936.500        10257.3        3311.72       0.340154E-004  0.974641E-006   1189.28        6.80278        3.26795      -0.121321E+008
  953.513        10257.3        3309.80       0.341725E-004  0.978417E-006   1193.39        6.79394        3.26370      -0.121118E+008
  970.526        10257.3        3307.88       0.343294E-004  0.982230E-006   1197.37        6.78506        3.25944      -0.120915E+008
  987.538        10257.3        3305.94       0.344863E-004  0.986079E-006   1201.23        6.77614        3.25515      -0.120711E+008
  1004.55        10257.3        3304.00       0.346433E-004  0.989966E-006   1204.99        6.76719        3.25085      -0.120506E+008
  1021.56        10257.3        3302.05       0.348005E-004  0.993891E-006   1208.63        6.75820        3.24654      -0.120301E+008
  1038.58        10257.3        3300.09       0.349579E-004  0.997854E-006   1212.18        6.74918        3.24220      -0.120095E+008
  1055.59        10257.3        3298.12       0.351155E-004  0.100186E-005   1215.63        6.74012        3.23785      -0.119888E+008
  1072.60        10257.3        3296.15       0.352736E-004  0.100590E-005   1218.98        6.73103        3.23348      -0.119681E+008
  1089.62        10257.3        3294.16       0.354322E-004  0.100998E-005   1222.25        6.72191        3.22910      -0.119474E+008
  1106.63        10257.3        3292.18       0.355912E-004  0.101410E-005   1225.43        6.71275        3.22470      -0.119265E+008
  1123.64        10257.3        3290.18       0.357509E-004  0.101826E-005   1228.53        6.70356        3.22029      -0.119057E+008
  1140.65        10257.3        3288.17       0.359112E-004  0.102246E-005   1231.55        6.69433        3.21585      -0.118847E+008
  1157.67        10257.3        3286.16       0.360722E-004  0.102671E-005   1234.50        6.68507        3.21141      -0.118638E+008
  1174.68        10257.3        3284.14       0.362340E-004  0.103099E-005   1237.37        6.67578        3.20694      -0.118427E+008
  1191.69        10257.3        3282.11       0.363966E-004  0.103532E-005   1240.17        6.66646        3.20246      -0.118217E+008
  1208.71        10257.3        3280.07       0.365601E-004  0.103969E-005   1242.91        6.65710        3.19797      -0.118005E+008
  1225.72        10257.3        3278.03       0.367245E-004  0.104411E-005   1245.57        6.64770        3.19345      -0.117794E+008
  1242.73        10257.3        3275.98       0.368898E-004  0.104857E-005   1248.18        6.63828        3.18893      -0.117582E+008
  1259.74        10257.3        3273.92       0.370562E-004  0.105308E-005   1250.73        6.62882        3.18438      -0.117369E+008
  1276.76        10257.3        3271.85       0.372237E-004  0.105763E-005   1253.21        6.61933        3.17982      -0.117156E+008
  1293.77        10257.3        3269.77       0.373922E-004  0.106223E-005   1255.64        6.60981        3.17525      -0.116943E+008
  1310.78        10257.3        3267.69       0.375619E-004  0.106688E-005   1258.01        6.60025        3.17066      -0.116729E+008
  1327.79        10257.3        3265.60       0.377328E-004  0.107158E-005   1260.33        6.59066        3.16605      -0.116515E+008
  1344.81        10257.3        3263.50       0.379050E-004  0.107632E-005   1262.60        6.58104        3.16143      -0.116300E+008
  1361.82        10257.3        3261.39       0.380784E-004  0.108111E-005   1264.82        6.57138        3.15679      -0.116085E+008
  1378.83        10257.3        3259.27       0.382532E-004  0.108596E-005   1266.99        6.56169        3.15213      -0.115870E+008
  1395.85        10257.3        3257.15       0.384293E-004  0.109085E-005   1269.11        6.55197        3.14746      -0.115654E+008
  1412.86        10257.3        3255.01       0.386068E-004  0.109580E-005   1271.18        6.54221        3.14278      -0.115438E+008
  1429.87        10257.3        3252.87       0.387858E-004  0.110080E-005   1273.21        6.53242        3.13807      -0.115221E+008
  1446.88        10257.3        3250.72       0.389662E-004  0.110585E-005   1275.20        6.52260        3.13336      -0.115005E+008
  1463.90        10257.3        3248.56       0.391482E-004  0.111096E-005   1277.14        6.51274        3.12862      -0.114788E+008
  1480.91        10257.3        3246.39       0.393318E-004  0.111612E-005   1279.05        6.50285        3.12387      -0.114570E+008
  1497.92        10257.3        3244.22       0.395169E-004  0.112134E-005   1280.91        6.49293        3.11910      -0.114352E+008
  1514.94        10257.3        3242.03       0.397037E-004  0.112662E-005   1282.73        6.48297        3.11432      -0.114134E+008
  1531.95        10257.3        3239.84       0.398923E-004  0.113195E-005   1284.51        6.47298        3.10952      -0.113916E+008
  1548.96        10257.3        3237.63       0.400825E-004  0.113735E-005   1286.26        6.46296        3.10471      -0.113697E+008
  1565.97        10257.3        3235.42       0.402745E-004  0.114280E-005   1287.96        6.45290        3.09987      -0.113478E+008
  1582.99        10257.3        3233.20       0.404684E-004  0.114832E-005   1289.64        6.44281        3.09503      -0.113259E+008
  1600.00        10257.3        3230.97       0.406641E-004  0.115390E-005   1291.27        6.43268        3.09016      -0.113039E+008
  273.000        11539.3        3027.49       0.188794E-004  0.151244E-005   780.195        5.86882        2.81929      -0.128199E+008
  290.013        11539.3        3026.50       0.195828E-004  0.151464E-005   819.532        5.86647        2.81816      -0.128063E+008
  307.026        11539.3        3016.49       0.214689E-004  0.152729E-005   858.939        5.84889        2.80971      -0.127894E+008
  324.038        11539.3        3015.36       0.220555E-004  0.153017E-005   889.764        5.84547        2.80807      -0.127745E+008
  341.051        11539.3        3014.20       0.225799E-004  0.153315E-005   917.376        5.84191        2.80637      -0.127591E+008
  358.064        11539.3        3013.02       0.230512E-004  0.153620E-005   942.284        5.83826        2.80461      -0.127432E+008
  375.077        11539.3        3011.80       0.234771E-004  0.153933E-005   964.883        5.83449        2.80280      -0.127269E+008
  392.090        11539.3        3010.57       0.238640E-004  0.154252E-005   985.502        5.83062        2.80094      -0.127102E+008
  409.103        11539.3        3042.32       0.273241E-004  0.130867E-005   1008.38        6.22109        2.98851      -0.126887E+008
  426.115        11539.3        3041.50       0.277133E-004  0.130802E-005   1026.66        6.22303        2.98945      -0.126711E+008
  443.128        11539.3        3040.83       0.280827E-004  0.130629E-005   1043.67        6.22689        2.99130      -0.126531E+008
  460.141        11539.3        3040.01       0.284235E-004  0.130543E-005   1059.67        6.22913        2.99238      -0.126349E+008
  477.154        11539.3        3042.48       0.288902E-004  0.128277E-005   1073.92        6.27063        3.01231      -0.126153E+008
  494.167        11539.3        3041.37       0.291852E-004  0.128365E-005   1088.22        6.26956        3.01180      -0.125966E+008
  511.179        11539.3        3041.45       0.295255E-004  0.127673E-005   1101.63        6.28256        3.01804      -0.125775E+008
  528.192        11539.3        3041.54       0.298415E-004  0.126945E-005   1114.20        6.29627        3.02463      -0.125578E+008
  545.205        11539.3        3041.83       0.301807E-004  0.126099E-005   1126.35        6.31196        3.03217      -0.125383E+008
  562.218        11539.3        3041.57       0.304714E-004  0.125602E-005   1137.79        6.32135        3.03668      -0.125184E+008
  579.231        11539.3        3039.15       0.306486E-004  0.126553E-005   1148.60        6.30433        3.02850      -0.124991E+008
  596.244        11539.3        3039.28       0.309480E-004  0.125789E-005   1158.96        6.31844        3.03528      -0.124788E+008
  613.256        11539.3        3040.47       0.313006E-004  0.124302E-005   1168.98        6.34576        3.04840      -0.124581E+008
  630.269        11539.3        3040.85       0.316097E-004  0.123359E-005   1178.55        6.36318        3.05677      -0.124374E+008
  647.282        11539.3        3042.03       0.319610E-004  0.121867E-005   1187.87        6.39083        3.07006      -0.124164E+008
  664.295        11539.3        3041.27       0.322031E-004  0.121674E-005   1196.54        6.39440        3.07177      -0.123957E+008
  681.308        11539.3        3039.59       0.323894E-004  0.122099E-005   1204.68        6.38647        3.06796      -0.123751E+008
  698.321        11539.3        3037.91       0.325714E-004  0.122528E-005   1212.45        6.37849        3.06413      -0.123543E+008
  715.333        11539.3        3036.22       0.327492E-004  0.122962E-005   1219.88        6.37046        3.06027      -0.123334E+008
  732.346        11539.3        3034.52       0.329241E-004  0.123400E-005   1227.00        6.36237        3.05638      -0.123125E+008
  749.359        11539.3        3032.81       0.330961E-004  0.123843E-005   1233.82        6.35423        3.05247      -0.122913E+008
  766.372        11539.3        3031.10       0.332658E-004  0.124290E-005   1240.38        6.34603        3.04854      -0.122701E+008
  783.385        11539.3        3029.37       0.334330E-004  0.124742E-005   1246.68        6.33779        3.04458      -0.122488E+008
  800.397        11539.3        3027.65       0.335980E-004  0.125199E-005   1252.74        6.32950        3.04059      -0.122274E+008
  817.410        11539.3        3025.91       0.337617E-004  0.125660E-005   1258.57        6.32116        3.03659      -0.122058E+008
  834.423        11539.3        3024.17       0.339236E-004  0.126125E-005   1264.20        6.31277        3.03256      -0.121842E+008
  851.436        11539.3        3022.42       0.340846E-004  0.126596E-005   1269.63        6.30433        3.02850      -0.121625E+008
  868.449        11539.3        3020.66       0.342445E-004  0.127071E-005   1274.87        6.29585        3.02443      -0.121407E+008
  885.462        11539.3        3026.34       0.343773E-004  0.126763E-005   1277.14        6.30006        3.02645      -0.121198E+008
  902.474        11539.3        3319.64       0.334254E-004  0.958785E-006   1180.31        6.84444        3.28796      -0.121349E+008
  919.487        11539.3        3317.75       0.335804E-004  0.962414E-006   1184.68        6.83573        3.28378      -0.121148E+008
  936.500        11539.3        3315.85       0.337351E-004  0.966078E-006   1188.91        6.82700        3.27958      -0.120946E+008
  953.513        11539.3        3313.94       0.338895E-004  0.969778E-006   1193.00        6.81822        3.27537      -0.120744E+008
  970.526        11539.3        3312.03       0.340437E-004  0.973512E-006   1196.98        6.80941        3.27114      -0.120540E+008
  987.538        11539.3        3310.10       0.341979E-004  0.977283E-006   1200.84        6.80057        3.26689      -0.120336E+008
  1004.55        11539.3        3308.17       0.343521E-004  0.981090E-006   1204.58        6.79169        3.26262      -0.120132E+008
  1021.56        11539.3        3306.24       0.345064E-004  0.984933E-006   1208.22        6.78278        3.25834      -0.119927E+008
  1038.58        11539.3        3304.29       0.346609E-004  0.988814E-006   1211.76        6.77383        3.25404      -0.119721E+008
  1055.59        11539.3        3302.34       0.348157E-004  0.992732E-006   1215.20        6.76485        3.24973      -0.119514E+008
  1072.60        11539.3        3300.38       0.349709E-004  0.996687E-006   1218.55        6.75583        3.24540      -0.119307E+008
  1089.62        11539.3        3298.41       0.351265E-004  0.100068E-005   1221.81        6.74679        3.24105      -0.119100E+008
  1106.63        11539.3        3296.44       0.352825E-004  0.100471E-005   1224.98        6.73770        3.23669      -0.118892E+008
  1123.64        11539.3        3294.46       0.354392E-004  0.100879E-005   1228.07        6.72859        3.23231      -0.118683E+008
  1140.65        11539.3        3292.47       0.355964E-004  0.101290E-005   1231.08        6.71944        3.22792      -0.118474E+008
  1157.67        11539.3        3290.47       0.357543E-004  0.101705E-005   1234.01        6.71026        3.22351      -0.118264E+008
  1174.68        11539.3        3288.46       0.359129E-004  0.102124E-005   1236.88        6.70105        3.21908      -0.118054E+008
  1191.69        11539.3        3286.45       0.360724E-004  0.102548E-005   1239.67        6.69181        3.21464      -0.117843E+008
  1208.71        11539.3        3284.43       0.362326E-004  0.102976E-005   1242.39        6.68253        3.21018      -0.117632E+008
  1225.72        11539.3        3282.40       0.363937E-004  0.103407E-005   1245.05        6.67322        3.20571      -0.117420E+008
  1242.73        11539.3        3280.36       0.365557E-004  0.103844E-005   1247.65        6.66388        3.20122      -0.117208E+008
  1259.74        11539.3        3278.32       0.367187E-004  0.104284E-005   1250.18        6.65450        3.19672      -0.116996E+008
  1276.76        11539.3        3276.27       0.368827E-004  0.104729E-005   1252.65        6.64510        3.19220      -0.116783E+008
  1293.77        11539.3        3274.21       0.370478E-004  0.105179E-005   1255.07        6.63566        3.18767      -0.116570E+008
  1310.78        11539.3        3272.14       0.372140E-004  0.105633E-005   1257.43        6.62619        3.18312      -0.116356E+008
  1327.79        11539.3        3270.07       0.373813E-004  0.106092E-005   1259.74        6.61668        3.17855      -0.116142E+008
  1344.81        11539.3        3267.98       0.375498E-004  0.106555E-005   1262.00        6.60715        3.17397      -0.115927E+008
  1361.82        11539.3        3265.89       0.377195E-004  0.107023E-005   1264.20        6.59758        3.16937      -0.115712E+008
  1378.83        11539.3        3263.79       0.378905E-004  0.107497E-005   1266.36        6.58798        3.16476      -0.115497E+008
  1395.85        11539.3        3261.68       0.380629E-004  0.107975E-005   1268.47        6.57835        3.16014      -0.115282E+008
  1412.86        11539.3        3259.57       0.382365E-004  0.108457E-005   1270.53        6.56868        3.15549      -0.115066E+008
  1429.87        11539.3        3257.44       0.384115E-004  0.108946E-005   1272.54        6.55898        3.15083      -0.114849E+008
  1446.88        11539.3        3255.31       0.385880E-004  0.109439E-005   1274.51        6.54925        3.14616      -0.114633E+008
  1463.90        11539.3        3253.17       0.387659E-004  0.109937E-005   1276.44        6.53949        3.14147      -0.114416E+008
  1480.91        11539.3        3251.02       0.389454E-004  0.110441E-005   1278.33        6.52970        3.13677      -0.114198E+008
  1497.92        11539.3        3248.86       0.391263E-004  0.110950E-005   1280.18        6.51987        3.13204      -0.113981E+008
  1514.94        11539.3        3246.69       0.393089E-004  0.111465E-005   1281.98        6.51001        3.12731      -0.113763E+008
  1531.95        11539.3        3244.52       0.394931E-004  0.111985E-005   1283.75        6.50012        3.12255      -0.113544E+008
  1548.96        11539.3        3242.33       0.396789E-004  0.112511E-005   1285.48        6.49019        3.11779      -0.113326E+008
  1565.97        11539.3        3240.14       0.398664E-004  0.113043E-005   1287.17        6.48023        3.11300      -0.113107E+008
  1582.99        11539.3        3237.94       0.400557E-004  0.113581E-005   1288.82        6.47024        3.10820      -0.112888E+008
  1600.00        11539.3        3235.73       0.402468E-004  0.114124E-005   1290.44        6.46021        3.10339      -0.112669E+008
  273.000        12821.4        3033.33       0.187196E-004  0.149453E-005   779.686        5.89225        2.83054      -0.127778E+008
  290.013        12821.4        3032.35       0.194164E-004  0.149667E-005   819.054        5.88991        2.82942      -0.127642E+008
  307.026        12821.4        3031.33       0.200312E-004  0.149890E-005   853.755        5.88746        2.82824      -0.127500E+008
  324.038        12821.4        3021.24       0.218385E-004  0.151052E-005   889.313        5.87191        2.82078      -0.127323E+008
  341.051        12821.4        3020.10       0.223569E-004  0.151341E-005   916.951        5.86840        2.81909      -0.127169E+008
  358.064        12821.4        3050.62       0.257509E-004  0.129085E-005   943.584        6.25015        3.00248      -0.126976E+008
  375.077        12821.4        3049.77       0.262413E-004  0.129061E-005   966.584        6.25150        3.00312      -0.126811E+008
  392.090        12821.4        3049.81       0.267209E-004  0.128438E-005   987.252        6.26398        3.00912      -0.126638E+008
  409.103        12821.4        3048.23       0.271119E-004  0.128885E-005   1007.50        6.25647        3.00551      -0.126469E+008
  426.115        12821.4        3048.05       0.275234E-004  0.128385E-005   1025.56        6.26651        3.01034      -0.126290E+008
  443.128        12821.4        3046.97       0.278751E-004  0.128480E-005   1042.88        6.26547        3.00984      -0.126113E+008
  460.141        12821.4        3046.57       0.282319E-004  0.128120E-005   1058.85        6.27282        3.01336      -0.125929E+008
  477.154        12821.4        3046.14       0.285699E-004  0.127766E-005   1073.88        6.28000        3.01681      -0.125743E+008
  494.167        12821.4        3048.02       0.289890E-004  0.125866E-005   1087.66        6.31588        3.03405      -0.125546E+008
  511.179        12821.4        3045.88       0.292288E-004  0.126645E-005   1101.37        6.30186        3.02732      -0.125362E+008
  528.192        12821.4        3048.87       0.296786E-004  0.123982E-005   1113.82        6.35205        3.05142      -0.125157E+008
  545.205        12821.4        3046.34       0.298799E-004  0.125015E-005   1126.04        6.33302        3.04228      -0.124970E+008
  562.218        12821.4        3049.33       0.303291E-004  0.122335E-005   1137.58        6.38370        3.06663      -0.124763E+008
  579.231        12821.4        3047.66       0.305476E-004  0.122784E-005   1148.49        6.37544        3.06266      -0.124568E+008
  596.244        12821.4        3049.28       0.309209E-004  0.121000E-005   1159.05        6.40948        3.07901      -0.124360E+008
  613.256        12821.4        3049.94       0.312539E-004  0.119865E-005   1169.21        6.43126        3.08948      -0.124156E+008
  630.269        12821.4        3049.29       0.315067E-004  0.119604E-005   1178.73        6.43632        3.09191      -0.123952E+008
  647.282        12821.4        3047.65       0.317001E-004  0.120010E-005   1187.67        6.42859        3.08820      -0.123749E+008
  664.295        12821.4        3045.99       0.318866E-004  0.120421E-005   1196.18        6.42081        3.08446      -0.123544E+008
  681.308        12821.4        3044.33       0.320709E-004  0.120835E-005   1204.32        6.41296        3.08069      -0.123338E+008
  698.321        12821.4        3042.66       0.322488E-004  0.121255E-005   1212.08        6.40506        3.07689      -0.123131E+008
  715.333        12821.4        3040.98       0.324245E-004  0.121678E-005   1219.52        6.39711        3.07307      -0.122922E+008
  732.346        12821.4        3039.30       0.325956E-004  0.122106E-005   1226.63        6.38910        3.06923      -0.122713E+008
  749.359        12821.4        3037.60       0.327645E-004  0.122538E-005   1233.46        6.38104        3.06535      -0.122502E+008
  766.372        12821.4        3035.90       0.329305E-004  0.122975E-005   1240.01        6.37293        3.06146      -0.122289E+008
  783.385        12821.4        3034.20       0.330942E-004  0.123416E-005   1246.30        6.36477        3.05754      -0.122076E+008
  800.397        12821.4        3032.48       0.332564E-004  0.123861E-005   1252.36        6.35657        3.05360      -0.121862E+008
  817.410        12821.4        3030.76       0.334164E-004  0.124311E-005   1258.18        6.34831        3.04963      -0.121647E+008
  834.423        12821.4        3029.04       0.335752E-004  0.124765E-005   1263.80        6.34001        3.04564      -0.121430E+008
  851.436        12821.4        3027.30       0.337328E-004  0.125224E-005   1269.23        6.33166        3.04163      -0.121213E+008
  868.449        12821.4        3025.56       0.338895E-004  0.125687E-005   1274.46        6.32326        3.03760      -0.120995E+008
  885.462        12821.4        3023.81       0.340453E-004  0.126155E-005   1279.53        6.31482        3.03354      -0.120776E+008
  902.474        12821.4        3323.70       0.331559E-004  0.950545E-006   1179.96        6.86831        3.29943      -0.120975E+008
  919.487        12821.4        3321.82       0.333084E-004  0.954103E-006   1184.32        6.85968        3.29528      -0.120774E+008
  936.500        12821.4        3319.94       0.334604E-004  0.957694E-006   1188.54        6.85101        3.29112      -0.120572E+008
  953.513        12821.4        3318.05       0.336122E-004  0.961319E-006   1192.63        6.84231        3.28694      -0.120370E+008
  970.526        12821.4        3316.14       0.337638E-004  0.964979E-006   1196.60        6.83357        3.28274      -0.120166E+008
  987.538        12821.4        3314.24       0.339153E-004  0.968673E-006   1200.45        6.82479        3.27853      -0.119962E+008
  1004.55        12821.4        3312.32       0.340668E-004  0.972403E-006   1204.19        6.81599        3.27429      -0.119758E+008
  1021.56        12821.4        3310.40       0.342184E-004  0.976168E-006   1207.82        6.80715        3.27005      -0.119553E+008
  1038.58        12821.4        3308.47       0.343701E-004  0.979968E-006   1211.35        6.79827        3.26578      -0.119347E+008
  1055.59        12821.4        3306.53       0.345221E-004  0.983805E-006   1214.78        6.78936        3.26151      -0.119141E+008
  1072.60        12821.4        3304.58       0.346745E-004  0.987679E-006   1218.12        6.78042        3.25721      -0.118934E+008
  1089.62        12821.4        3302.63       0.348272E-004  0.991590E-006   1221.37        6.77145        3.25290      -0.118726E+008
  1106.63        12821.4        3300.67       0.349804E-004  0.995538E-006   1224.53        6.76245        3.24857      -0.118518E+008
  1123.64        12821.4        3298.70       0.351341E-004  0.999525E-006   1227.61        6.75341        3.24423      -0.118309E+008
  1140.65        12821.4        3296.72       0.352884E-004  0.100355E-005   1230.62        6.74434        3.23987      -0.118100E+008
  1157.67        12821.4        3294.74       0.354433E-004  0.100761E-005   1233.54        6.73524        3.23550      -0.117891E+008
  1174.68        12821.4        3292.75       0.355988E-004  0.101172E-005   1236.39        6.72610        3.23111      -0.117681E+008
  1191.69        12821.4        3290.75       0.357552E-004  0.101586E-005   1239.18        6.71694        3.22671      -0.117470E+008
  1208.71        12821.4        3288.75       0.359123E-004  0.102004E-005   1241.89        6.70774        3.22229      -0.117259E+008
  1225.72        12821.4        3286.73       0.360702E-004  0.102427E-005   1244.54        6.69851        3.21786      -0.117047E+008
  1242.73        12821.4        3284.71       0.362290E-004  0.102853E-005   1247.12        6.68925        3.21341      -0.116836E+008
  1259.74        12821.4        3282.68       0.363888E-004  0.103284E-005   1249.65        6.67995        3.20895      -0.116623E+008
  1276.76        12821.4        3280.65       0.365495E-004  0.103720E-005   1252.11        6.67063        3.20447      -0.116410E+008
  1293.77        12821.4        3278.61       0.367112E-004  0.104159E-005   1254.51        6.66127        3.19997      -0.116197E+008
  1310.78        12821.4        3276.55       0.368740E-004  0.104603E-005   1256.86        6.65189        3.19546      -0.115983E+008
  1327.79        12821.4        3274.49       0.370378E-004  0.105051E-005   1259.16        6.64247        3.19094      -0.115769E+008
  1344.81        12821.4        3272.43       0.372028E-004  0.105504E-005   1261.40        6.63302        3.18640      -0.115555E+008
  1361.82        12821.4        3270.35       0.373690E-004  0.105962E-005   1263.60        6.62354        3.18184      -0.115340E+008
  1378.83        12821.4        3268.27       0.375364E-004  0.106424E-005   1265.74        6.61402        3.17727      -0.115125E+008
  1395.85        12821.4        3266.18       0.377050E-004  0.106891E-005   1267.83        6.60448        3.17269      -0.114910E+008
  1412.86        12821.4        3264.08       0.378749E-004  0.107363E-005   1269.88        6.59490        3.16809      -0.114694E+008
  1429.87        12821.4        3261.97       0.380462E-004  0.107839E-005   1271.89        6.58530        3.16347      -0.114477E+008
  1446.88        12821.4        3259.86       0.382188E-004  0.108321E-005   1273.84        6.57566        3.15884      -0.114261E+008
  1463.90        12821.4        3257.73       0.383928E-004  0.108807E-005   1275.76        6.56599        3.15420      -0.114044E+008
  1480.91        12821.4        3255.60       0.385683E-004  0.109299E-005   1277.63        6.55628        3.14954      -0.113827E+008
  1497.92        12821.4        3253.46       0.387452E-004  0.109796E-005   1279.46        6.54655        3.14486      -0.113609E+008
  1514.94        12821.4        3251.31       0.389237E-004  0.110298E-005   1281.25        6.53678        3.14017      -0.113392E+008
  1531.95        12821.4        3249.15       0.391037E-004  0.110806E-005   1283.01        6.52698        3.13546      -0.113173E+008
  1548.96        12821.4        3246.99       0.392853E-004  0.111319E-005   1284.72        6.51715        3.13074      -0.112955E+008
  1565.97        12821.4        3244.81       0.394685E-004  0.111838E-005   1286.39        6.50729        3.12600      -0.112736E+008
  1582.99        12821.4        3242.63       0.396534E-004  0.112362E-005   1288.03        6.49740        3.12125      -0.112517E+008
  1600.00        12821.4        3240.44       0.398400E-004  0.112892E-005   1289.64        6.48747        3.11648      -0.112298E+008
  273.000        14103.4        3039.12       0.185639E-004  0.147716E-005   779.181        5.91540        2.84166      -0.127358E+008
  290.013        14103.4        3072.86       0.213512E-004  0.126187E-005   820.263        6.29341        3.02326      -0.127210E+008
  307.026        14103.4        3072.10       0.220245E-004  0.126160E-005   853.470        6.29492        3.02398      -0.127066E+008
  324.038        14103.4        3071.37       0.226236E-004  0.126109E-005   883.523        6.29684        3.02490      -0.126917E+008
  341.051        14103.4        3056.97       0.250087E-004  0.127398E-005   917.715        6.27975        3.01670      -0.126719E+008
  358.064        14103.4        3056.18       0.255444E-004  0.127343E-005   942.727        6.28177        3.01767      -0.126558E+008
  375.077        14103.4        3056.87       0.260876E-004  0.126297E-005   965.018        6.30266        3.02770      -0.126388E+008
  392.090        14103.4        3057.27       0.265834E-004  0.125430E-005   986.034        6.32012        3.03609      -0.126215E+008
  409.103        14103.4        3054.47       0.269169E-004  0.126679E-005   1006.48        6.29708        3.02502      -0.126049E+008
  426.115        14103.4        3056.54       0.274218E-004  0.124686E-005   1024.24        6.33589        3.04366      -0.125864E+008
  443.128        14103.4        3054.12       0.277101E-004  0.125658E-005   1041.80        6.31806        3.03510      -0.125689E+008
  460.141        14103.4        3053.09       0.280464E-004  0.125717E-005   1058.12        6.31754        3.03485      -0.125510E+008
  477.154        14103.4        3053.36       0.284143E-004  0.124900E-005   1073.15        6.33371        3.04262      -0.125323E+008
  494.167        14103.4        3056.67       0.289082E-004  0.122035E-005   1087.20        6.38929        3.06931      -0.125123E+008
  511.179        14103.4        3056.41       0.292289E-004  0.121550E-005   1100.78        6.39912        3.07404      -0.124933E+008
  528.192        14103.4        3057.48       0.296003E-004  0.120158E-005   1113.64        6.42663        3.08725      -0.124735E+008
  545.205        14103.4        3056.50       0.298668E-004  0.120143E-005   1125.83        6.42722        3.08754      -0.124542E+008
  562.218        14103.4        3056.11       0.301550E-004  0.119727E-005   1137.42        6.43562        3.09157      -0.124346E+008
  579.231        14103.4        3057.49       0.305264E-004  0.118105E-005   1148.59        6.46771        3.10699      -0.124142E+008
  596.244        14103.4        3057.18       0.308053E-004  0.117618E-005   1159.12        6.47749        3.11168      -0.123941E+008
  613.256        14103.4        3055.57       0.310088E-004  0.118006E-005   1169.00        6.46995        3.10806      -0.123741E+008
  630.269        14103.4        3053.95       0.312051E-004  0.118399E-005   1178.39        6.46236        3.10442      -0.123540E+008
  647.282        14103.4        3052.31       0.313932E-004  0.118795E-005   1187.31        6.45472        3.10075      -0.123337E+008
  664.295        14103.4        3050.67       0.315790E-004  0.119196E-005   1195.84        6.44700        3.09704      -0.123133E+008
  681.308        14103.4        3049.03       0.317597E-004  0.119601E-005   1203.97        6.43922        3.09330      -0.122927E+008
  698.321        14103.4        3047.37       0.319351E-004  0.120011E-005   1211.74        6.43140        3.08955      -0.122720E+008
  715.333        14103.4        3045.70       0.321068E-004  0.120424E-005   1219.17        6.42353        3.08576      -0.122511E+008
  732.346        14103.4        3044.03       0.322747E-004  0.120842E-005   1226.28        6.41561        3.08196      -0.122301E+008
  749.359        14103.4        3042.35       0.324402E-004  0.121264E-005   1233.10        6.40763        3.07813      -0.122090E+008
  766.372        14103.4        3040.67       0.326032E-004  0.121690E-005   1239.64        6.39960        3.07427      -0.121878E+008
  783.385        14103.4        3038.98       0.327641E-004  0.122121E-005   1245.93        6.39152        3.07039      -0.121665E+008
  800.397        14103.4        3037.28       0.329229E-004  0.122555E-005   1251.98        6.38340        3.06649      -0.121451E+008
  817.410        14103.4        3035.57       0.330794E-004  0.122994E-005   1257.80        6.37523        3.06256      -0.121235E+008
  834.423        14103.4        3033.86       0.332349E-004  0.123438E-005   1263.42        6.36701        3.05861      -0.121019E+008
  851.436        14103.4        3032.14       0.333892E-004  0.123885E-005   1268.84        6.35875        3.05464      -0.120802E+008
  868.449        14103.4        3030.41       0.335427E-004  0.124337E-005   1274.07        6.35044        3.05065      -0.120584E+008
  885.462        14103.4        3028.68       0.336953E-004  0.124794E-005   1279.12        6.34208        3.04664      -0.120366E+008
  902.474        14103.4        3327.74       0.328917E-004  0.942474E-006   1179.61        6.89200        3.31081      -0.120601E+008
  919.487        14103.4        3325.87       0.330417E-004  0.945962E-006   1183.96        6.88343        3.30669      -0.120400E+008
  936.500        14103.4        3324.00       0.331912E-004  0.949482E-006   1188.18        6.87483        3.30256      -0.120198E+008
  953.513        14103.4        3322.12       0.333404E-004  0.953036E-006   1192.26        6.86620        3.29841      -0.119996E+008
  970.526        14103.4        3320.23       0.334895E-004  0.956623E-006   1196.23        6.85753        3.29425      -0.119793E+008
  987.538        14103.4        3318.34       0.336384E-004  0.960244E-006   1200.07        6.84882        3.29007      -0.119589E+008
  1004.55        14103.4        3316.43       0.337873E-004  0.963899E-006   1203.80        6.84009        3.28587      -0.119384E+008
  1021.56        14103.4        3314.52       0.339362E-004  0.967588E-006   1207.42        6.83132        3.28166      -0.119179E+008
  1038.58        14103.4        3312.61       0.340853E-004  0.971311E-006   1210.95        6.82251        3.27743      -0.118973E+008
  1055.59        14103.4        3310.68       0.342346E-004  0.975070E-006   1214.37        6.81368        3.27318      -0.118767E+008
  1072.60        14103.4        3308.75       0.343842E-004  0.978864E-006   1217.70        6.80481        3.26892      -0.118560E+008
  1089.62        14103.4        3306.81       0.345342E-004  0.982695E-006   1220.94        6.79591        3.26465      -0.118353E+008
  1106.63        14103.4        3304.86       0.346845E-004  0.986561E-006   1224.10        6.78698        3.26036      -0.118145E+008
  1123.64        14103.4        3302.91       0.348354E-004  0.990465E-006   1227.17        6.77801        3.25605      -0.117936E+008
  1140.65        14103.4        3300.95       0.349868E-004  0.994405E-006   1230.16        6.76902        3.25173      -0.117727E+008
  1157.67        14103.4        3298.98       0.351388E-004  0.998383E-006   1233.08        6.75999        3.24740      -0.117518E+008
  1174.68        14103.4        3297.00       0.352914E-004  0.100240E-005   1235.92        6.75094        3.24304      -0.117308E+008
  1191.69        14103.4        3295.02       0.354448E-004  0.100645E-005   1238.69        6.74185        3.23868      -0.117097E+008
  1208.71        14103.4        3293.03       0.355989E-004  0.101055E-005   1241.40        6.73273        3.23430      -0.116886E+008
  1225.72        14103.4        3291.03       0.357537E-004  0.101468E-005   1244.04        6.72358        3.22990      -0.116675E+008
  1242.73        14103.4        3289.03       0.359094E-004  0.101886E-005   1246.61        6.71439        3.22549      -0.116463E+008
  1259.74        14103.4        3287.01       0.360660E-004  0.102307E-005   1249.12        6.70518        3.22107      -0.116251E+008
  1276.76        14103.4        3284.99       0.362236E-004  0.102733E-005   1251.58        6.69594        3.21662      -0.116038E+008
  1293.77        14103.4        3282.97       0.363820E-004  0.103163E-005   1253.97        6.68666        3.21217      -0.115825E+008
  1310.78        14103.4        3280.93       0.365415E-004  0.103597E-005   1256.31        6.67736        3.20770      -0.115611E+008
  1327.79        14103.4        3278.89       0.367021E-004  0.104035E-005   1258.59        6.66802        3.20322      -0.115397E+008
  1344.81        14103.4        3276.83       0.368637E-004  0.104478E-005   1260.82        6.65866        3.19872      -0.115183E+008
  1361.82        14103.4        3274.78       0.370264E-004  0.104925E-005   1263.01        6.64926        3.19420      -0.114968E+008
  1378.83        14103.4        3272.71       0.371903E-004  0.105377E-005   1265.14        6.63983        3.18967      -0.114753E+008
  1395.85        14103.4        3270.63       0.373554E-004  0.105833E-005   1267.22        6.63037        3.18513      -0.114538E+008
  1412.86        14103.4        3268.55       0.375218E-004  0.106294E-005   1269.25        6.62088        3.18057      -0.114322E+008
  1429.87        14103.4        3266.46       0.376894E-004  0.106760E-005   1271.24        6.61136        3.17600      -0.114106E+008
  1446.88        14103.4        3264.36       0.378583E-004  0.107230E-005   1273.19        6.60181        3.17141      -0.113890E+008
  1463.90        14103.4        3262.26       0.380285E-004  0.107705E-005   1275.09        6.59223        3.16681      -0.113673E+008
  1480.91        14103.4        3260.14       0.382002E-004  0.108185E-005   1276.95        6.58262        3.16219      -0.113456E+008
  1497.92        14103.4        3258.02       0.383733E-004  0.108671E-005   1278.77        6.57297        3.15755      -0.113238E+008
  1514.94        14103.4        3255.89       0.385478E-004  0.109161E-005   1280.54        6.56330        3.15291      -0.113021E+008
  1531.95        14103.4        3253.75       0.387238E-004  0.109656E-005   1282.28        6.55359        3.14824      -0.112803E+008
  1548.96        14103.4        3251.60       0.389013E-004  0.110157E-005   1283.98        6.54386        3.14357      -0.112584E+008
  1565.97        14103.4        3249.44       0.390804E-004  0.110663E-005   1285.64        6.53409        3.13887      -0.112366E+008
  1582.99        14103.4        3247.28       0.392611E-004  0.111175E-005   1287.26        6.52429        3.13417      -0.112147E+008
  1600.00        14103.4        3245.11       0.394434E-004  0.111692E-005   1288.85        6.51446        3.12944      -0.111928E+008
  273.000        15385.5        3078.84       0.204537E-004  0.124908E-005   782.551        6.31519        3.03372      -0.126932E+008
  290.013        15385.5        3078.54       0.212163E-004  0.124627E-005   819.248        6.32173        3.03686      -0.126793E+008
  307.026        15385.5        3077.46       0.218801E-004  0.124790E-005   852.668        6.31955        3.03581      -0.126651E+008
  324.038        15385.5        3076.81       0.224766E-004  0.124686E-005   882.695        6.32254        3.03725      -0.126502E+008
  341.051        15385.5        3062.43       0.248104E-004  0.125723E-005   916.903        6.31077        3.03159      -0.126302E+008
  358.064        15385.5        3064.97       0.254672E-004  0.123460E-005   940.906        6.35616        3.05340      -0.126130E+008
  375.077        15385.5        3061.16       0.258375E-004  0.125397E-005   964.909        6.31906        3.03558      -0.125976E+008
  392.090        15385.5        3060.89       0.263026E-004  0.124972E-005   986.057        6.32825        3.03999      -0.125805E+008
  409.103        15385.5        3060.27       0.267209E-004  0.124776E-005   1005.86        6.33291        3.04223      -0.125633E+008
  426.115        15385.5        3060.89       0.271618E-004  0.123733E-005   1024.00        6.35407        3.05240      -0.125453E+008
  443.128        15385.5        3059.94       0.275142E-004  0.123737E-005   1041.36        6.35472        3.05271      -0.125275E+008
  460.141        15385.5        3060.19       0.278969E-004  0.122929E-005   1057.43        6.37120        3.06063      -0.125090E+008
  477.154        15385.5        3060.42       0.282622E-004  0.122127E-005   1072.59        6.38755        3.06848      -0.124903E+008
  494.167        15385.5        3063.87       0.287607E-004  0.119151E-005   1086.82        6.44713        3.09710      -0.124704E+008
  511.179        15385.5        3061.93       0.290034E-004  0.119792E-005   1100.46        6.43475        3.09115      -0.124519E+008
  528.192        15385.5        3063.37       0.293874E-004  0.118143E-005   1113.34        6.46816        3.10720      -0.124320E+008
  545.205        15385.5        3064.64       0.297695E-004  0.116613E-005   1125.72        6.49931        3.12217      -0.124122E+008
  562.218        15385.5        3064.95       0.300915E-004  0.115711E-005   1137.43        6.51790        3.13110      -0.123924E+008
  579.231        15385.5        3063.37       0.303086E-004  0.116082E-005   1148.39        6.51056        3.12757      -0.123728E+008
  596.244        15385.5        3061.77       0.305140E-004  0.116457E-005   1158.76        6.50318        3.12403      -0.123529E+008
  613.256        15385.5        3060.17       0.307170E-004  0.116836E-005   1168.66        6.49569        3.12043      -0.123330E+008
  630.269        15385.5        3058.56       0.309099E-004  0.117220E-005   1178.05        6.48818        3.11682      -0.123129E+008
  647.282        15385.5        3056.94       0.310972E-004  0.117607E-005   1186.99        6.48059        3.11318      -0.122926E+008
  664.295        15385.5        3055.32       0.312777E-004  0.117999E-005   1195.50        6.47297        3.10951      -0.122721E+008
  681.308        15385.5        3053.68       0.314554E-004  0.118395E-005   1203.63        6.46527        3.10582      -0.122516E+008
  698.321        15385.5        3052.04       0.316276E-004  0.118795E-005   1211.39        6.45753        3.10210      -0.122308E+008
  715.333        15385.5        3050.39       0.317961E-004  0.119199E-005   1218.82        6.44973        3.09835      -0.122100E+008
  732.346        15385.5        3048.73       0.319614E-004  0.119607E-005   1225.93        6.44189        3.09458      -0.121890E+008
  749.359        15385.5        3047.06       0.321239E-004  0.120019E-005   1232.75        6.43399        3.09079      -0.121679E+008
  766.372        15385.5        3045.39       0.322832E-004  0.120435E-005   1239.28        6.42605        3.08697      -0.121467E+008
  783.385        15385.5        3043.71       0.324407E-004  0.120856E-005   1245.57        6.41805        3.08313      -0.121254E+008
  800.397        15385.5        3042.03       0.325966E-004  0.121280E-005   1251.61        6.41001        3.07927      -0.121040E+008
  817.410        15385.5        3040.34       0.327500E-004  0.121709E-005   1257.43        6.40192        3.07538      -0.120825E+008
  834.423        15385.5        3038.64       0.329025E-004  0.122141E-005   1263.04        6.39378        3.07147      -0.120609E+008
  851.436        15385.5        3036.93       0.330536E-004  0.122578E-005   1268.45        6.38560        3.06754      -0.120392E+008
  868.449        15385.5        3035.22       0.332038E-004  0.123019E-005   1273.68        6.37738        3.06359      -0.120174E+008
  885.462        15385.5        3033.51       0.333530E-004  0.123465E-005   1278.72        6.36911        3.05962      -0.119955E+008
  902.474        15385.5        3331.75       0.326326E-004  0.934565E-006   1179.27        6.91550        3.32210      -0.120227E+008
  919.487        15385.5        3329.89       0.327802E-004  0.937985E-006   1183.62        6.90700        3.31802      -0.120026E+008
  936.500        15385.5        3328.03       0.329273E-004  0.941438E-006   1187.83        6.89847        3.31392      -0.119825E+008
  953.513        15385.5        3326.16       0.330740E-004  0.944922E-006   1191.90        6.88990        3.30980      -0.119622E+008
  970.526        15385.5        3324.29       0.332206E-004  0.948439E-006   1195.86        6.88129        3.30567      -0.119419E+008
  987.538        15385.5        3322.41       0.333670E-004  0.951988E-006   1199.70        6.87266        3.30152      -0.119215E+008
  1004.55        15385.5        3320.52       0.335133E-004  0.955571E-006   1203.42        6.86399        3.29735      -0.119011E+008
  1021.56        15385.5        3318.62       0.336597E-004  0.959186E-006   1207.04        6.85529        3.29317      -0.118806E+008
  1038.58        15385.5        3316.72       0.338062E-004  0.962836E-006   1210.55        6.84656        3.28898      -0.118600E+008
  1055.59        15385.5        3314.80       0.339529E-004  0.966519E-006   1213.97        6.83779        3.28477      -0.118394E+008
  1072.60        15385.5        3312.89       0.340999E-004  0.970237E-006   1217.29        6.82899        3.28054      -0.118187E+008
  1089.62        15385.5        3310.96       0.342471E-004  0.973989E-006   1220.52        6.82017        3.27630      -0.117980E+008
  1106.63        15385.5        3309.03       0.343948E-004  0.977777E-006   1223.67        6.81131        3.27205      -0.117772E+008
  1123.64        15385.5        3307.09       0.345429E-004  0.981600E-006   1226.73        6.80242        3.26778      -0.117564E+008
  1140.65        15385.5        3305.14       0.346916E-004  0.985459E-006   1229.72        6.79350        3.26349      -0.117355E+008
  1157.67        15385.5        3303.19       0.348407E-004  0.989355E-006   1232.63        6.78454        3.25919      -0.117145E+008
  1174.68        15385.5        3301.23       0.349905E-004  0.993287E-006   1235.46        6.77556        3.25487      -0.116935E+008
  1191.69        15385.5        3299.26       0.351410E-004  0.997257E-006   1238.22        6.76655        3.25054      -0.116725E+008
  1208.71        15385.5        3297.28       0.352921E-004  0.100127E-005   1240.92        6.75750        3.24620      -0.116514E+008
  1225.72        15385.5        3295.30       0.354441E-004  0.100531E-005   1243.54        6.74843        3.24184      -0.116302E+008
  1242.73        15385.5        3293.31       0.355968E-004  0.100940E-005   1246.11        6.73933        3.23747      -0.116091E+008
  1259.74        15385.5        3291.31       0.357503E-004  0.101352E-005   1248.61        6.73019        3.23308      -0.115879E+008
  1276.76        15385.5        3289.30       0.359047E-004  0.101769E-005   1251.05        6.72103        3.22868      -0.115666E+008
  1293.77        15385.5        3287.29       0.360601E-004  0.102189E-005   1253.44        6.71183        3.22426      -0.115453E+008
  1310.78        15385.5        3285.27       0.362164E-004  0.102614E-005   1255.76        6.70261        3.21983      -0.115239E+008
  1327.79        15385.5        3283.24       0.363737E-004  0.103042E-005   1258.04        6.69335        3.21538      -0.115026E+008
  1344.81        15385.5        3281.21       0.365321E-004  0.103475E-005   1260.26        6.68407        3.21092      -0.114811E+008
  1361.82        15385.5        3279.16       0.366915E-004  0.103913E-005   1262.43        6.67475        3.20645      -0.114597E+008
  1378.83        15385.5        3277.11       0.368521E-004  0.104354E-005   1264.55        6.66541        3.20196      -0.114382E+008
  1395.85        15385.5        3275.05       0.370138E-004  0.104800E-005   1266.62        6.65603        3.19745      -0.114166E+008
  1412.86        15385.5        3272.99       0.371766E-004  0.105251E-005   1268.64        6.64663        3.19294      -0.113951E+008
  1429.87        15385.5        3270.91       0.373407E-004  0.105706E-005   1270.62        6.63719        3.18840      -0.113735E+008
  1446.88        15385.5        3268.83       0.375061E-004  0.106165E-005   1272.55        6.62773        3.18386      -0.113518E+008
  1463.90        15385.5        3266.74       0.376727E-004  0.106630E-005   1274.44        6.61823        3.17930      -0.113302E+008
  1480.91        15385.5        3264.64       0.378407E-004  0.107099E-005   1276.28        6.60871        3.17472      -0.113085E+008
  1497.92        15385.5        3262.54       0.380100E-004  0.107573E-005   1278.08        6.59915        3.17013      -0.112868E+008
  1514.94        15385.5        3260.42       0.381808E-004  0.108051E-005   1279.85        6.58957        3.16553      -0.112650E+008
  1531.95        15385.5        3258.30       0.383529E-004  0.108535E-005   1281.57        6.57995        3.16091      -0.112432E+008
  1548.96        15385.5        3256.17       0.385265E-004  0.109024E-005   1283.25        6.57030        3.15627      -0.112214E+008
  1565.97        15385.5        3254.03       0.387017E-004  0.109518E-005   1284.90        6.56063        3.15162      -0.111995E+008
  1582.99        15385.5        3251.89       0.388783E-004  0.110017E-005   1286.51        6.55092        3.14696      -0.111777E+008
  1600.00        15385.5        3249.73       0.390565E-004  0.110522E-005   1288.08        6.54118        3.14228      -0.111558E+008
  273.000        16667.5        3084.19       0.203225E-004  0.123551E-005   781.775        6.34001        3.04564      -0.126517E+008
  290.013        16667.5        3083.44       0.210730E-004  0.123536E-005   818.744        6.34138        3.04630      -0.126380E+008
  307.026        16667.5        3083.26       0.217465E-004  0.123166E-005   851.715        6.34979        3.05034      -0.126235E+008
  324.038        16667.5        3082.31       0.223345E-004  0.123240E-005   881.906        6.34926        3.05008      -0.126087E+008
  341.051        16667.5        3081.82       0.228679E-004  0.123028E-005   909.221        6.35441        3.05256      -0.125933E+008
  358.064        16667.5        3067.38       0.251558E-004  0.123811E-005   941.134        6.34828        3.04961      -0.125724E+008
  375.077        16667.5        3067.26       0.256623E-004  0.123296E-005   964.027        6.35953        3.05502      -0.125558E+008
  392.090        16667.5        3073.18       0.263776E-004  0.118728E-005   984.529        6.45292        3.09988      -0.125369E+008
  409.103        16667.5        3070.37       0.267074E-004  0.119984E-005   1004.56        6.42796        3.08789      -0.125203E+008
  426.115        16667.5        3071.99       0.271927E-004  0.118264E-005   1022.99        6.46383        3.10512      -0.125021E+008
  443.128        16667.5        3067.30       0.273847E-004  0.120773E-005   1040.65        6.41338        3.08089      -0.124854E+008
  460.141        16667.5        3067.51       0.277651E-004  0.119981E-005   1056.84        6.43005        3.08890      -0.124670E+008
  477.154        16667.5        3070.93       0.282765E-004  0.117025E-005   1072.05        6.49097        3.11816      -0.124475E+008
  494.167        16667.5        3069.69       0.285633E-004  0.117194E-005   1086.52        6.48794        3.11671      -0.124290E+008
  511.179        16667.5        3071.32       0.289726E-004  0.115418E-005   1100.25        6.52508        3.13455      -0.124095E+008
  528.192        16667.5        3072.58       0.293566E-004  0.113879E-005   1113.31        6.55757        3.15015      -0.123898E+008
  545.205        16667.5        3071.03       0.295917E-004  0.114233E-005   1125.53        6.55043        3.14672      -0.123707E+008
  562.218        16667.5        3069.48       0.298155E-004  0.114592E-005   1137.09        6.54322        3.14326      -0.123513E+008
  579.231        16667.5        3067.91       0.300293E-004  0.114955E-005   1148.05        6.53595        3.13977      -0.123317E+008
  596.244        16667.5        3066.33       0.302341E-004  0.115322E-005   1158.45        6.52862        3.13625      -0.123119E+008
  613.256        16667.5        3064.74       0.304305E-004  0.115692E-005   1168.32        6.52124        3.13270      -0.122919E+008
  630.269        16667.5        3063.14       0.306196E-004  0.116067E-005   1177.70        6.51380        3.12913      -0.122718E+008
  647.282        16667.5        3061.53       0.308033E-004  0.116446E-005   1186.64        6.50630        3.12552      -0.122515E+008
  664.295        16667.5        3059.92       0.309836E-004  0.116829E-005   1195.17        6.49872        3.12188      -0.122311E+008
  681.308        16667.5        3058.30       0.311572E-004  0.117216E-005   1203.29        6.49111        3.11823      -0.122105E+008
  698.321        16667.5        3056.67       0.313269E-004  0.117607E-005   1211.06        6.48344        3.11454      -0.121898E+008
  715.333        16667.5        3055.03       0.314924E-004  0.118001E-005   1218.48        6.47572        3.11084      -0.121690E+008
  732.346        16667.5        3053.38       0.316544E-004  0.118400E-005   1225.58        6.46795        3.10710      -0.121480E+008
  749.359        16667.5        3051.73       0.318136E-004  0.118802E-005   1232.40        6.46014        3.10335      -0.121269E+008
  766.372        16667.5        3050.07       0.319705E-004  0.119209E-005   1238.93        6.45227        3.09957      -0.121057E+008
  783.385        16667.5        3048.41       0.321252E-004  0.119620E-005   1245.22        6.44435        3.09577      -0.120844E+008
  800.397        16667.5        3046.74       0.322780E-004  0.120034E-005   1251.26        6.43639        3.09194      -0.120630E+008
  817.410        16667.5        3045.06       0.324282E-004  0.120453E-005   1257.07        6.42838        3.08810      -0.120415E+008
  834.423        16667.5        3043.38       0.325775E-004  0.120875E-005   1262.67        6.42033        3.08423      -0.120199E+008
  851.436        16667.5        3041.69       0.327255E-004  0.121302E-005   1268.08        6.41223        3.08034      -0.119982E+008
  868.449        16667.5        3039.99       0.328727E-004  0.121733E-005   1273.29        6.40409        3.07642      -0.119764E+008
  885.462        16667.5        3038.29       0.330189E-004  0.122167E-005   1278.34        6.39590        3.07249      -0.119545E+008
  902.474        16667.5        3335.72       0.323785E-004  0.926813E-006   1178.94        6.93882        3.33330      -0.119854E+008
  919.487        16667.5        3333.88       0.325237E-004  0.930169E-006   1183.28        6.93038        3.32925      -0.119653E+008
  936.500        16667.5        3332.03       0.326684E-004  0.933555E-006   1187.48        6.92191        3.32518      -0.119452E+008
  953.513        16667.5        3330.18       0.328128E-004  0.936972E-006   1191.55        6.91341        3.32110      -0.119249E+008
  970.526        16667.5        3328.32       0.329569E-004  0.940421E-006   1195.50        6.90487        3.31699      -0.119046E+008
  987.538        16667.5        3326.45       0.331009E-004  0.943901E-006   1199.33        6.89631        3.31288      -0.118842E+008
  1004.55        16667.5        3324.57       0.332448E-004  0.947414E-006   1203.05        6.88770        3.30875      -0.118638E+008
  1021.56        16667.5        3322.69       0.333887E-004  0.950958E-006   1206.66        6.87907        3.30460      -0.118433E+008
  1038.58        16667.5        3320.79       0.335327E-004  0.954536E-006   1210.16        6.87041        3.30044      -0.118227E+008
  1055.59        16667.5        3318.90       0.336768E-004  0.958146E-006   1213.57        6.86171        3.29626      -0.118021E+008
  1072.60        16667.5        3316.99       0.338212E-004  0.961789E-006   1216.89        6.85298        3.29207      -0.117815E+008
  1089.62        16667.5        3315.08       0.339659E-004  0.965467E-006   1220.11        6.84423        3.28786      -0.117607E+008
  1106.63        16667.5        3313.16       0.341110E-004  0.969178E-006   1223.25        6.83544        3.28364      -0.117399E+008
  1123.64        16667.5        3311.23       0.342564E-004  0.972923E-006   1226.31        6.82662        3.27940      -0.117191E+008
  1140.65        16667.5        3309.30       0.344024E-004  0.976704E-006   1229.28        6.81777        3.27515      -0.116982E+008
  1157.67        16667.5        3307.36       0.345488E-004  0.980520E-006   1232.18        6.80889        3.27088      -0.116773E+008
  1174.68        16667.5        3305.41       0.346959E-004  0.984372E-006   1235.01        6.79998        3.26660      -0.116563E+008
  1191.69        16667.5        3303.46       0.348435E-004  0.988259E-006   1237.76        6.79104        3.26231      -0.116353E+008
  1208.71        16667.5        3301.50       0.349919E-004  0.992184E-006   1240.44        6.78207        3.25800      -0.116142E+008
  1225.72        16667.5        3299.53       0.351409E-004  0.996145E-006   1243.06        6.77307        3.25368      -0.115931E+008
  1242.73        16667.5        3297.55       0.352907E-004  0.100014E-005   1245.62        6.76404        3.24934      -0.115719E+008
  1259.74        16667.5        3295.57       0.354413E-004  0.100418E-005   1248.11        6.75499        3.24499      -0.115507E+008
  1276.76        16667.5        3293.58       0.355928E-004  0.100826E-005   1250.54        6.74590        3.24062      -0.115294E+008
  1293.77        16667.5        3291.58       0.357451E-004  0.101237E-005   1252.91        6.73678        3.23624      -0.115081E+008
  1310.78        16667.5        3289.57       0.358984E-004  0.101653E-005   1255.23        6.72763        3.23185      -0.114868E+008
  1327.79        16667.5        3287.56       0.360526E-004  0.102072E-005   1257.49        6.71846        3.22744      -0.114654E+008
  1344.81        16667.5        3285.54       0.362078E-004  0.102496E-005   1259.70        6.70925        3.22302      -0.114440E+008
  1361.82        16667.5        3283.51       0.363640E-004  0.102923E-005   1261.86        6.70002        3.21859      -0.114225E+008
  1378.83        16667.5        3281.48       0.365213E-004  0.103355E-005   1263.97        6.69076        3.21413      -0.114011E+008
  1395.85        16667.5        3279.44       0.366798E-004  0.103791E-005   1266.03        6.68146        3.20967      -0.113795E+008
  1412.86        16667.5        3277.38       0.368393E-004  0.104232E-005   1268.04        6.67214        3.20519      -0.113580E+008
  1429.87        16667.5        3275.33       0.370000E-004  0.104677E-005   1270.00        6.66279        3.20070      -0.113364E+008
  1446.88        16667.5        3273.26       0.371619E-004  0.105126E-005   1271.92        6.65341        3.19619      -0.113148E+008
  1463.90        16667.5        3271.19       0.373251E-004  0.105580E-005   1273.80        6.64400        3.19167      -0.112931E+008
  1480.91        16667.5        3269.11       0.374895E-004  0.106038E-005   1275.63        6.63456        3.18714      -0.112714E+008
  1497.92        16667.5        3267.02       0.376552E-004  0.106501E-005   1277.42        6.62509        3.18259      -0.112497E+008
  1514.94        16667.5        3264.92       0.378223E-004  0.106969E-005   1279.17        6.61559        3.17803      -0.112280E+008
  1531.95        16667.5        3262.82       0.379908E-004  0.107441E-005   1280.88        6.60606        3.17345      -0.112062E+008
  1548.96        16667.5        3260.70       0.381606E-004  0.107919E-005   1282.55        6.59650        3.16886      -0.111844E+008
  1565.97        16667.5        3258.58       0.383319E-004  0.108401E-005   1284.18        6.58692        3.16425      -0.111625E+008
  1582.99        16667.5        3256.45       0.385047E-004  0.108888E-005   1285.77        6.57730        3.15963      -0.111407E+008
  1600.00        16667.5        3254.32       0.386789E-004  0.109381E-005   1287.33        6.56765        3.15500      -0.111188E+008
  273.000        17949.5        3089.30       0.201912E-004  0.122342E-005   781.151        6.36237        3.05638      -0.126103E+008
  290.013        17949.5        3089.08       0.209452E-004  0.122011E-005   817.941        6.37018        3.06014      -0.125965E+008
  307.026        17949.5        3088.30       0.216047E-004  0.122000E-005   851.179        6.37144        3.06074      -0.125822E+008
  324.038        17949.5        3091.38       0.222592E-004  0.119676E-005   880.411        6.41997        3.08405      -0.125664E+008
  341.051        17949.5        3087.57       0.227311E-004  0.121441E-005   908.441        6.38472        3.06712      -0.125518E+008
  358.064        17949.5        3087.33       0.232141E-004  0.121063E-005   933.424        6.39330        3.07124      -0.125359E+008
  375.077        17949.5        3072.87       0.254759E-004  0.121512E-005   963.399        6.39464        3.07189      -0.125142E+008
  392.090        17949.5        3080.08       0.262435E-004  0.116054E-005   984.046        6.50913        3.12689      -0.124951E+008
  409.103        17949.5        3073.08       0.263943E-004  0.120132E-005   1004.41        6.42473        3.08634      -0.124797E+008
  426.115        17949.5        3075.95       0.269298E-004  0.117567E-005   1022.67        6.47868        3.11226      -0.124611E+008
  443.128        17949.5        3074.49       0.272577E-004  0.117904E-005   1040.11        6.47232        3.10920      -0.124435E+008
  460.141        17949.5        3077.00       0.277430E-004  0.115548E-005   1056.34        6.52232        3.13322      -0.124246E+008
  477.154        17949.5        3077.50       0.281229E-004  0.114548E-005   1071.73        6.54401        3.14364      -0.124059E+008
  494.167        17949.5        3079.68       0.285698E-004  0.112396E-005   1086.34        6.59051        3.16598      -0.123865E+008
  511.179        17949.5        3078.57       0.288482E-004  0.112457E-005   1100.04        6.58956        3.16552      -0.123677E+008
  528.192        17949.5        3077.05       0.290883E-004  0.112798E-005   1112.94        6.58262        3.16219      -0.123487E+008
  545.205        17949.5        3075.51       0.293246E-004  0.113146E-005   1125.19        6.57548        3.15876      -0.123296E+008
  562.218        17949.5        3073.96       0.295414E-004  0.113496E-005   1136.74        6.56840        3.15536      -0.123102E+008
  579.231        17949.5        3072.41       0.297559E-004  0.113852E-005   1147.73        6.56114        3.15187      -0.122906E+008
  596.244        17949.5        3070.84       0.299577E-004  0.114211E-005   1158.13        6.55388        3.14838      -0.122709E+008
  613.256        17949.5        3069.27       0.301520E-004  0.114573E-005   1168.00        6.54656        3.14487      -0.122509E+008
  630.269        17949.5        3067.68       0.303387E-004  0.114940E-005   1177.39        6.53919        3.14132      -0.122308E+008
  647.282        17949.5        3066.09       0.305201E-004  0.115310E-005   1186.33        6.53175        3.13775      -0.122105E+008
  664.295        17949.5        3064.48       0.306946E-004  0.115684E-005   1194.84        6.52427        3.13416      -0.121901E+008
  681.308        17949.5        3062.87       0.308663E-004  0.116063E-005   1202.97        6.51672        3.13053      -0.121695E+008
  698.321        17949.5        3061.26       0.310326E-004  0.116445E-005   1210.73        6.50914        3.12689      -0.121488E+008
  715.333        17949.5        3059.63       0.311952E-004  0.116830E-005   1218.15        6.50149        3.12322      -0.121280E+008
  732.346        17949.5        3058.00       0.313545E-004  0.117220E-005   1225.25        6.49380        3.11952      -0.121070E+008
  749.359        17949.5        3056.36       0.315109E-004  0.117613E-005   1232.06        6.48606        3.11580      -0.120859E+008
  766.372        17949.5        3054.72       0.316649E-004  0.118011E-005   1238.59        6.47827        3.11206      -0.120647E+008
  783.385        17949.5        3053.06       0.318161E-004  0.118412E-005   1244.87        6.47044        3.10830      -0.120434E+008
  800.397        17949.5        3051.41       0.319661E-004  0.118817E-005   1250.90        6.46255        3.10451      -0.120220E+008
  817.410        17949.5        3049.74       0.321134E-004  0.119225E-005   1256.71        6.45463        3.10070      -0.120005E+008
  834.423        17949.5        3048.07       0.322598E-004  0.119638E-005   1262.31        6.44665        3.09687      -0.119789E+008
  851.436        17949.5        3046.39       0.324049E-004  0.120055E-005   1267.71        6.43864        3.09302      -0.119572E+008
  868.449        17949.5        3044.71       0.325490E-004  0.120476E-005   1272.92        6.43057        3.08915      -0.119354E+008
  885.462        17949.5        3043.02       0.326922E-004  0.120900E-005   1277.96        6.42247        3.08525      -0.119136E+008
  902.474        17949.5        3339.67       0.321291E-004  0.919214E-006   1178.61        6.96196        3.34442      -0.119481E+008
  919.487        17949.5        3337.84       0.322721E-004  0.922506E-006   1182.94        6.95359        3.34040      -0.119280E+008
  936.500        17949.5        3336.01       0.324145E-004  0.925828E-006   1187.14        6.94518        3.33636      -0.119079E+008
  953.513        17949.5        3334.16       0.325566E-004  0.929181E-006   1191.20        6.93674        3.33230      -0.118876E+008
  970.526        17949.5        3332.31       0.326984E-004  0.932564E-006   1195.14        6.92827        3.32823      -0.118673E+008
  987.538        17949.5        3330.46       0.328400E-004  0.935977E-006   1198.97        6.91977        3.32415      -0.118470E+008
  1004.55        17949.5        3328.59       0.329815E-004  0.939422E-006   1202.68        6.91123        3.32005      -0.118265E+008
  1021.56        17949.5        3326.72       0.331230E-004  0.942898E-006   1206.28        6.90267        3.31593      -0.118061E+008
  1038.58        17949.5        3324.84       0.332645E-004  0.946405E-006   1209.78        6.89407        3.31180      -0.117855E+008
  1055.59        17949.5        3322.96       0.334062E-004  0.949945E-006   1213.18        6.88544        3.30766      -0.117649E+008
  1072.60        17949.5        3321.07       0.335481E-004  0.953517E-006   1216.49        6.87678        3.30350      -0.117442E+008
  1089.62        17949.5        3319.17       0.336903E-004  0.957121E-006   1219.71        6.86809        3.29932      -0.117235E+008
  1106.63        17949.5        3317.26       0.338328E-004  0.960758E-006   1222.84        6.85937        3.29514      -0.117027E+008
  1123.64        17949.5        3315.35       0.339757E-004  0.964429E-006   1225.89        6.85062        3.29093      -0.116819E+008
  1140.65        17949.5        3313.43       0.341190E-004  0.968134E-006   1228.85        6.84184        3.28672      -0.116610E+008
  1157.67        17949.5        3311.50       0.342629E-004  0.971872E-006   1231.74        6.83304        3.28248      -0.116401E+008
  1174.68        17949.5        3309.57       0.344073E-004  0.975646E-006   1234.56        6.82420        3.27824      -0.116191E+008
  1191.69        17949.5        3307.63       0.345522E-004  0.979454E-006   1237.31        6.81533        3.27398      -0.115981E+008
  1208.71        17949.5        3305.68       0.346978E-004  0.983298E-006   1239.98        6.80643        3.26970      -0.115770E+008
  1225.72        17949.5        3303.72       0.348441E-004  0.987178E-006   1242.59        6.79751        3.26542      -0.115559E+008
  1242.73        17949.5        3301.76       0.349911E-004  0.991094E-006   1245.13        6.78855        3.26112      -0.115347E+008
  1259.74        17949.5        3299.79       0.351389E-004  0.995047E-006   1247.62        6.77957        3.25680      -0.115135E+008
  1276.76        17949.5        3297.82       0.352875E-004  0.999037E-006   1250.04        6.77056        3.25247      -0.114923E+008
  1293.77        17949.5        3295.83       0.354369E-004  0.100306E-005   1252.40        6.76152        3.24813      -0.114710E+008
  1310.78        17949.5        3293.84       0.355872E-004  0.100713E-005   1254.71        6.75245        3.24377      -0.114497E+008
  1327.79        17949.5        3291.85       0.357384E-004  0.101124E-005   1256.96        6.74335        3.23940      -0.114283E+008
  1344.81        17949.5        3289.84       0.358905E-004  0.101538E-005   1259.16        6.73422        3.23502      -0.114069E+008
  1361.82        17949.5        3287.83       0.360437E-004  0.101957E-005   1261.31        6.72507        3.23062      -0.113855E+008
  1378.83        17949.5        3285.81       0.361979E-004  0.102379E-005   1263.40        6.71588        3.22621      -0.113640E+008
  1395.85        17949.5        3283.78       0.363531E-004  0.102806E-005   1265.45        6.70667        3.22178      -0.113425E+008
  1412.86        17949.5        3281.75       0.365094E-004  0.103236E-005   1267.45        6.69743        3.21734      -0.113209E+008
  1429.87        17949.5        3279.70       0.366669E-004  0.103671E-005   1269.40        6.68816        3.21289      -0.112993E+008
  1446.88        17949.5        3277.65       0.368255E-004  0.104111E-005   1271.31        6.67886        3.20842      -0.112777E+008
  1463.90        17949.5        3275.60       0.369853E-004  0.104554E-005   1273.17        6.66953        3.20394      -0.112561E+008
  1480.91        17949.5        3273.53       0.371463E-004  0.105002E-005   1274.99        6.66017        3.19944      -0.112344E+008
  1497.92        17949.5        3271.46       0.373086E-004  0.105455E-005   1276.77        6.65079        3.19494      -0.112127E+008
  1514.94        17949.5        3269.38       0.374721E-004  0.105912E-005   1278.50        6.64137        3.19041      -0.111910E+008
  1531.95        17949.5        3267.29       0.376370E-004  0.106374E-005   1280.20        6.63193        3.18588      -0.111692E+008
  1548.96        17949.5        3265.20       0.378032E-004  0.106840E-005   1281.85        6.62246        3.18133      -0.111474E+008
  1565.97        17949.5        3263.09       0.379708E-004  0.107311E-005   1283.47        6.61296        3.17676      -0.111256E+008
  1582.99        17949.5        3260.98       0.381398E-004  0.107787E-005   1285.05        6.60343        3.17219      -0.111037E+008
  1600.00        17949.5        3258.86       0.383103E-004  0.108268E-005   1286.59        6.59387        3.16759      -0.110819E+008
  273.000        19231.6        3095.31       0.200772E-004  0.120604E-005   780.385        6.39615        3.07261      -0.125688E+008
  290.013        19231.6        3097.49       0.208668E-004  0.118851E-005   816.982        6.43394        3.09076      -0.125544E+008
  307.026        19231.6        3097.25       0.215336E-004  0.118510E-005   849.974        6.44209        3.09468      -0.125400E+008
  324.038        19231.6        3104.51       0.222646E-004  0.113704E-005   879.356        6.54562        3.14442      -0.125235E+008
  341.051        19231.6        3104.20       0.228026E-004  0.113374E-005   906.519        6.55349        3.14820      -0.125081E+008
  358.064        19231.6        3093.55       0.230882E-004  0.119195E-005   932.645        6.43040        3.08906      -0.124944E+008
  375.077        19231.6        3093.77       0.235340E-004  0.118540E-005   955.609        6.44489        3.09603      -0.124780E+008
  392.090        19231.6        3079.42       0.258025E-004  0.118478E-005   983.990        6.45789        3.10227      -0.124554E+008
  409.103        19231.6        3085.83       0.265138E-004  0.113504E-005   1003.55        6.56532        3.15388      -0.124363E+008
  426.115        19231.6        3081.39       0.267370E-004  0.115863E-005   1022.27        6.51502        3.12972      -0.124198E+008
  443.128        19231.6        3083.14       0.272051E-004  0.114025E-005   1039.63        6.55523        3.14903      -0.124014E+008
  460.141        19231.6        3085.45       0.276837E-004  0.111787E-005   1056.03        6.60461        3.17275      -0.123825E+008
  477.154        19231.6        3085.98       0.280660E-004  0.110749E-005   1071.49        6.62796        3.18397      -0.123639E+008
  494.167        19231.6        3084.49       0.283376E-004  0.111076E-005   1086.01        6.62117        3.18071      -0.123454E+008
  511.179        19231.6        3082.99       0.285900E-004  0.111406E-005   1099.69        6.61435        3.17743      -0.123267E+008
  528.192        19231.6        3081.48       0.288295E-004  0.111741E-005   1112.61        6.60743        3.17411      -0.123077E+008
  545.205        19231.6        3079.95       0.290586E-004  0.112081E-005   1124.84        6.60041        3.17074      -0.122885E+008
  562.218        19231.6        3078.42       0.292769E-004  0.112424E-005   1136.41        6.59332        3.16733      -0.122692E+008
  579.231        19231.6        3076.87       0.294853E-004  0.112772E-005   1147.38        6.58618        3.16390      -0.122496E+008
  596.244        19231.6        3075.32       0.296869E-004  0.113124E-005   1157.80        6.57894        3.16042      -0.122299E+008
  613.256        19231.6        3073.76       0.298783E-004  0.113479E-005   1167.68        6.57169        3.15694      -0.122100E+008
  630.269        19231.6        3072.18       0.300608E-004  0.113837E-005   1177.06        6.56440        3.15344      -0.121898E+008
  647.282        19231.6        3070.60       0.302384E-004  0.114199E-005   1185.99        6.55705        3.14990      -0.121695E+008
  664.295        19231.6        3069.01       0.304129E-004  0.114565E-005   1194.52        6.54961        3.14633      -0.121491E+008
  681.308        19231.6        3067.41       0.305811E-004  0.114935E-005   1202.65        6.54214        3.14274      -0.121286E+008
  698.321        19231.6        3065.81       0.307446E-004  0.115308E-005   1210.40        6.53463        3.13913      -0.121079E+008
  715.333        19231.6        3064.19       0.309044E-004  0.115685E-005   1217.82        6.52706        3.13550      -0.120870E+008
  732.346        19231.6        3062.58       0.310608E-004  0.116066E-005   1224.92        6.51945        3.13184      -0.120661E+008
  749.359        19231.6        3060.95       0.312141E-004  0.116451E-005   1231.72        6.51178        3.12816      -0.120450E+008
  766.372        19231.6        3059.32       0.313654E-004  0.116839E-005   1238.25        6.50407        3.12445      -0.120238E+008
  783.385        19231.6        3057.68       0.315142E-004  0.117231E-005   1244.53        6.49631        3.12073      -0.120025E+008
  800.397        19231.6        3056.03       0.316608E-004  0.117627E-005   1250.56        6.48851        3.11698      -0.119811E+008
  817.410        19231.6        3054.38       0.318056E-004  0.118026E-005   1256.36        6.48066        3.11321      -0.119596E+008
  834.423        19231.6        3052.73       0.319491E-004  0.118429E-005   1261.95        6.47276        3.10941      -0.119380E+008
  851.436        19231.6        3051.06       0.320913E-004  0.118836E-005   1267.35        6.46482        3.10560      -0.119163E+008
  868.449        19231.6        3049.39       0.322325E-004  0.119247E-005   1272.55        6.45684        3.10177      -0.118946E+008
  885.462        19231.6        3047.72       0.323729E-004  0.119662E-005   1277.58        6.44881        3.09791      -0.118727E+008
  902.474        19231.6        3343.59       0.318845E-004  0.911762E-006   1178.28        6.98493        3.35545      -0.119109E+008
  919.487        19231.6        3341.78       0.320252E-004  0.914993E-006   1182.61        6.97662        3.35146      -0.118908E+008
  936.500        19231.6        3339.95       0.321654E-004  0.918253E-006   1186.80        6.96827        3.34745      -0.118706E+008
  953.513        19231.6        3338.12       0.323052E-004  0.921543E-006   1190.86        6.95990        3.34343      -0.118504E+008
  970.526        19231.6        3336.28       0.324447E-004  0.924862E-006   1194.80        6.95149        3.33939      -0.118301E+008
  987.538        19231.6        3334.44       0.325840E-004  0.928211E-006   1198.61        6.94305        3.33533      -0.118098E+008
  1004.55        19231.6        3332.59       0.327232E-004  0.931590E-006   1202.32        6.93458        3.33126      -0.117893E+008
  1021.56        19231.6        3330.73       0.328624E-004  0.934999E-006   1205.91        6.92608        3.32718      -0.117688E+008
  1038.58        19231.6        3328.86       0.330016E-004  0.938439E-006   1209.41        6.91754        3.32308      -0.117483E+008
  1055.59        19231.6        3326.99       0.331409E-004  0.941910E-006   1212.80        6.90898        3.31897      -0.117277E+008
  1072.60        19231.6        3325.11       0.332804E-004  0.945412E-006   1216.10        6.90039        3.31484      -0.117070E+008
  1089.62        19231.6        3323.23       0.334201E-004  0.948946E-006   1219.31        6.89177        3.31070      -0.116863E+008
  1106.63        19231.6        3321.33       0.335602E-004  0.952512E-006   1222.44        6.88312        3.30654      -0.116655E+008
  1123.64        19231.6        3319.43       0.337006E-004  0.956111E-006   1225.47        6.87444        3.30237      -0.116447E+008
  1140.65        19231.6        3317.53       0.338414E-004  0.959742E-006   1228.43        6.86573        3.29819      -0.116238E+008
  1157.67        19231.6        3315.61       0.339827E-004  0.963406E-006   1231.32        6.85699        3.29399      -0.116029E+008
  1174.68        19231.6        3313.69       0.341245E-004  0.967104E-006   1234.12        6.84822        3.28978      -0.115819E+008
  1191.69        19231.6        3311.76       0.342668E-004  0.970835E-006   1236.86        6.83942        3.28555      -0.115609E+008
  1208.71        19231.6        3309.83       0.344098E-004  0.974601E-006   1239.53        6.83060        3.28131      -0.115399E+008
  1225.72        19231.6        3307.89       0.345534E-004  0.978402E-006   1242.13        6.82174        3.27706      -0.115188E+008
  1242.73        19231.6        3305.94       0.346977E-004  0.982238E-006   1244.66        6.81286        3.27279      -0.114976E+008
  1259.74        19231.6        3303.99       0.348427E-004  0.986109E-006   1247.14        6.80395        3.26851      -0.114764E+008
  1276.76        19231.6        3302.02       0.349885E-004  0.990017E-006   1249.55        6.79501        3.26422      -0.114552E+008
  1293.77        19231.6        3300.06       0.351351E-004  0.993961E-006   1251.90        6.78605        3.25991      -0.114339E+008
  1310.78        19231.6        3298.08       0.352825E-004  0.997942E-006   1254.20        6.77705        3.25559      -0.114126E+008
  1327.79        19231.6        3296.10       0.354308E-004  0.100196E-005   1256.44        6.76803        3.25126      -0.113912E+008
  1344.81        19231.6        3294.11       0.355801E-004  0.100602E-005   1258.63        6.75898        3.24691      -0.113698E+008
  1361.82        19231.6        3292.11       0.357303E-004  0.101011E-005   1260.76        6.74990        3.24255      -0.113484E+008
  1378.83        19231.6        3290.10       0.358814E-004  0.101425E-005   1262.85        6.74079        3.23817      -0.113269E+008
  1395.85        19231.6        3288.09       0.360336E-004  0.101842E-005   1264.88        6.73166        3.23378      -0.113054E+008
  1412.86        19231.6        3286.07       0.361868E-004  0.102264E-005   1266.87        6.72249        3.22938      -0.112839E+008
  1429.87        19231.6        3284.05       0.363411E-004  0.102689E-005   1268.81        6.71330        3.22497      -0.112623E+008
  1446.88        19231.6        3282.01       0.364965E-004  0.103119E-005   1270.71        6.70408        3.22054      -0.112407E+008
  1463.90        19231.6        3279.97       0.366530E-004  0.103553E-005   1272.56        6.69484        3.21610      -0.112191E+008
  1480.91        19231.6        3277.92       0.368108E-004  0.103991E-005   1274.37        6.68556        3.21164      -0.111974E+008
  1497.92        19231.6        3275.86       0.369697E-004  0.104433E-005   1276.13        6.67626        3.20717      -0.111757E+008
  1514.94        19231.6        3273.80       0.371299E-004  0.104880E-005   1277.85        6.66693        3.20269      -0.111540E+008
  1531.95        19231.6        3271.73       0.372913E-004  0.105331E-005   1279.54        6.65757        3.19819      -0.111322E+008
  1548.96        19231.6        3269.65       0.374540E-004  0.105787E-005   1281.18        6.64818        3.19368      -0.111105E+008
  1565.97        19231.6        3267.56       0.376181E-004  0.106248E-005   1282.78        6.63877        3.18916      -0.110886E+008
  1582.99        19231.6        3265.47       0.377835E-004  0.106713E-005   1284.35        6.62932        3.18462      -0.110668E+008
  1600.00        19231.6        3263.36       0.379503E-004  0.107183E-005   1285.87        6.61985        3.18007      -0.110449E+008
  273.000        20513.6        3099.91       0.199446E-004  0.119701E-005   779.882        6.41311        3.08076      -0.125277E+008
  290.013        20513.6        3100.75       0.207070E-004  0.118746E-005   816.593        6.43452        3.09104      -0.125136E+008
  307.026        20513.6        3099.54       0.213516E-004  0.118984E-005   849.814        6.43047        3.08910      -0.124994E+008
  324.038        20513.6        3101.04       0.219731E-004  0.117598E-005   879.506        6.46100        3.10376      -0.124841E+008
  341.051        20513.6        3099.81       0.224846E-004  0.117825E-005   906.955        6.45705        3.10187      -0.124689E+008
  358.064        20513.6        3109.60       0.231626E-004  0.111468E-005   931.004        6.59620        3.16871      -0.124511E+008
  375.077        20513.6        3101.04       0.234330E-004  0.116040E-005   954.815        6.49692        3.12102      -0.124364E+008
  392.090        20513.6        3102.12       0.238594E-004  0.114855E-005   976.028        6.52320        3.13364      -0.124196E+008
  409.103        20513.6        3088.25       0.262013E-004  0.113840E-005   1003.22        6.55854        3.15062      -0.123958E+008
  426.115        20513.6        3090.59       0.267169E-004  0.111589E-005   1021.81        6.60912        3.17492      -0.123776E+008
  443.128        20513.6        3093.25       0.272293E-004  0.109107E-005   1039.32        6.66562        3.20206      -0.123590E+008
  460.141        20513.6        3091.80       0.275335E-004  0.109418E-005   1055.71        6.65910        3.19893      -0.123411E+008
  477.154        20513.6        3090.35       0.278225E-004  0.109735E-005   1071.15        6.65239        3.19571      -0.123229E+008
  494.167        20513.6        3088.87       0.280904E-004  0.110055E-005   1085.67        6.64566        3.19247      -0.123045E+008
  511.179        20513.6        3087.38       0.283428E-004  0.110380E-005   1099.37        6.63885        3.18920      -0.122858E+008
  528.192        20513.6        3085.88       0.285783E-004  0.110707E-005   1112.30        6.63201        3.18591      -0.122668E+008
  545.205        20513.6        3084.37       0.288066E-004  0.111040E-005   1124.54        6.62501        3.18255      -0.122477E+008
  562.218        20513.6        3082.84       0.290180E-004  0.111375E-005   1136.10        6.61806        3.17921      -0.122283E+008
  579.231        20513.6        3081.31       0.292259E-004  0.111716E-005   1147.09        6.61093        3.17579      -0.122087E+008
  596.244        20513.6        3079.76       0.294217E-004  0.112060E-005   1157.49        6.60381        3.17237      -0.121890E+008
  613.256        20513.6        3078.21       0.296102E-004  0.112407E-005   1167.37        6.59662        3.16891      -0.121690E+008
  630.269        20513.6        3076.65       0.297912E-004  0.112758E-005   1176.76        6.58939        3.16544      -0.121489E+008
  647.282        20513.6        3075.08       0.299671E-004  0.113112E-005   1185.69        6.58209        3.16193      -0.121287E+008
  664.295        20513.6        3073.50       0.301358E-004  0.113470E-005   1194.20        6.57476        3.15841      -0.121082E+008
  681.308        20513.6        3071.91       0.303020E-004  0.113832E-005   1202.33        6.56736        3.15486      -0.120877E+008
  698.321        20513.6        3070.32       0.304627E-004  0.114197E-005   1210.08        6.55991        3.15128      -0.120670E+008
  715.333        20513.6        3068.72       0.306198E-004  0.114565E-005   1217.50        6.55242        3.14768      -0.120461E+008
  732.346        20513.6        3067.11       0.307734E-004  0.114938E-005   1224.59        6.54488        3.14406      -0.120252E+008
  749.359        20513.6        3065.50       0.309242E-004  0.115314E-005   1231.40        6.53729        3.14041      -0.120041E+008
  766.372        20513.6        3063.88       0.310727E-004  0.115693E-005   1237.92        6.52965        3.13674      -0.119829E+008
  783.385        20513.6        3062.25       0.312183E-004  0.116076E-005   1244.19        6.52198        3.13306      -0.119616E+008
  800.397        20513.6        3060.62       0.313624E-004  0.116463E-005   1250.22        6.51425        3.12934      -0.119402E+008
  817.410        20513.6        3058.99       0.315044E-004  0.116853E-005   1256.01        6.50648        3.12561      -0.119187E+008
  834.423        20513.6        3057.34       0.316451E-004  0.117247E-005   1261.60        6.49866        3.12185      -0.118972E+008
  851.436        20513.6        3055.69       0.317845E-004  0.117645E-005   1266.99        6.49080        3.11808      -0.118755E+008
  868.449        20513.6        3054.04       0.319233E-004  0.118047E-005   1272.20        6.48289        3.11428      -0.118537E+008
  885.462        20513.6        3052.38       0.320605E-004  0.118452E-005   1277.22        6.47495        3.11046      -0.118319E+008
  902.474        20513.6        3347.49       0.316443E-004  0.904453E-006   1177.96        7.00772        3.36640      -0.118736E+008
  919.487        20513.6        3345.68       0.317829E-004  0.907625E-006   1182.28        6.99947        3.36244      -0.118536E+008
  936.500        20513.6        3343.87       0.319209E-004  0.910825E-006   1186.47        6.99119        3.35846      -0.118334E+008
  953.513        20513.6        3342.05       0.320585E-004  0.914053E-006   1190.53        6.98288        3.35446      -0.118132E+008
  970.526        20513.6        3340.23       0.321958E-004  0.917310E-006   1194.45        6.97453        3.35046      -0.117929E+008
  987.538        20513.6        3338.39       0.323329E-004  0.920597E-006   1198.27        6.96615        3.34643      -0.117726E+008
  1004.55        20513.6        3336.55       0.324699E-004  0.923912E-006   1201.96        6.95774        3.34239      -0.117521E+008
  1021.56        20513.6        3334.71       0.326068E-004  0.927257E-006   1205.55        6.94931        3.33834      -0.117317E+008
  1038.58        20513.6        3332.85       0.327437E-004  0.930632E-006   1209.04        6.94084        3.33427      -0.117111E+008
  1055.59        20513.6        3330.99       0.328807E-004  0.934036E-006   1212.43        6.93234        3.33019      -0.116905E+008
  1072.60        20513.6        3329.13       0.330179E-004  0.937471E-006   1215.72        6.92381        3.32609      -0.116699E+008
  1089.62        20513.6        3327.25       0.331552E-004  0.940937E-006   1218.92        6.91526        3.32198      -0.116492E+008
  1106.63        20513.6        3325.37       0.332929E-004  0.944434E-006   1222.04        6.90667        3.31786      -0.116284E+008
  1123.64        20513.6        3323.49       0.334309E-004  0.947962E-006   1225.07        6.89806        3.31372      -0.116076E+008
  1140.65        20513.6        3321.59       0.335692E-004  0.951522E-006   1228.02        6.88942        3.30957      -0.115867E+008
  1157.67        20513.6        3319.69       0.337081E-004  0.955114E-006   1230.90        6.88075        3.30540      -0.115658E+008
  1174.68        20513.6        3317.79       0.338473E-004  0.958739E-006   1233.70        6.87205        3.30122      -0.115448E+008
  1191.69        20513.6        3315.87       0.339872E-004  0.962396E-006   1236.42        6.86332        3.29703      -0.115238E+008
  1208.71        20513.6        3313.95       0.341276E-004  0.966087E-006   1239.08        6.85456        3.29283      -0.115028E+008
  1225.72        20513.6        3312.02       0.342686E-004  0.969811E-006   1241.67        6.84578        3.28861      -0.114817E+008
  1242.73        20513.6        3310.09       0.344102E-004  0.973569E-006   1244.20        6.83697        3.28437      -0.114605E+008
  1259.74        20513.6        3308.15       0.345526E-004  0.977362E-006   1246.66        6.82813        3.28013      -0.114393E+008
  1276.76        20513.6        3306.20       0.346957E-004  0.981190E-006   1249.07        6.81926        3.27587      -0.114181E+008
  1293.77        20513.6        3304.24       0.348396E-004  0.985053E-006   1251.41        6.81037        3.27160      -0.113968E+008
  1310.78        20513.6        3302.28       0.349842E-004  0.988952E-006   1253.70        6.80145        3.26731      -0.113755E+008
  1327.79        20513.6        3300.31       0.351298E-004  0.992887E-006   1255.93        6.79250        3.26301      -0.113542E+008
  1344.81        20513.6        3298.34       0.352761E-004  0.996860E-006   1258.11        6.78352        3.25870      -0.113328E+008
  1361.82        20513.6        3296.35       0.354234E-004  0.100087E-005   1260.23        6.77452        3.25437      -0.113114E+008
  1378.83        20513.6        3294.36       0.355717E-004  0.100492E-005   1262.31        6.76549        3.25004      -0.112899E+008
  1395.85        20513.6        3292.37       0.357209E-004  0.100900E-005   1264.33        6.75643        3.24568      -0.112684E+008
  1412.86        20513.6        3290.36       0.358711E-004  0.101313E-005   1266.31        6.74734        3.24132      -0.112469E+008
  1429.87        20513.6        3288.35       0.360224E-004  0.101729E-005   1268.24        6.73823        3.23694      -0.112253E+008
  1446.88        20513.6        3286.33       0.361747E-004  0.102149E-005   1270.12        6.72909        3.23255      -0.112037E+008
  1463.90        20513.6        3284.31       0.363281E-004  0.102574E-005   1271.96        6.71992        3.22815      -0.111821E+008
  1480.91        20513.6        3282.27       0.364826E-004  0.103002E-005   1273.76        6.71073        3.22373      -0.111604E+008
  1497.92        20513.6        3280.23       0.366383E-004  0.103435E-005   1275.51        6.70150        3.21930      -0.111388E+008
  1514.94        20513.6        3278.18       0.367952E-004  0.103872E-005   1277.22        6.69225        3.21486      -0.111170E+008
  1531.95        20513.6        3276.13       0.369533E-004  0.104313E-005   1278.89        6.68298        3.21040      -0.110953E+008
  1548.96        20513.6        3274.06       0.371127E-004  0.104759E-005   1280.52        6.67367        3.20593      -0.110735E+008
  1565.97        20513.6        3271.99       0.372733E-004  0.105209E-005   1282.11        6.66434        3.20145      -0.110517E+008
  1582.99        20513.6        3269.91       0.374353E-004  0.105664E-005   1283.66        6.65498        3.19695      -0.110299E+008
  1600.00        20513.6        3267.83       0.375985E-004  0.106123E-005   1285.17        6.64560        3.19244      -0.110081E+008
  273.000        21795.7        3106.15       0.198413E-004  0.117836E-005   779.254        6.45113        3.09902      -0.124862E+008
  290.013        21795.7        3110.05       0.206540E-004  0.115057E-005   815.909        6.51305        3.12877      -0.124715E+008
  307.026        21795.7        3107.36       0.212701E-004  0.116173E-005   848.992        6.48950        3.11746      -0.124577E+008
  324.038        21795.7        3113.24       0.219745E-004  0.112174E-005   878.496        6.57900        3.16045      -0.124416E+008
  341.051        21795.7        3113.89       0.225246E-004  0.111274E-005   905.649        6.60000        3.17054      -0.124261E+008
  358.064        21795.7        3113.42       0.230016E-004  0.111027E-005   930.654        6.60625        3.17354      -0.124104E+008
  375.077        21795.7        3112.32       0.234213E-004  0.111148E-005   953.790        6.60416        3.17254      -0.123943E+008
  392.090        21795.7        3112.22       0.238250E-004  0.110663E-005   975.176        6.61567        3.17807      -0.123777E+008
  409.103        21795.7        3098.27       0.262246E-004  0.108978E-005   1002.78        6.66887        3.20362      -0.123534E+008
  426.115        21795.7        3098.98       0.266707E-004  0.107826E-005   1021.47        6.69617        3.21674      -0.123357E+008
  443.128        21795.7        3097.56       0.269975E-004  0.108127E-005   1038.96        6.68975        3.21365      -0.123181E+008
  460.141        21795.7        3096.13       0.273005E-004  0.108432E-005   1055.37        6.68325        3.21053      -0.123002E+008
  477.154        21795.7        3094.67       0.275815E-004  0.108741E-005   1070.80        6.67668        3.20737      -0.122820E+008
  494.167        21795.7        3093.21       0.278475E-004  0.109055E-005   1085.34        6.66998        3.20416      -0.122636E+008
  511.179        21795.7        3091.73       0.280930E-004  0.109371E-005   1099.02        6.66329        3.20094      -0.122448E+008
  528.192        21795.7        3090.24       0.283315E-004  0.109694E-005   1111.98        6.65641        3.19763      -0.122259E+008
  545.205        21795.7        3088.74       0.285510E-004  0.110018E-005   1124.20        6.64957        3.19435      -0.122067E+008
  562.218        21795.7        3087.22       0.287650E-004  0.110348E-005   1135.79        6.64258        3.19099      -0.121874E+008
  579.231        21795.7        3085.70       0.289690E-004  0.110682E-005   1146.77        6.63554        3.18761      -0.121679E+008
  596.244        21795.7        3084.17       0.291619E-004  0.111018E-005   1157.18        6.62848        3.18422      -0.121481E+008
  613.256        21795.7        3082.63       0.293477E-004  0.111358E-005   1167.06        6.62136        3.18080      -0.121282E+008
  630.269        21795.7        3081.08       0.295244E-004  0.111700E-005   1176.43        6.61422        3.17737      -0.121080E+008
  647.282        21795.7        3079.52       0.296967E-004  0.112047E-005   1185.37        6.60701        3.17390      -0.120878E+008
  664.295        21795.7        3077.95       0.298658E-004  0.112398E-005   1193.89        6.59970        3.17039      -0.120674E+008
  681.308        21795.7        3076.38       0.300287E-004  0.112752E-005   1202.02        6.59237        3.16687      -0.120468E+008
  698.321        21795.7        3074.80       0.301866E-004  0.113109E-005   1209.77        6.58500        3.16333      -0.120261E+008
  715.333        21795.7        3073.21       0.303411E-004  0.113470E-005   1217.18        6.57758        3.15977      -0.120053E+008
  732.346        21795.7        3071.61       0.304920E-004  0.113834E-005   1224.28        6.57012        3.15618      -0.119844E+008
  749.359        21795.7        3070.01       0.306399E-004  0.114201E-005   1231.07        6.56261        3.15257      -0.119633E+008
  766.372        21795.7        3068.41       0.307858E-004  0.114572E-005   1237.60        6.55504        3.14894      -0.119421E+008
  783.385        21795.7        3066.79       0.309292E-004  0.114947E-005   1243.86        6.54743        3.14528      -0.119208E+008
  800.397        21795.7        3065.17       0.310704E-004  0.115325E-005   1249.88        6.53978        3.14161      -0.118994E+008
  817.410        21795.7        3063.55       0.312097E-004  0.115707E-005   1255.68        6.53209        3.13791      -0.118779E+008
  834.423        21795.7        3061.92       0.313477E-004  0.116092E-005   1261.26        6.52435        3.13419      -0.118564E+008
  851.436        21795.7        3060.28       0.314844E-004  0.116481E-005   1266.65        6.51656        3.13046      -0.118347E+008
  868.449        21795.7        3058.64       0.316202E-004  0.116873E-005   1271.84        6.50873        3.12669      -0.118129E+008
  885.462        21795.7        3056.99       0.317549E-004  0.117269E-005   1276.86        6.50086        3.12291      -0.117911E+008
  902.474        21795.7        3351.36       0.314085E-004  0.897282E-006   1177.65        7.03035        3.37727      -0.118365E+008
  919.487        21795.7        3349.56       0.315450E-004  0.900397E-006   1181.97        7.02216        3.37334      -0.118164E+008
  936.500        21795.7        3347.76       0.316809E-004  0.903538E-006   1186.15        7.01394        3.36939      -0.117962E+008
  953.513        21795.7        3345.96       0.318164E-004  0.906708E-006   1190.19        7.00568        3.36542      -0.117760E+008
  970.526        21795.7        3344.14       0.319516E-004  0.909905E-006   1194.12        6.99740        3.36144      -0.117557E+008
  987.538        21795.7        3342.32       0.320865E-004  0.913130E-006   1197.92        6.98908        3.35745      -0.117354E+008
  1004.55        21795.7        3340.49       0.322213E-004  0.916384E-006   1201.62        6.98074        3.35344      -0.117150E+008
  1021.56        21795.7        3338.66       0.323560E-004  0.919666E-006   1205.20        6.97236        3.34941      -0.116945E+008
  1038.58        21795.7        3336.82       0.324907E-004  0.922978E-006   1208.68        6.96396        3.34538      -0.116740E+008
  1055.59        21795.7        3334.97       0.326254E-004  0.926318E-006   1212.06        6.95552        3.34132      -0.116534E+008
  1072.60        21795.7        3333.11       0.327603E-004  0.929688E-006   1215.35        6.94706        3.33726      -0.116327E+008
  1089.62        21795.7        3331.25       0.328954E-004  0.933088E-006   1218.54        6.93857        3.33318      -0.116120E+008
  1106.63        21795.7        3329.39       0.330308E-004  0.936518E-006   1221.65        6.93005        3.32909      -0.115913E+008
  1123.64        21795.7        3327.51       0.331664E-004  0.939978E-006   1224.67        6.92150        3.32498      -0.115705E+008
  1140.65        21795.7        3325.63       0.333024E-004  0.943469E-006   1227.62        6.91292        3.32086      -0.115496E+008
  1157.67        21795.7        3323.74       0.334388E-004  0.946991E-006   1230.48        6.90432        3.31673      -0.115287E+008
  1174.68        21795.7        3321.85       0.335757E-004  0.950545E-006   1233.28        6.89569        3.31258      -0.115077E+008
  1191.69        21795.7        3319.95       0.337131E-004  0.954131E-006   1235.99        6.88703        3.30842      -0.114867E+008
  1208.71        21795.7        3318.04       0.338510E-004  0.957748E-006   1238.64        6.87834        3.30425      -0.114657E+008
  1225.72        21795.7        3316.13       0.339895E-004  0.961399E-006   1241.23        6.86962        3.30006      -0.114446E+008
  1242.73        21795.7        3314.20       0.341286E-004  0.965082E-006   1243.74        6.86088        3.29586      -0.114235E+008
  1259.74        21795.7        3312.28       0.342684E-004  0.968799E-006   1246.20        6.85211        3.29165      -0.114023E+008
  1276.76        21795.7        3310.34       0.344089E-004  0.972550E-006   1248.59        6.84332        3.28742      -0.113810E+008
  1293.77        21795.7        3308.40       0.345501E-004  0.976335E-006   1250.93        6.83449        3.28319      -0.113598E+008
  1310.78        21795.7        3306.45       0.346921E-004  0.980154E-006   1253.21        6.82564        3.27893      -0.113385E+008
  1327.79        21795.7        3304.50       0.348349E-004  0.984009E-006   1255.43        6.81677        3.27467      -0.113171E+008
  1344.81        21795.7        3302.54       0.349785E-004  0.987899E-006   1257.59        6.80786        3.27039      -0.112958E+008
  1361.82        21795.7        3300.57       0.351230E-004  0.991826E-006   1259.71        6.79893        3.26610      -0.112744E+008
  1378.83        21795.7        3298.59       0.352685E-004  0.995789E-006   1261.77        6.78998        3.26180      -0.112529E+008
  1395.85        21795.7        3296.61       0.354148E-004  0.999789E-006   1263.79        6.78099        3.25748      -0.112314E+008
  1412.86        21795.7        3294.62       0.355621E-004  0.100383E-005   1265.75        6.77198        3.25316      -0.112099E+008
  1429.87        21795.7        3292.62       0.357104E-004  0.100790E-005   1267.67        6.76295        3.24881      -0.111884E+008
  1446.88        21795.7        3290.62       0.358598E-004  0.101202E-005   1269.55        6.75388        3.24446      -0.111668E+008
  1463.90        21795.7        3288.61       0.360102E-004  0.101617E-005   1271.37        6.74479        3.24009      -0.111452E+008
  1480.91        21795.7        3286.59       0.361616E-004  0.102036E-005   1273.16        6.73567        3.23571      -0.111235E+008
  1497.92        21795.7        3284.56       0.363142E-004  0.102460E-005   1274.90        6.72653        3.23132      -0.111018E+008
  1514.94        21795.7        3282.53       0.364680E-004  0.102887E-005   1276.60        6.71736        3.22691      -0.110801E+008
  1531.95        21795.7        3280.49       0.366229E-004  0.103319E-005   1278.25        6.70816        3.22250      -0.110584E+008
  1548.96        21795.7        3278.44       0.367790E-004  0.103755E-005   1279.87        6.69894        3.21807      -0.110366E+008
  1565.97        21795.7        3276.39       0.369363E-004  0.104195E-005   1281.45        6.68969        3.21362      -0.110149E+008
  1582.99        21795.7        3274.33       0.370949E-004  0.104639E-005   1282.99        6.68041        3.20917      -0.109930E+008
  1600.00        21795.7        3272.26       0.372548E-004  0.105088E-005   1284.49        6.67111        3.20470      -0.109712E+008
  273.000        23077.7        3111.04       0.197194E-004  0.116771E-005   778.734        6.47250        3.10929      -0.124451E+008
  290.013        23077.7        3112.52       0.204861E-004  0.115423E-005   815.474        6.50353        3.12420      -0.124310E+008
  307.026        23077.7        3112.11       0.211381E-004  0.115185E-005   848.527        6.50985        3.12723      -0.124167E+008
  324.038        23077.7        3117.02       0.218219E-004  0.111764E-005   878.102        6.58783        3.16469      -0.124009E+008
  341.051        23077.7        3115.47       0.223243E-004  0.112176E-005   905.437        6.57928        3.16058      -0.123858E+008
  358.064        23077.7        3120.97       0.229205E-004  0.108361E-005   930.062        6.66759        3.20301      -0.123691E+008
  375.077        23077.7        3122.72       0.234007E-004  0.106772E-005   953.025        6.70531        3.22113      -0.123527E+008
  392.090        23077.7        3127.26       0.239084E-004  0.103491E-005   974.179        6.78385        3.25886      -0.123355E+008
  409.103        23077.7        3125.98       0.242579E-004  0.103694E-005   994.198        6.77931        3.25668      -0.123188E+008
  426.115        23077.7        3103.25       0.264470E-004  0.106871E-005   1021.10        6.72008        3.22822      -0.122948E+008
  443.128        23077.7        3101.84       0.267701E-004  0.107166E-005   1038.61        6.71371        3.22516      -0.122772E+008
  460.141        23077.7        3100.42       0.270698E-004  0.107465E-005   1055.03        6.70726        3.22206      -0.122593E+008
  477.154        23077.7        3098.97       0.273497E-004  0.107768E-005   1070.47        6.70070        3.21891      -0.122412E+008
  494.167        23077.7        3097.52       0.276111E-004  0.108076E-005   1085.01        6.69408        3.21573      -0.122227E+008
  511.179        23077.7        3096.05       0.278574E-004  0.108387E-005   1098.72        6.68738        3.21251      -0.122040E+008
  528.192        23077.7        3094.57       0.280859E-004  0.108701E-005   1111.65        6.68069        3.20930      -0.121851E+008
  545.205        23077.7        3093.08       0.283092E-004  0.109021E-005   1123.91        6.67379        3.20599      -0.121660E+008
  562.218        23077.7        3091.57       0.285149E-004  0.109342E-005   1135.47        6.66696        3.20271      -0.121465E+008
  579.231        23077.7        3090.06       0.287171E-004  0.109669E-005   1146.47        6.65996        3.19934      -0.121270E+008
  596.244        23077.7        3088.54       0.289074E-004  0.109998E-005   1156.87        6.65297        3.19598      -0.121073E+008
  613.256        23077.7        3087.01       0.290905E-004  0.110331E-005   1166.75        6.64591        3.19259      -0.120874E+008
  630.269        23077.7        3085.47       0.292660E-004  0.110666E-005   1176.14        6.63882        3.18918      -0.120673E+008
  647.282        23077.7        3083.93       0.294365E-004  0.111006E-005   1185.08        6.63165        3.18574      -0.120470E+008
  664.295        23077.7        3082.37       0.295999E-004  0.111348E-005   1193.58        6.62447        3.18229      -0.120266E+008
  681.308        23077.7        3080.81       0.297608E-004  0.111695E-005   1201.71        6.61720        3.17880      -0.120060E+008
  698.321        23077.7        3079.24       0.299163E-004  0.112044E-005   1209.46        6.60990        3.17529      -0.119853E+008
  715.333        23077.7        3077.66       0.300681E-004  0.112397E-005   1216.87        6.60255        3.17176      -0.119645E+008
  732.346        23077.7        3076.08       0.302165E-004  0.112753E-005   1223.96        6.59516        3.16821      -0.119436E+008
  749.359        23077.7        3074.49       0.303621E-004  0.113113E-005   1230.76        6.58771        3.16464      -0.119225E+008
  766.372        23077.7        3072.90       0.305050E-004  0.113476E-005   1237.28        6.58023        3.16104      -0.119013E+008
  783.385        23077.7        3071.29       0.306457E-004  0.113842E-005   1243.54        6.57269        3.15742      -0.118801E+008
  800.397        23077.7        3069.69       0.307845E-004  0.114212E-005   1249.56        6.56511        3.15378      -0.118587E+008
  817.410        23077.7        3068.07       0.309212E-004  0.114585E-005   1255.35        6.55750        3.15012      -0.118372E+008
  834.423        23077.7        3066.46       0.310566E-004  0.114961E-005   1260.93        6.54983        3.14644      -0.118156E+008
  851.436        23077.7        3064.83       0.311907E-004  0.115341E-005   1266.30        6.54212        3.14273      -0.117939E+008
  868.449        23077.7        3063.20       0.313238E-004  0.115725E-005   1271.50        6.53437        3.13901      -0.117722E+008
  885.462        23077.7        3061.57       0.314559E-004  0.116112E-005   1276.51        6.52658        3.13527      -0.117503E+008
  902.474        23077.7        3355.20       0.311769E-004  0.890246E-006   1177.34        7.05281        3.38806      -0.117993E+008
  919.487        23077.7        3353.42       0.313114E-004  0.893305E-006   1181.65        7.04468        3.38415      -0.117792E+008
  936.500        23077.7        3351.63       0.314453E-004  0.896390E-006   1185.83        7.03652        3.38023      -0.117591E+008
  953.513        23077.7        3349.83       0.315787E-004  0.899502E-006   1189.87        7.02832        3.37630      -0.117389E+008
  970.526        23077.7        3348.03       0.317118E-004  0.902641E-006   1193.79        7.02010        3.37234      -0.117186E+008
  987.538        23077.7        3346.22       0.318446E-004  0.905807E-006   1197.59        7.01184        3.36838      -0.116983E+008
  1004.55        23077.7        3344.40       0.319773E-004  0.909001E-006   1201.27        7.00356        3.36440      -0.116779E+008
  1021.56        23077.7        3342.58       0.321099E-004  0.912223E-006   1204.85        6.99524        3.36041      -0.116574E+008
  1038.58        23077.7        3340.75       0.322424E-004  0.915473E-006   1208.32        6.98690        3.35640      -0.116369E+008
  1055.59        23077.7        3338.91       0.323750E-004  0.918751E-006   1211.70        6.97853        3.35238      -0.116163E+008
  1072.60        23077.7        3337.07       0.325077E-004  0.922058E-006   1214.98        6.97013        3.34834      -0.115956E+008
  1089.62        23077.7        3335.22       0.326405E-004  0.925394E-006   1218.17        6.96170        3.34429      -0.115749E+008
  1106.63        23077.7        3333.37       0.327736E-004  0.928759E-006   1221.27        6.95324        3.34023      -0.115542E+008
  1123.64        23077.7        3331.51       0.329070E-004  0.932153E-006   1224.28        6.94476        3.33615      -0.115334E+008
  1140.65        23077.7        3329.64       0.330407E-004  0.935578E-006   1227.22        6.93625        3.33206      -0.115125E+008
  1157.67        23077.7        3327.76       0.331748E-004  0.939032E-006   1230.08        6.92771        3.32796      -0.114916E+008
  1174.68        23077.7        3325.88       0.333093E-004  0.942518E-006   1232.86        6.91914        3.32385      -0.114707E+008
  1191.69        23077.7        3323.99       0.334443E-004  0.946034E-006   1235.57        6.91055        3.31972      -0.114497E+008
  1208.71        23077.7        3322.10       0.335798E-004  0.949581E-006   1238.22        6.90193        3.31558      -0.114286E+008
  1225.72        23077.7        3320.20       0.337159E-004  0.953160E-006   1240.79        6.89328        3.31142      -0.114076E+008
  1242.73        23077.7        3318.29       0.338525E-004  0.956770E-006   1243.30        6.88461        3.30726      -0.113864E+008
  1259.74        23077.7        3316.38       0.339898E-004  0.960414E-006   1245.74        6.87590        3.30308      -0.113653E+008
  1276.76        23077.7        3314.45       0.341278E-004  0.964090E-006   1248.13        6.86718        3.29889      -0.113440E+008
  1293.77        23077.7        3312.53       0.342665E-004  0.967799E-006   1250.46        6.85842        3.29468      -0.113228E+008
  1310.78        23077.7        3310.59       0.344059E-004  0.971542E-006   1252.72        6.84964        3.29046      -0.113015E+008
  1327.79        23077.7        3308.65       0.345460E-004  0.975319E-006   1254.94        6.84084        3.28623      -0.112802E+008
  1344.81        23077.7        3306.70       0.346870E-004  0.979130E-006   1257.09        6.83201        3.28199      -0.112588E+008
  1361.82        23077.7        3304.75       0.348288E-004  0.982976E-006   1259.20        6.82315        3.27773      -0.112374E+008
  1378.83        23077.7        3302.79       0.349715E-004  0.986858E-006   1261.25        6.81426        3.27347      -0.112159E+008
  1395.85        23077.7        3300.82       0.351151E-004  0.990775E-006   1263.26        6.80535        3.26919      -0.111945E+008
  1412.86        23077.7        3298.84       0.352596E-004  0.994729E-006   1265.21        6.79642        3.26489      -0.111730E+008
  1429.87        23077.7        3296.86       0.354051E-004  0.998720E-006   1267.12        6.78745        3.26059      -0.111514E+008
  1446.88        23077.7        3294.87       0.355516E-004  0.100275E-005   1268.98        6.77846        3.25627      -0.111298E+008
  1463.90        23077.7        3292.88       0.356990E-004  0.100681E-005   1270.80        6.76945        3.25194      -0.111082E+008
  1480.91        23077.7        3290.87       0.358475E-004  0.101092E-005   1272.57        6.76041        3.24759      -0.110866E+008
  1497.92        23077.7        3288.86       0.359971E-004  0.101506E-005   1274.30        6.75134        3.24324      -0.110649E+008
  1514.94        23077.7        3286.84       0.361478E-004  0.101924E-005   1275.99        6.74225        3.23887      -0.110433E+008
  1531.95        23077.7        3284.82       0.362996E-004  0.102347E-005   1277.63        6.73313        3.23449      -0.110215E+008
  1548.96        23077.7        3282.79       0.364526E-004  0.102773E-005   1279.24        6.72398        3.23010      -0.109998E+008
  1565.97        23077.7        3280.75       0.366067E-004  0.103204E-005   1280.80        6.71481        3.22569      -0.109780E+008
  1582.99        23077.7        3278.70       0.367621E-004  0.103638E-005   1282.33        6.70561        3.22127      -0.109562E+008
  1600.00        23077.7        3276.65       0.369187E-004  0.104077E-005   1283.82        6.69639        3.21684      -0.109344E+008
  273.000        24359.7        3117.72       0.196310E-004  0.114639E-005   778.229        6.51840        3.13134      -0.124037E+008
  290.013        24359.7        3121.15       0.204309E-004  0.112128E-005   814.924        6.57688        3.15943      -0.123893E+008
  307.026        24359.7        3120.54       0.210780E-004  0.112005E-005   847.865        6.58068        3.16126      -0.123751E+008
  324.038        24359.7        3123.90       0.217330E-004  0.109495E-005   877.546        6.63979        3.18965      -0.123597E+008
  341.051        24359.7        3130.13       0.223927E-004  0.105249E-005   904.415        6.74134        3.23843      -0.123435E+008
  358.064        24359.7        3133.89       0.229589E-004  0.102461E-005   929.176        6.80983        3.27134      -0.123273E+008
  375.077        24359.7        3132.66       0.233780E-004  0.102653E-005   952.325        6.80554        3.26928      -0.123113E+008
  392.090        24359.7        3131.40       0.237583E-004  0.102849E-005   973.826        6.80114        3.26716      -0.122949E+008
  409.103        24359.7        3130.13       0.241050E-004  0.103048E-005   993.860        6.79664        3.26500      -0.122782E+008
  426.115        24359.7        3128.84       0.244228E-004  0.103251E-005   1012.58        6.79204        3.26279      -0.122611E+008
  443.128        24359.7        3106.09       0.265472E-004  0.106224E-005   1038.26        6.73750        3.23659      -0.122364E+008
  460.141        24359.7        3104.67       0.268438E-004  0.106517E-005   1054.69        6.73108        3.23351      -0.122185E+008
  477.154        24359.7        3103.24       0.271191E-004  0.106814E-005   1070.14        6.72461        3.23040      -0.122003E+008
  494.167        24359.7        3101.80       0.273783E-004  0.107116E-005   1084.69        6.71803        3.22724      -0.121819E+008
  511.179        24359.7        3100.33       0.276174E-004  0.107419E-005   1098.38        6.71147        3.22409      -0.121632E+008
  528.192        24359.7        3098.86       0.278475E-004  0.107728E-005   1111.34        6.70475        3.22086      -0.121443E+008
  545.205        24359.7        3097.38       0.280634E-004  0.108040E-005   1123.57        6.69800        3.21761      -0.121251E+008
  562.218        24359.7        3095.89       0.282729E-004  0.108357E-005   1135.18        6.69110        3.21430      -0.121058E+008
  579.231        24359.7        3094.39       0.284703E-004  0.108677E-005   1146.16        6.68420        3.21098      -0.120863E+008
  596.244        24359.7        3092.88       0.286579E-004  0.108999E-005   1156.57        6.67727        3.20766      -0.120665E+008
  613.256        24359.7        3091.36       0.288384E-004  0.109325E-005   1166.45        6.67028        3.20430      -0.120466E+008
  630.269        24359.7        3089.83       0.290103E-004  0.109653E-005   1175.83        6.66327        3.20093      -0.120265E+008
  647.282        24359.7        3088.30       0.291769E-004  0.109985E-005   1184.76        6.65619        3.19753      -0.120062E+008
  664.295        24359.7        3086.75       0.293408E-004  0.110321E-005   1193.29        6.64902        3.19409      -0.119858E+008
  681.308        24359.7        3085.20       0.294985E-004  0.110660E-005   1201.41        6.64183        3.19063      -0.119653E+008
  698.321        24359.7        3083.64       0.296515E-004  0.111002E-005   1209.16        6.63460        3.18716      -0.119446E+008
  715.333        24359.7        3082.08       0.298007E-004  0.111347E-005   1216.57        6.62732        3.18366      -0.119238E+008
  732.346        24359.7        3080.51       0.299466E-004  0.111695E-005   1223.66        6.62000        3.18015      -0.119028E+008
  749.359        24359.7        3078.93       0.300893E-004  0.112047E-005   1230.45        6.61264        3.17661      -0.118818E+008
  766.372        24359.7        3077.35       0.302302E-004  0.112402E-005   1236.96        6.60521        3.17304      -0.118606E+008
  783.385        24359.7        3075.76       0.303685E-004  0.112761E-005   1243.22        6.59775        3.16946      -0.118393E+008
  800.397        24359.7        3074.16       0.305045E-004  0.113122E-005   1249.24        6.59025        3.16585      -0.118180E+008
  817.410        24359.7        3072.56       0.306388E-004  0.113487E-005   1255.02        6.58270        3.16223      -0.117965E+008
  834.423        24359.7        3070.96       0.307716E-004  0.113855E-005   1260.60        6.57511        3.15858      -0.117749E+008
  851.436        24359.7        3069.35       0.309032E-004  0.114227E-005   1265.97        6.56748        3.15491      -0.117532E+008
  868.449        24359.7        3067.73       0.310337E-004  0.114602E-005   1271.16        6.55980        3.15123      -0.117315E+008
  885.462        24359.7        3066.11       0.311633E-004  0.114980E-005   1276.17        6.55208        3.14752      -0.117097E+008
  902.474        24359.7        3359.02       0.309495E-004  0.883340E-006   1177.03        7.07511        3.39877      -0.117622E+008
  919.487        24359.7        3357.25       0.310820E-004  0.886345E-006   1181.34        7.06704        3.39489      -0.117421E+008
  936.500        24359.7        3355.47       0.312139E-004  0.889375E-006   1185.51        7.05893        3.39100      -0.117220E+008
  953.513        24359.7        3353.68       0.313453E-004  0.892431E-006   1189.55        7.05079        3.38709      -0.117018E+008
  970.526        24359.7        3351.89       0.314764E-004  0.895514E-006   1193.46        7.04263        3.38317      -0.116815E+008
  987.538        24359.7        3350.09       0.316072E-004  0.898623E-006   1197.26        7.03443        3.37923      -0.116612E+008
  1004.55        24359.7        3348.29       0.317378E-004  0.901759E-006   1200.94        7.02621        3.37528      -0.116408E+008
  1021.56        24359.7        3346.48       0.318683E-004  0.904922E-006   1204.51        7.01795        3.37131      -0.116203E+008
  1038.58        24359.7        3344.66       0.319987E-004  0.908112E-006   1207.97        7.00967        3.36734      -0.115998E+008
  1055.59        24359.7        3342.83       0.321292E-004  0.911330E-006   1211.34        7.00136        3.36334      -0.115792E+008
  1072.60        24359.7        3341.00       0.322597E-004  0.914576E-006   1214.62        6.99302        3.35934      -0.115586E+008
  1089.62        24359.7        3339.17       0.323904E-004  0.917850E-006   1217.80        6.98465        3.35532      -0.115379E+008
  1106.63        24359.7        3337.32       0.325213E-004  0.921152E-006   1220.89        6.97626        3.35129      -0.115171E+008
  1123.64        24359.7        3335.47       0.326525E-004  0.924483E-006   1223.90        6.96784        3.34724      -0.114963E+008
  1140.65        24359.7        3333.62       0.327840E-004  0.927842E-006   1226.83        6.95939        3.34318      -0.114755E+008
  1157.67        24359.7        3331.76       0.329158E-004  0.931232E-006   1229.68        6.95091        3.33911      -0.114546E+008
  1174.68        24359.7        3329.89       0.330481E-004  0.934650E-006   1232.46        6.94241        3.33503      -0.114337E+008
  1191.69        24359.7        3328.01       0.331807E-004  0.938099E-006   1235.16        6.93388        3.33093      -0.114127E+008
  1208.71        24359.7        3326.13       0.333139E-004  0.941578E-006   1237.79        6.92533        3.32682      -0.113916E+008
  1225.72        24359.7        3324.24       0.334476E-004  0.945088E-006   1240.36        6.91675        3.32270      -0.113706E+008
  1242.73        24359.7        3322.35       0.335819E-004  0.948628E-006   1242.86        6.90814        3.31856      -0.113494E+008
  1259.74        24359.7        3320.44       0.337168E-004  0.952200E-006   1245.30        6.89951        3.31442      -0.113283E+008
  1276.76        24359.7        3318.54       0.338523E-004  0.955804E-006   1247.68        6.89085        3.31026      -0.113071E+008
  1293.77        24359.7        3316.62       0.339885E-004  0.959440E-006   1249.99        6.88216        3.30608      -0.112858E+008
  1310.78        24359.7        3314.70       0.341254E-004  0.963109E-006   1252.25        6.87345        3.30190      -0.112645E+008
  1327.79        24359.7        3312.77       0.342630E-004  0.966810E-006   1254.45        6.86472        3.29770      -0.112432E+008
  1344.81        24359.7        3310.84       0.344014E-004  0.970545E-006   1256.60        6.85595        3.29349      -0.112218E+008
  1361.82        24359.7        3308.90       0.345406E-004  0.974314E-006   1258.70        6.84716        3.28927      -0.112004E+008
  1378.83        24359.7        3306.95       0.346807E-004  0.978117E-006   1260.74        6.83835        3.28504      -0.111790E+008
  1395.85        24359.7        3305.00       0.348216E-004  0.981954E-006   1262.74        6.82951        3.28079      -0.111576E+008
  1412.86        24359.7        3303.03       0.349634E-004  0.985827E-006   1264.68        6.82065        3.27653      -0.111361E+008
  1429.87        24359.7        3301.07       0.351061E-004  0.989736E-006   1266.58        6.81176        3.27226      -0.111145E+008
  1446.88        24359.7        3299.09       0.352498E-004  0.993681E-006   1268.43        6.80284        3.26798      -0.110930E+008
  1463.90        24359.7        3297.11       0.353944E-004  0.997662E-006   1270.24        6.79390        3.26368      -0.110714E+008
  1480.91        24359.7        3295.12       0.355401E-004  0.100168E-005   1272.00        6.78493        3.25938      -0.110497E+008
  1497.92        24359.7        3293.12       0.356867E-004  0.100574E-005   1273.72        6.77594        3.25506      -0.110281E+008
  1514.94        24359.7        3291.12       0.358345E-004  0.100983E-005   1275.39        6.76692        3.25072      -0.110064E+008
  1531.95        24359.7        3289.11       0.359833E-004  0.101396E-005   1277.02        6.75788        3.24638      -0.109847E+008
  1548.96        24359.7        3287.09       0.361332E-004  0.101814E-005   1278.62        6.74881        3.24202      -0.109629E+008
  1565.97        24359.7        3285.07       0.362843E-004  0.102235E-005   1280.17        6.73972        3.23766      -0.109412E+008
  1582.99        24359.7        3283.04       0.364365E-004  0.102660E-005   1281.68        6.73060        3.23328      -0.109194E+008
  1600.00        24359.7        3281.00       0.365900E-004  0.103089E-005   1283.16        6.72145        3.22888      -0.108976E+008
  273.000        25641.8        3124.29       0.195446E-004  0.112572E-005   777.781        6.56424        3.15336      -0.123625E+008
  290.013        25641.8        3130.79       0.203997E-004  0.108215E-005   814.451        6.66809        3.20325      -0.123478E+008
  307.026        25641.8        3137.28       0.211841E-004  0.103843E-005   847.080        6.77521        3.25471      -0.123326E+008
  324.038        25641.8        3140.39       0.218419E-004  0.101467E-005   876.596        6.83508        3.28347      -0.123175E+008
  341.051        25641.8        3139.21       0.223557E-004  0.101648E-005   903.757        6.83109        3.28155      -0.123024E+008
  358.064        25641.8        3138.00       0.228168E-004  0.101833E-005   928.791        6.82696        3.27957      -0.122868E+008
  375.077        25641.8        3136.77       0.232328E-004  0.102022E-005   951.958        6.82271        3.27752      -0.122708E+008
  392.090        25641.8        3135.52       0.236103E-004  0.102216E-005   973.476        6.81833        3.27542      -0.122544E+008
  409.103        25641.8        3134.25       0.239544E-004  0.102412E-005   993.525        6.81386        3.27327      -0.122377E+008
  426.115        25641.8        3132.97       0.242698E-004  0.102612E-005   1012.26        6.80929        3.27108      -0.122206E+008
  443.128        25641.8        3131.67       0.245601E-004  0.102815E-005   1029.80        6.80463        3.26884      -0.122032E+008
  460.141        25641.8        3108.90       0.266217E-004  0.105588E-005   1054.36        6.75474        3.24487      -0.121778E+008
  477.154        25641.8        3107.47       0.268951E-004  0.105880E-005   1069.81        6.74830        3.24178      -0.121596E+008
  494.167        25641.8        3106.04       0.271503E-004  0.106175E-005   1084.37        6.74179        3.23865      -0.121412E+008
  511.179        25641.8        3104.59       0.273907E-004  0.106474E-005   1098.09        6.73520        3.23548      -0.121225E+008
  528.192        25641.8        3103.13       0.276135E-004  0.106775E-005   1111.03        6.72863        3.23233      -0.121035E+008
  545.205        25641.8        3101.66       0.278312E-004  0.107082E-005   1123.30        6.72184        3.22907      -0.120845E+008
  562.218        25641.8        3100.18       0.280313E-004  0.107390E-005   1134.86        6.71514        3.22585      -0.120650E+008
  579.231        25641.8        3098.69       0.282283E-004  0.107704E-005   1145.86        6.70825        3.22254      -0.120456E+008
  596.244        25641.8        3097.19       0.284133E-004  0.108020E-005   1156.27        6.70139        3.21924      -0.120258E+008
  613.256        25641.8        3095.68       0.285912E-004  0.108339E-005   1166.16        6.69446        3.21591      -0.120059E+008
  630.269        25641.8        3094.16       0.287617E-004  0.108661E-005   1175.55        6.68749        3.21257      -0.119858E+008
  647.282        25641.8        3092.63       0.289270E-004  0.108986E-005   1184.49        6.68046        3.20919      -0.119656E+008
  664.295        25641.8        3091.10       0.290855E-004  0.109314E-005   1192.99        6.67342        3.20581      -0.119451E+008
  681.308        25641.8        3089.56       0.292415E-004  0.109646E-005   1201.11        6.66628        3.20238      -0.119246E+008
  698.321        25641.8        3088.02       0.293919E-004  0.109981E-005   1208.86        6.65912        3.19894      -0.119039E+008
  715.333        25641.8        3086.46       0.295388E-004  0.110319E-005   1216.27        6.65191        3.19547      -0.118831E+008
  732.346        25641.8        3084.90       0.296823E-004  0.110660E-005   1223.35        6.64466        3.19199      -0.118622E+008
  749.359        25641.8        3083.34       0.298229E-004  0.111004E-005   1230.14        6.63736        3.18848      -0.118411E+008
  766.372        25641.8        3081.76       0.299608E-004  0.111351E-005   1236.66        6.63001        3.18496      -0.118200E+008
  783.385        25641.8        3080.19       0.300964E-004  0.111702E-005   1242.91        6.62263        3.18141      -0.117987E+008
  800.397        25641.8        3078.60       0.302306E-004  0.112056E-005   1248.92        6.61519        3.17783      -0.117773E+008
  817.410        25641.8        3077.02       0.303622E-004  0.112413E-005   1254.70        6.60772        3.17424      -0.117558E+008
  834.423        25641.8        3075.42       0.304926E-004  0.112773E-005   1260.27        6.60020        3.17063      -0.117343E+008
  851.436        25641.8        3073.82       0.306217E-004  0.113136E-005   1265.64        6.59264        3.16700      -0.117126E+008
  868.449        25641.8        3072.22       0.307497E-004  0.113503E-005   1270.83        6.58504        3.16335      -0.116909E+008
  885.462        25641.8        3194.36       0.307693E-004  0.102717E-005   1229.95        6.78671        3.26023      -0.117029E+008
  902.474        25641.8        3362.81       0.307261E-004  0.876561E-006   1176.73        7.09725        3.40941      -0.117251E+008
  919.487        25641.8        3361.05       0.308566E-004  0.879512E-006   1181.04        7.08923        3.40556      -0.117050E+008
  936.500        25641.8        3359.28       0.309866E-004  0.882489E-006   1185.20        7.08118        3.40169      -0.116849E+008
  953.513        25641.8        3357.51       0.311161E-004  0.885491E-006   1189.24        7.07311        3.39781      -0.116647E+008
  970.526        25641.8        3355.72       0.312452E-004  0.888519E-006   1193.14        7.06500        3.39391      -0.116445E+008
  987.538        25641.8        3353.94       0.313740E-004  0.891573E-006   1196.93        7.05686        3.39000      -0.116241E+008
  1004.55        25641.8        3352.14       0.315026E-004  0.894653E-006   1200.61        7.04869        3.38608      -0.116037E+008
  1021.56        25641.8        3350.34       0.316310E-004  0.897759E-006   1204.17        7.04050        3.38214      -0.115833E+008
  1038.58        25641.8        3348.54       0.317594E-004  0.900891E-006   1207.63        7.03227        3.37819      -0.115628E+008
  1055.59        25641.8        3346.73       0.318879E-004  0.904051E-006   1210.99        7.02402        3.37423      -0.115422E+008
  1072.60        25641.8        3344.91       0.320163E-004  0.907237E-006   1214.26        7.01574        3.37025      -0.115216E+008
  1089.62        25641.8        3343.08       0.321449E-004  0.910451E-006   1217.43        7.00744        3.36626      -0.115009E+008
  1106.63        25641.8        3341.25       0.322737E-004  0.913692E-006   1220.52        6.99910        3.36226      -0.114801E+008
  1123.64        25641.8        3339.41       0.324028E-004  0.916961E-006   1223.53        6.99075        3.35825      -0.114593E+008
  1140.65        25641.8        3337.57       0.325321E-004  0.920258E-006   1226.45        6.98236        3.35422      -0.114385E+008
  1157.67        25641.8        3335.72       0.326617E-004  0.923584E-006   1229.29        6.97395        3.35018      -0.114176E+008
  1174.68        25641.8        3333.86       0.327918E-004  0.926938E-006   1232.06        6.96551        3.34612      -0.113967E+008
  1191.69        25641.8        3332.00       0.329222E-004  0.930322E-006   1234.76        6.95704        3.34206      -0.113757E+008
  1208.71        25641.8        3330.13       0.330531E-004  0.933735E-006   1237.38        6.94855        3.33798      -0.113547E+008
  1225.72        25641.8        3328.25       0.331845E-004  0.937177E-006   1239.94        6.94004        3.33389      -0.113336E+008
  1242.73        25641.8        3326.37       0.333165E-004  0.940650E-006   1242.43        6.93149        3.32978      -0.113125E+008
  1259.74        25641.8        3324.48       0.334490E-004  0.944153E-006   1244.86        6.92293        3.32567      -0.112913E+008
  1276.76        25641.8        3322.59       0.335822E-004  0.947687E-006   1247.23        6.91433        3.32154      -0.112701E+008
  1293.77        25641.8        3320.69       0.337160E-004  0.951252E-006   1249.54        6.90572        3.31740      -0.112489E+008
  1310.78        25641.8        3318.78       0.338504E-004  0.954849E-006   1251.79        6.89707        3.31325      -0.112276E+008
  1327.79        25641.8        3316.86       0.339856E-004  0.958477E-006   1253.98        6.88840        3.30908      -0.112063E+008
  1344.81        25641.8        3314.94       0.341215E-004  0.962138E-006   1256.12        6.87971        3.30490      -0.111849E+008
  1361.82        25641.8        3313.02       0.342582E-004  0.965832E-006   1258.21        6.87099        3.30072      -0.111635E+008
  1378.83        25641.8        3311.08       0.343957E-004  0.969559E-006   1260.24        6.86224        3.29652      -0.111421E+008
  1395.85        25641.8        3309.14       0.345340E-004  0.973320E-006   1262.23        6.85348        3.29230      -0.111207E+008
  1412.86        25641.8        3307.19       0.346732E-004  0.977114E-006   1264.16        6.84468        3.28808      -0.110992E+008
  1429.87        25641.8        3305.24       0.348132E-004  0.980943E-006   1266.05        6.83586        3.28384      -0.110776E+008
  1446.88        25641.8        3303.28       0.349542E-004  0.984807E-006   1267.89        6.82702        3.27959      -0.110561E+008
  1463.90        25641.8        3301.31       0.350961E-004  0.988707E-006   1269.69        6.81815        3.27533      -0.110345E+008
  1480.91        25641.8        3299.34       0.352390E-004  0.992642E-006   1271.44        6.80925        3.27106      -0.110129E+008
  1497.92        25641.8        3297.35       0.353829E-004  0.996614E-006   1273.14        6.80034        3.26678      -0.109912E+008
  1514.94        25641.8        3295.37       0.355278E-004  0.100062E-005   1274.81        6.79139        3.26248      -0.109696E+008
  1531.95        25641.8        3293.37       0.356737E-004  0.100467E-005   1276.43        6.78242        3.25817      -0.109479E+008
  1548.96        25641.8        3291.37       0.358207E-004  0.100875E-005   1278.01        6.77343        3.25385      -0.109261E+008
  1565.97        25641.8        3289.36       0.359688E-004  0.101288E-005   1279.55        6.76441        3.24952      -0.109044E+008
  1582.99        25641.8        3287.34       0.361180E-004  0.101704E-005   1281.05        6.75537        3.24517      -0.108826E+008
  1600.00        25641.8        3285.32       0.362684E-004  0.102124E-005   1282.52        6.74630        3.24082      -0.108608E+008
  273.000        26923.8        3147.61       0.195493E-004  0.100353E-005   776.033        6.86364        3.29718      -0.123217E+008
  290.013        26923.8        3146.59       0.203271E-004  0.100513E-005   813.238        6.85997        3.29542      -0.123074E+008
  307.026        26923.8        3145.58       0.211003E-004  0.100680E-005   846.483        6.85595        3.29349      -0.122920E+008
  324.038        26923.8        3144.46       0.217086E-004  0.100854E-005   876.169        6.85206        3.29162      -0.122770E+008
  341.051        26923.8        3143.29       0.222188E-004  0.101032E-005   903.354        6.84810        3.28972      -0.122619E+008
  358.064        26923.8        3142.09       0.226767E-004  0.101214E-005   928.408        6.84399        3.28775      -0.122463E+008
  375.077        26923.8        3140.86       0.230898E-004  0.101401E-005   951.595        6.83976        3.28572      -0.122303E+008
  392.090        26923.8        3139.62       0.234644E-004  0.101591E-005   973.130        6.83542        3.28363      -0.122139E+008
  409.103        26923.8        3138.36       0.238060E-004  0.101785E-005   993.193        6.83097        3.28149      -0.121972E+008
  426.115        26923.8        3137.08       0.241189E-004  0.101982E-005   1011.94        6.82643        3.27931      -0.121801E+008
  443.128        26923.8        3135.78       0.244071E-004  0.102182E-005   1029.49        6.82180        3.27709      -0.121628E+008
  460.141        26923.8        3134.48       0.246735E-004  0.102385E-005   1045.97        6.81709        3.27482      -0.121451E+008
  477.154        26923.8        3111.68       0.266741E-004  0.104963E-005   1069.49        6.77184        3.25309      -0.121189E+008
  494.167        26923.8        3110.25       0.269268E-004  0.105253E-005   1084.05        6.76538        3.24998      -0.121005E+008
  511.179        26923.8        3108.81       0.271596E-004  0.105543E-005   1097.76        6.75895        3.24690      -0.120817E+008
  528.192        26923.8        3107.36       0.273844E-004  0.105841E-005   1110.73        6.75233        3.24371      -0.120629E+008
  545.205        26923.8        3105.90       0.275950E-004  0.106140E-005   1122.97        6.74569        3.24053      -0.120437E+008
  562.218        26923.8        3104.43       0.277966E-004  0.106443E-005   1134.57        6.73896        3.23729      -0.120244E+008
  579.231        26923.8        3102.95       0.279910E-004  0.106751E-005   1145.57        6.73213        3.23401      -0.120049E+008
  596.244        26923.8        3101.46       0.281735E-004  0.107060E-005   1155.98        6.72533        3.23074      -0.119851E+008
  613.256        26923.8        3099.96       0.283488E-004  0.107373E-005   1165.87        6.71846        3.22744      -0.119652E+008
  630.269        26923.8        3098.45       0.285158E-004  0.107688E-005   1175.25        6.71158        3.22414      -0.119451E+008
  647.282        26923.8        3096.94       0.286775E-004  0.108006E-005   1184.18        6.70464        3.22081      -0.119249E+008
  664.295        26923.8        3095.42       0.288366E-004  0.108328E-005   1192.70        6.69760        3.21742      -0.119045E+008
  681.308        26923.8        3093.89       0.289894E-004  0.108653E-005   1200.82        6.69054        3.21403      -0.118840E+008
  698.321        26923.8        3092.35       0.291375E-004  0.108981E-005   1208.57        6.68345        3.21063      -0.118633E+008
  715.333        26923.8        3090.81       0.292820E-004  0.109312E-005   1215.97        6.67631        3.20719      -0.118425E+008
  732.346        26923.8        3089.26       0.294230E-004  0.109645E-005   1223.06        6.66913        3.20374      -0.118215E+008
  749.359        26923.8        3087.71       0.295611E-004  0.109982E-005   1229.84        6.66190        3.20027      -0.118005E+008
  766.372        26923.8        3086.15       0.296970E-004  0.110322E-005   1236.35        6.65462        3.19678      -0.117793E+008
  783.385        26923.8        3084.58       0.298305E-004  0.110665E-005   1242.60        6.64730        3.19326      -0.117581E+008
  800.397        26923.8        3083.01       0.299617E-004  0.111012E-005   1248.61        6.63994        3.18972      -0.117367E+008
  817.410        26923.8        3081.43       0.300912E-004  0.111361E-005   1254.39        6.63254        3.18617      -0.117152E+008
  834.423        26923.8        3079.85       0.302193E-004  0.111713E-005   1259.96        6.62509        3.18259      -0.116937E+008
  851.436        26923.8        3078.26       0.303460E-004  0.112069E-005   1265.32        6.61761        3.17899      -0.116720E+008
  868.449        26923.8        3076.67       0.304716E-004  0.112428E-005   1270.50        6.61007        3.17538      -0.116503E+008
  885.462        26923.8        3368.32       0.303772E-004  0.867028E-006   1171.99        7.12717        3.42378      -0.117080E+008
  902.474        26923.8        3366.58       0.305065E-004  0.869904E-006   1176.44        7.11924        3.41997      -0.116881E+008
  919.487        26923.8        3364.82       0.306352E-004  0.872804E-006   1180.74        7.11128        3.41615      -0.116680E+008
  936.500        26923.8        3363.07       0.307633E-004  0.875729E-006   1184.90        7.10328        3.41231      -0.116479E+008
  953.513        26923.8        3361.30       0.308909E-004  0.878679E-006   1188.93        7.09526        3.40845      -0.116277E+008
  970.526        26923.8        3359.53       0.310181E-004  0.881654E-006   1192.83        7.08721        3.40458      -0.116074E+008
  987.538        26923.8        3357.76       0.311449E-004  0.884654E-006   1196.61        7.07912        3.40070      -0.115871E+008
  1004.55        26923.8        3355.98       0.312716E-004  0.887679E-006   1200.28        7.07101        3.39681      -0.115667E+008
  1021.56        26923.8        3354.19       0.313981E-004  0.890729E-006   1203.84        7.06288        3.39290      -0.115463E+008
  1038.58        26923.8        3352.39       0.315245E-004  0.893806E-006   1207.29        7.05471        3.38897      -0.115257E+008
  1055.59        26923.8        3350.59       0.316509E-004  0.896909E-006   1210.65        7.04652        3.38504      -0.115052E+008
  1072.60        26923.8        3348.78       0.317774E-004  0.900037E-006   1213.91        7.03830        3.38109      -0.114846E+008
  1089.62        26923.8        3346.97       0.319040E-004  0.903193E-006   1217.08        7.03005        3.37713      -0.114639E+008
  1106.63        26923.8        3345.15       0.320307E-004  0.906375E-006   1220.16        7.02178        3.37315      -0.114431E+008
  1123.64        26923.8        3343.33       0.321576E-004  0.909584E-006   1223.16        7.01348        3.36917      -0.114224E+008
  1140.65        26923.8        3341.49       0.322849E-004  0.912821E-006   1226.07        7.00516        3.36517      -0.114015E+008
  1157.67        26923.8        3339.65       0.324124E-004  0.916085E-006   1228.91        6.99681        3.36116      -0.113806E+008
  1174.68        26923.8        3337.81       0.325403E-004  0.919377E-006   1231.67        6.98843        3.35713      -0.113597E+008
  1191.69        26923.8        3335.96       0.326685E-004  0.922697E-006   1234.36        6.98003        3.35310      -0.113387E+008
  1208.71        26923.8        3334.10       0.327973E-004  0.926046E-006   1236.98        6.97160        3.34905      -0.113177E+008
  1225.72        26923.8        3332.24       0.329265E-004  0.929423E-006   1239.53        6.96315        3.34499      -0.112966E+008
  1242.73        26923.8        3330.37       0.330562E-004  0.932830E-006   1242.01        6.95467        3.34091      -0.112755E+008
  1259.74        26923.8        3328.49       0.331864E-004  0.936267E-006   1244.43        6.94617        3.33683      -0.112544E+008
  1276.76        26923.8        3326.61       0.333173E-004  0.939733E-006   1246.79        6.93764        3.33273      -0.112332E+008
  1293.77        26923.8        3324.72       0.334487E-004  0.943229E-006   1249.09        6.92908        3.32862      -0.112120E+008
  1310.78        26923.8        3322.83       0.335808E-004  0.946757E-006   1251.33        6.92051        3.32450      -0.111907E+008
  1327.79        26923.8        3320.92       0.337136E-004  0.950315E-006   1253.52        6.91190        3.32037      -0.111694E+008
  1344.81        26923.8        3319.02       0.338471E-004  0.953904E-006   1255.65        6.90328        3.31623      -0.111480E+008
  1361.82        26923.8        3317.10       0.339814E-004  0.957525E-006   1257.73        6.89462        3.31207      -0.111267E+008
  1378.83        26923.8        3315.18       0.341164E-004  0.961179E-006   1259.75        6.88595        3.30790      -0.111052E+008
  1395.85        26923.8        3313.25       0.342522E-004  0.964865E-006   1261.73        6.87725        3.30372      -0.110838E+008
  1412.86        26923.8        3311.32       0.343888E-004  0.968583E-006   1263.65        6.86852        3.29953      -0.110623E+008
  1429.87        26923.8        3309.38       0.345263E-004  0.972336E-006   1265.53        6.85977        3.29533      -0.110408E+008
  1446.88        26923.8        3307.43       0.346647E-004  0.976122E-006   1267.36        6.85100        3.29111      -0.110193E+008
  1463.90        26923.8        3305.48       0.348039E-004  0.979942E-006   1269.14        6.84220        3.28689      -0.109977E+008
  1480.91        26923.8        3303.52       0.349441E-004  0.983798E-006   1270.89        6.83338        3.28265      -0.109761E+008
  1497.92        26923.8        3301.55       0.350853E-004  0.987688E-006   1272.58        6.82453        3.27840      -0.109544E+008
  1514.94        26923.8        3299.58       0.352274E-004  0.991614E-006   1274.23        6.81566        3.27414      -0.109328E+008
  1531.95        26923.8        3297.60       0.353706E-004  0.995576E-006   1275.85        6.80676        3.26986      -0.109111E+008
  1548.96        26923.8        3295.61       0.355147E-004  0.999575E-006   1277.42        6.79784        3.26558      -0.108894E+008
  1565.97        26923.8        3293.61       0.356600E-004  0.100361E-005   1278.95        6.78890        3.26128      -0.108676E+008
  1582.99        26923.8        3291.61       0.358063E-004  0.100769E-005   1280.44        6.77993        3.25697      -0.108458E+008
  1600.00        26923.8        3289.23       0.359466E-004  0.101183E-005   1282.03        6.77112        3.25274      -0.108273E+008
  273.000        28205.8        3151.65       0.194329E-004  0.997555E-006   775.534        6.88050        3.30529      -0.122812E+008
  290.013        28205.8        3150.66       0.202334E-004  0.999127E-006   812.897        6.87673        3.30348      -0.122666E+008
  307.026        28205.8        3149.64       0.209770E-004  0.100078E-005   846.039        6.87281        3.30159      -0.122515E+008
  324.038        28205.8        3148.52       0.215771E-004  0.100249E-005   875.747        6.86894        3.29973      -0.122365E+008
  341.051        28205.8        3147.35       0.220839E-004  0.100424E-005   902.953        6.86500        3.29784      -0.122214E+008
  358.064        28205.8        3146.15       0.225386E-004  0.100604E-005   928.030        6.86092        3.29588      -0.122058E+008
  375.077        28205.8        3144.94       0.229487E-004  0.100788E-005   951.235        6.85672        3.29386      -0.121898E+008
  392.090        28205.8        3143.70       0.233207E-004  0.100976E-005   972.787        6.85240        3.29179      -0.121735E+008
  409.103        28205.8        3142.44       0.236597E-004  0.101167E-005   992.865        6.84798        3.28966      -0.121568E+008
  426.115        28205.8        3141.17       0.239703E-004  0.101361E-005   1011.62        6.84346        3.28749      -0.121397E+008
  443.128        28205.8        3139.88       0.242562E-004  0.101558E-005   1029.19        6.83886        3.28528      -0.121223E+008
  460.141        28205.8        3138.58       0.245206E-004  0.101759E-005   1045.67        6.83419        3.28304      -0.121047E+008
  477.154        28205.8        3137.26       0.247662E-004  0.101961E-005   1061.17        6.82944        3.28076      -0.120868E+008
  494.167        28205.8        3114.43       0.267072E-004  0.104348E-005   1083.74        6.78880        3.26123      -0.120599E+008
  511.179        28205.8        3113.01       0.269416E-004  0.104635E-005   1097.48        6.78232        3.25812      -0.120412E+008
  528.192        28205.8        3111.56       0.271590E-004  0.104924E-005   1110.42        6.77587        3.25502      -0.120222E+008
  545.205        28205.8        3110.11       0.273714E-004  0.105220E-005   1122.70        6.76919        3.25181      -0.120032E+008
  562.218        28205.8        3108.65       0.275663E-004  0.105515E-005   1134.27        6.76262        3.24866      -0.119838E+008
  579.231        28205.8        3107.18       0.277582E-004  0.105817E-005   1145.28        6.75584        3.24540      -0.119643E+008
  596.244        28205.8        3105.70       0.279382E-004  0.106120E-005   1155.69        6.74909        3.24216      -0.119445E+008
  613.256        28205.8        3104.21       0.281111E-004  0.106426E-005   1165.58        6.74229        3.23889      -0.119246E+008
  630.269        28205.8        3102.72       0.282767E-004  0.106735E-005   1174.97        6.73545        3.23561      -0.119045E+008
  647.282        28205.8        3101.21       0.284374E-004  0.107047E-005   1183.91        6.72855        3.23229      -0.118843E+008
  664.295        28205.8        3099.70       0.285910E-004  0.107362E-005   1192.41        6.72164        3.22897      -0.118639E+008
  681.308        28205.8        3098.18       0.287423E-004  0.107680E-005   1200.53        6.71463        3.22560      -0.118434E+008
  698.321        28205.8        3096.66       0.288881E-004  0.108001E-005   1208.28        6.70760        3.22223      -0.118227E+008
  715.333        28205.8        3095.13       0.290303E-004  0.108325E-005   1215.68        6.70053        3.21883      -0.118019E+008
  732.346        28205.8        3093.59       0.291691E-004  0.108652E-005   1222.76        6.69341        3.21541      -0.117810E+008
  749.359        28205.8        3092.04       0.293049E-004  0.108981E-005   1229.55        6.68625        3.21197      -0.117599E+008
  766.372        28205.8        3090.49       0.294384E-004  0.109314E-005   1236.06        6.67904        3.20851      -0.117388E+008
  783.385        28205.8        3088.94       0.295693E-004  0.109650E-005   1242.30        6.67180        3.20503      -0.117175E+008
  800.397        28205.8        3087.38       0.296987E-004  0.109989E-005   1248.31        6.66450        3.20152      -0.116961E+008
  817.410        28205.8        3085.81       0.298257E-004  0.110331E-005   1254.08        6.65717        3.19800      -0.116747E+008
  834.423        28205.8        3084.24       0.299515E-004  0.110676E-005   1259.65        6.64980        3.19446      -0.116531E+008
  851.436        28205.8        3082.67       0.300759E-004  0.111024E-005   1265.01        6.64238        3.19090      -0.116315E+008
  868.449        28205.8        3081.09       0.301992E-004  0.111375E-005   1270.18        6.63492        3.18731      -0.116097E+008
  885.462        28205.8        3372.05       0.301632E-004  0.860540E-006   1171.71        7.14895        3.43425      -0.116710E+008
  902.474        28205.8        3370.32       0.302908E-004  0.863366E-006   1176.15        7.14107        3.43046      -0.116510E+008
  919.487        28205.8        3368.58       0.304176E-004  0.866217E-006   1180.44        7.13316        3.42666      -0.116310E+008
  936.500        28205.8        3366.83       0.305439E-004  0.869092E-006   1184.60        7.12522        3.42285      -0.116109E+008
  953.513        28205.8        3365.08       0.306696E-004  0.871990E-006   1188.62        7.11725        3.41902      -0.115907E+008
  970.526        28205.8        3363.32       0.307949E-004  0.874913E-006   1192.52        7.10926        3.41518      -0.115704E+008
  987.538        28205.8        3361.55       0.309199E-004  0.877861E-006   1196.30        7.10123        3.41132      -0.115501E+008
  1004.55        28205.8        3359.78       0.310447E-004  0.880833E-006   1199.96        7.09318        3.40745      -0.115297E+008
  1021.56        28205.8        3358.01       0.311693E-004  0.883830E-006   1203.51        7.08510        3.40357      -0.115093E+008
  1038.58        28205.8        3356.22       0.312938E-004  0.886852E-006   1206.96        7.07699        3.39968      -0.114888E+008
  1055.59        28205.8        3354.43       0.314182E-004  0.889900E-006   1210.31        7.06885        3.39577      -0.114682E+008
  1072.60        28205.8        3352.64       0.315427E-004  0.892972E-006   1213.57        7.06069        3.39185      -0.114476E+008
  1089.62        28205.8        3350.83       0.316673E-004  0.896071E-006   1216.73        7.05251        3.38791      -0.114269E+008
  1106.63        28205.8        3349.03       0.317921E-004  0.899196E-006   1219.80        7.04429        3.38397      -0.114062E+008
  1123.64        28205.8        3347.21       0.319170E-004  0.902347E-006   1222.79        7.03605        3.38001      -0.113854E+008
  1140.65        28205.8        3345.39       0.320422E-004  0.905525E-006   1225.70        7.02779        3.37604      -0.113646E+008
  1157.67        28205.8        3343.56       0.321676E-004  0.908729E-006   1228.53        7.01950        3.37206      -0.113437E+008
  1174.68        28205.8        3341.73       0.322934E-004  0.911961E-006   1231.28        7.01118        3.36806      -0.113228E+008
  1191.69        28205.8        3339.89       0.324196E-004  0.915220E-006   1233.97        7.00284        3.36406      -0.113018E+008
  1208.71        28205.8        3338.05       0.325462E-004  0.918507E-006   1236.58        6.99447        3.36004      -0.112808E+008
  1225.72        28205.8        3336.20       0.326732E-004  0.921821E-006   1239.12        6.98608        3.35601      -0.112597E+008
  1242.73        28205.8        3334.34       0.328008E-004  0.925164E-006   1241.60        6.97767        3.35196      -0.112386E+008
  1259.74        28205.8        3332.47       0.329288E-004  0.928536E-006   1244.01        6.96923        3.34791      -0.112175E+008
  1276.76        28205.8        3330.60       0.330574E-004  0.931937E-006   1246.36        6.96076        3.34384      -0.111963E+008
  1293.77        28205.8        3328.73       0.331866E-004  0.935367E-006   1248.65        6.95227        3.33976      -0.111751E+008
  1310.78        28205.8        3326.84       0.333165E-004  0.938827E-006   1250.89        6.94376        3.33567      -0.111538E+008
  1327.79        28205.8        3324.96       0.334469E-004  0.942316E-006   1253.06        6.93522        3.33157      -0.111325E+008
  1344.81        28205.8        3323.06       0.335781E-004  0.945836E-006   1255.18        6.92666        3.32746      -0.111112E+008
  1361.82        28205.8        3321.16       0.337100E-004  0.949387E-006   1257.25        6.91807        3.32334      -0.110898E+008
  1378.83        28205.8        3319.25       0.338426E-004  0.952970E-006   1259.27        6.90946        3.31920      -0.110684E+008
  1395.85        28205.8        3317.34       0.339760E-004  0.956583E-006   1261.23        6.90083        3.31505      -0.110470E+008
  1412.86        28205.8        3315.42       0.341101E-004  0.960229E-006   1263.15        6.89217        3.31089      -0.110255E+008
  1429.87        28205.8        3313.49       0.342451E-004  0.963907E-006   1265.02        6.88349        3.30672      -0.110040E+008
  1446.88        28205.8        3311.56       0.343809E-004  0.967618E-006   1266.84        6.87479        3.30254      -0.109825E+008
  1463.90        28205.8        3309.62       0.345177E-004  0.971362E-006   1268.62        6.86606        3.29835      -0.109609E+008
  1480.91        28205.8        3307.67       0.346553E-004  0.975139E-006   1270.35        6.85730        3.29414      -0.109393E+008
  1497.92        28205.8        3305.72       0.347938E-004  0.978951E-006   1272.03        6.84853        3.28993      -0.109177E+008
  1514.94        28205.8        3303.75       0.349332E-004  0.982798E-006   1273.67        6.83973        3.28570      -0.108960E+008
  1531.95        28205.8        3301.79       0.350737E-004  0.986679E-006   1275.27        6.83090        3.28146      -0.108743E+008
  1548.96        28205.8        3299.81       0.352151E-004  0.990596E-006   1276.83        6.82205        3.27721      -0.108526E+008
  1565.97        28205.8        3297.83       0.353576E-004  0.994549E-006   1278.35        6.81318        3.27295      -0.108309E+008
  1582.99        28205.8        3294.94       0.354836E-004  0.998602E-006   1280.17        6.80479        3.26892      -0.108170E+008
  1600.00        28205.8        3290.73       0.355854E-004  0.100280E-005   1282.46        6.79705        3.26520      -0.108146E+008
  273.000        29487.9        3155.67       0.193181E-004  0.991657E-006   775.037        6.89727        3.31334      -0.122407E+008
  290.013        29487.9        3154.69       0.201236E-004  0.993208E-006   812.479        6.89346        3.31151      -0.122261E+008
  307.026        29487.9        3153.67       0.208556E-004  0.994837E-006   845.601        6.88956        3.30964      -0.122110E+008
  324.038        29487.9        3152.56       0.214475E-004  0.996523E-006   875.326        6.88572        3.30779      -0.121961E+008
  341.051        29487.9        3151.39       0.219509E-004  0.998253E-006   902.558        6.88180        3.30591      -0.121810E+008
  358.064        29487.9        3150.20       0.224024E-004  0.100003E-005   927.654        6.87775        3.30396      -0.121654E+008
  375.077        29487.9        3148.99       0.228097E-004  0.100184E-005   950.878        6.87357        3.30196      -0.121495E+008
  392.090        29487.9        3147.76       0.231790E-004  0.100369E-005   972.445        6.86928        3.29989      -0.121331E+008
  409.103        29487.9        3146.51       0.235156E-004  0.100557E-005   992.538        6.86488        3.29778      -0.121164E+008
  426.115        29487.9        3145.24       0.238238E-004  0.100749E-005   1011.31        6.86040        3.29563      -0.120993E+008
  443.128        29487.9        3143.96       0.241075E-004  0.100943E-005   1028.89        6.85583        3.29343      -0.120820E+008
  460.141        29487.9        3142.66       0.243698E-004  0.101140E-005   1045.38        6.85118        3.29120      -0.120643E+008
  477.154        29487.9        3141.35       0.246134E-004  0.101340E-005   1060.89        6.84646        3.28893      -0.120464E+008
  494.167        29487.9        3140.03       0.248407E-004  0.101543E-005   1075.50        6.84167        3.28663      -0.120282E+008
  511.179        29487.9        3117.17       0.267233E-004  0.103743E-005   1097.18        6.80563        3.26932      -0.120006E+008
  528.192        29487.9        3115.74       0.269416E-004  0.104028E-005   1110.15        6.79915        3.26620      -0.119817E+008
  545.205        29487.9        3114.29       0.271437E-004  0.104313E-005   1122.38        6.79271        3.26311      -0.119625E+008
  562.218        29487.9        3112.84       0.273406E-004  0.104605E-005   1133.99        6.78609        3.25993      -0.119432E+008
  579.231        29487.9        3111.38       0.275299E-004  0.104901E-005   1144.99        6.77937        3.25670      -0.119237E+008
  596.244        29487.9        3109.91       0.277075E-004  0.105198E-005   1155.41        6.77269        3.25349      -0.119040E+008
  613.256        29487.9        3108.43       0.278780E-004  0.105498E-005   1165.30        6.76594        3.25025      -0.118841E+008
  630.269        29487.9        3106.95       0.280405E-004  0.105800E-005   1174.68        6.75919        3.24701      -0.118640E+008
  647.282        29487.9        3105.45       0.281972E-004  0.106105E-005   1183.61        6.75238        3.24374      -0.118437E+008
  664.295        29487.9        3103.95       0.283517E-004  0.106415E-005   1192.13        6.74546        3.24042      -0.118234E+008
  681.308        29487.9        3102.44       0.285000E-004  0.106727E-005   1200.25        6.73853        3.23709      -0.118028E+008
  698.321        29487.9        3100.93       0.286436E-004  0.107041E-005   1208.00        6.73157        3.23374      -0.117822E+008
  715.333        29487.9        3099.41       0.287835E-004  0.107358E-005   1215.40        6.72457        3.23038      -0.117614E+008
  732.346        29487.9        3097.88       0.289199E-004  0.107678E-005   1222.48        6.71752        3.22699      -0.117404E+008
  749.359        29487.9        3096.35       0.290534E-004  0.108001E-005   1229.26        6.71043        3.22359      -0.117194E+008
  766.372        29487.9        3094.81       0.291848E-004  0.108327E-005   1235.76        6.70329        3.22016      -0.116982E+008
  783.385        29487.9        3093.27       0.293138E-004  0.108656E-005   1242.01        6.69611        3.21670      -0.116770E+008
  800.397        29487.9        3091.72       0.294407E-004  0.108987E-005   1248.01        6.68888        3.21324      -0.116556E+008
  817.410        29487.9        3090.16       0.295655E-004  0.109322E-005   1253.78        6.68162        3.20975      -0.116342E+008
  834.423        29487.9        3088.60       0.296890E-004  0.109660E-005   1259.34        6.67432        3.20624      -0.116126E+008
  851.436        29487.9        3087.04       0.298112E-004  0.110000E-005   1264.70        6.66697        3.20271      -0.115910E+008
  868.449        29487.9        3085.47       0.299322E-004  0.110344E-005   1269.86        6.65958        3.19916      -0.115692E+008
  885.462        29487.9        3375.76       0.299529E-004  0.854165E-006   1171.43        7.17058        3.44464      -0.116340E+008
  902.474        29487.9        3374.04       0.300787E-004  0.856944E-006   1175.86        7.16276        3.44088      -0.116141E+008
  919.487        29487.9        3372.31       0.302037E-004  0.859747E-006   1180.15        7.15490        3.43710      -0.115940E+008
  936.500        29487.9        3370.57       0.303282E-004  0.862572E-006   1184.30        7.14701        3.43331      -0.115739E+008
  953.513        29487.9        3368.83       0.304521E-004  0.865421E-006   1188.32        7.13910        3.42951      -0.115537E+008
  970.526        29487.9        3367.08       0.305756E-004  0.868294E-006   1192.21        7.13115        3.42570      -0.115335E+008
  987.538        29487.9        3365.33       0.306988E-004  0.871191E-006   1195.99        7.12318        3.42187      -0.115132E+008
  1004.55        29487.9        3363.56       0.308217E-004  0.874112E-006   1199.64        7.11519        3.41802      -0.114928E+008
  1021.56        29487.9        3361.80       0.309445E-004  0.877056E-006   1203.19        7.10716        3.41417      -0.114723E+008
  1038.58        29487.9        3360.03       0.310671E-004  0.880026E-006   1206.64        7.09911        3.41030      -0.114518E+008
  1055.59        29487.9        3358.25       0.311897E-004  0.883020E-006   1209.98        7.09103        3.40642      -0.114313E+008
  1072.60        29487.9        3356.46       0.313123E-004  0.886038E-006   1213.23        7.08293        3.40253      -0.114107E+008
  1089.62        29487.9        3354.67       0.314349E-004  0.889082E-006   1216.38        7.07480        3.39862      -0.113900E+008
  1106.63        29487.9        3352.87       0.315577E-004  0.892151E-006   1219.45        7.06664        3.39470      -0.113693E+008
  1123.64        29487.9        3351.07       0.316807E-004  0.895246E-006   1222.44        7.05846        3.39077      -0.113485E+008
  1140.65        29487.9        3349.26       0.318039E-004  0.898367E-006   1225.34        7.05025        3.38683      -0.113277E+008
  1157.67        29487.9        3347.45       0.319273E-004  0.901513E-006   1228.16        7.04202        3.38288      -0.113068E+008
  1174.68        29487.9        3345.62       0.320511E-004  0.904686E-006   1230.91        7.03376        3.37891      -0.112859E+008
  1191.69        29487.9        3343.80       0.321752E-004  0.907886E-006   1233.58        7.02548        3.37493      -0.112649E+008
  1208.71        29487.9        3341.96       0.322998E-004  0.911112E-006   1236.18        7.01718        3.37094      -0.112439E+008
  1225.72        29487.9        3340.12       0.324247E-004  0.914366E-006   1238.72        7.00885        3.36694      -0.112229E+008
  1242.73        29487.9        3338.28       0.325501E-004  0.917647E-006   1241.19        7.00049        3.36293      -0.112018E+008
  1259.74        29487.9        3336.43       0.326760E-004  0.920956E-006   1243.60        6.99211        3.35890      -0.111806E+008
  1276.76        29487.9        3334.57       0.328025E-004  0.924293E-006   1245.94        6.98371        3.35487      -0.111595E+008
  1293.77        29487.9        3332.71       0.329295E-004  0.927659E-006   1248.22        6.97529        3.35082      -0.111382E+008
  1310.78        29487.9        3330.83       0.330571E-004  0.931053E-006   1250.45        6.96684        3.34676      -0.111170E+008
  1327.79        29487.9        3328.96       0.331853E-004  0.934477E-006   1252.62        6.95836        3.34269      -0.110957E+008
  1344.81        29487.9        3327.08       0.333142E-004  0.937930E-006   1254.73        6.94986        3.33861      -0.110744E+008
  1361.82        29487.9        3325.19       0.334438E-004  0.941413E-006   1256.79        6.94134        3.33451      -0.110530E+008
  1378.83        29487.9        3323.29       0.335741E-004  0.944926E-006   1258.80        6.93280        3.33041      -0.110316E+008
  1395.85        29487.9        3321.39       0.337051E-004  0.948470E-006   1260.75        6.92423        3.32629      -0.110102E+008
  1412.86        29487.9        3319.48       0.338369E-004  0.952045E-006   1262.66        6.91564        3.32217      -0.109887E+008
  1429.87        29487.9        3317.57       0.339695E-004  0.955651E-006   1264.52        6.90702        3.31803      -0.109672E+008
  1446.88        29487.9        3315.65       0.341028E-004  0.959289E-006   1266.33        6.89839        3.31388      -0.109457E+008
  1463.90        29487.9        3313.72       0.342371E-004  0.962959E-006   1268.10        6.88972        3.30972      -0.109241E+008
  1480.91        29487.9        3311.79       0.343722E-004  0.966662E-006   1269.82        6.88104        3.30554      -0.109025E+008
  1497.92        29487.9        3309.85       0.345081E-004  0.970397E-006   1271.49        6.87233        3.30136      -0.108809E+008
  1514.94        29487.9        3307.90       0.346450E-004  0.974167E-006   1273.12        6.86360        3.29717      -0.108593E+008
  1531.95        29487.9        3305.95       0.347828E-004  0.977970E-006   1274.71        6.85485        3.29296      -0.108376E+008
  1548.96        29487.9        3303.99       0.349216E-004  0.981807E-006   1276.26        6.84607        3.28875      -0.108159E+008
  1565.97        29487.9        3300.49       0.350313E-004  0.985760E-006   1278.35        6.83822        3.28497      -0.108075E+008
  1582.99        29487.9        3296.32       0.351289E-004  0.989799E-006   1280.65        6.83069        3.28136      -0.108049E+008
  1600.00        29487.9        3292.21       0.352291E-004  0.993889E-006   1282.90        6.82303        3.27768      -0.108017E+008
  273.000        30769.9        3159.68       0.192049E-004  0.985840E-006   774.547        6.91394        3.32135      -0.122003E+008
  290.013        30769.9        3158.70       0.200086E-004  0.987370E-006   812.030        6.91010        3.31951      -0.121856E+008
  307.026        30769.9        3157.69       0.207358E-004  0.988976E-006   845.165        6.90621        3.31763      -0.121706E+008
  324.038        30769.9        3156.57       0.213198E-004  0.990638E-006   874.910        6.90240        3.31581      -0.121558E+008
  341.051        30769.9        3155.42       0.218197E-004  0.992345E-006   902.165        6.89851        3.31394      -0.121407E+008
  358.064        30769.9        3154.23       0.222682E-004  0.994093E-006   927.281        6.89448        3.31200      -0.121251E+008
  375.077        30769.9        3153.03       0.226727E-004  0.995881E-006   950.524        6.89032        3.31000      -0.121091E+008
  392.090        30769.9        3151.80       0.230393E-004  0.997705E-006   972.108        6.88606        3.30795      -0.120928E+008
  409.103        30769.9        3150.56       0.233734E-004  0.999561E-006   992.215        6.88169        3.30586      -0.120760E+008
  426.115        30769.9        3149.30       0.236794E-004  0.100145E-005   1011.00        6.87723        3.30371      -0.120590E+008
  443.128        30769.9        3148.02       0.239609E-004  0.100337E-005   1028.59        6.87269        3.30153      -0.120417E+008
  460.141        30769.9        3146.73       0.242212E-004  0.100531E-005   1045.09        6.86807        3.29931      -0.120240E+008
  477.154        30769.9        3145.43       0.244629E-004  0.100728E-005   1060.61        6.86337        3.29706      -0.120061E+008
  494.167        30769.9        3144.11       0.246883E-004  0.100928E-005   1075.23        6.85862        3.29477      -0.119879E+008
  511.179        30769.9        3142.79       0.248993E-004  0.101130E-005   1089.01        6.85380        3.29246      -0.119695E+008
  528.192        30769.9        3119.88       0.267248E-004  0.103146E-005   1109.86        6.82234        3.27735      -0.119412E+008
  545.205        30769.9        3118.45       0.269286E-004  0.103429E-005   1122.12        6.81586        3.27423      -0.119220E+008
  562.218        30769.9        3117.00       0.271186E-004  0.103713E-005   1133.70        6.80941        3.27113      -0.119027E+008
  579.231        30769.9        3115.55       0.273058E-004  0.104003E-005   1144.71        6.80273        3.26793      -0.118832E+008
  596.244        30769.9        3114.09       0.274811E-004  0.104294E-005   1155.13        6.79611        3.26475      -0.118635E+008
  613.256        30769.9        3112.62       0.276494E-004  0.104588E-005   1165.02        6.78943        3.26153      -0.118436E+008
  630.269        30769.9        3111.15       0.278104E-004  0.104885E-005   1174.41        6.78271        3.25831      -0.118235E+008
  647.282        30769.9        3109.66       0.279664E-004  0.105184E-005   1183.35        6.77593        3.25505      -0.118033E+008
  664.295        30769.9        3108.17       0.281155E-004  0.105486E-005   1191.85        6.76915        3.25180      -0.117828E+008
  681.308        30769.9        3106.67       0.282623E-004  0.105792E-005   1199.97        6.76227        3.24849      -0.117623E+008
  698.321        30769.9        3105.17       0.284036E-004  0.106100E-005   1207.72        6.75537        3.24518      -0.117417E+008
  715.333        30769.9        3103.66       0.285414E-004  0.106410E-005   1215.12        6.74843        3.24184      -0.117209E+008
  732.346        30769.9        3102.14       0.286758E-004  0.106724E-005   1222.19        6.74145        3.23849      -0.117000E+008
  749.359        30769.9        3100.62       0.288073E-004  0.107040E-005   1228.97        6.73442        3.23511      -0.116789E+008
  766.372        30769.9        3099.09       0.289362E-004  0.107359E-005   1235.48        6.72735        3.23172      -0.116578E+008
  783.385        30769.9        3097.56       0.290629E-004  0.107681E-005   1241.72        6.72024        3.22830      -0.116365E+008
  800.397        30769.9        3096.02       0.291878E-004  0.108006E-005   1247.72        6.71308        3.22486      -0.116152E+008
  817.410        30769.9        3094.48       0.293105E-004  0.108334E-005   1253.48        6.70589        3.22141      -0.115937E+008
  834.423        30769.9        3092.93       0.294318E-004  0.108664E-005   1259.04        6.69865        3.21793      -0.115722E+008
  851.436        30769.9        3091.37       0.295517E-004  0.108998E-005   1264.39        6.69138        3.21443      -0.115505E+008
  868.449        30769.9        3089.82       0.296706E-004  0.109334E-005   1269.56        6.68406        3.21092      -0.115288E+008
  885.462        30769.9        3379.44       0.297461E-004  0.847902E-006   1171.15        7.19207        3.45496      -0.115971E+008
  902.474        30769.9        3377.73       0.298701E-004  0.850635E-006   1175.58        7.18429        3.45122      -0.115771E+008
  919.487        30769.9        3376.01       0.299935E-004  0.853390E-006   1179.87        7.17649        3.44747      -0.115571E+008
  936.500        30769.9        3374.29       0.301162E-004  0.856168E-006   1184.01        7.16865        3.44371      -0.115370E+008
  953.513        30769.9        3372.55       0.302384E-004  0.858969E-006   1188.03        7.16079        3.43993      -0.115168E+008
  970.526        30769.9        3370.82       0.303601E-004  0.861793E-006   1191.91        7.15290        3.43614      -0.114965E+008
  987.538        30769.9        3369.07       0.304815E-004  0.864640E-006   1195.68        7.14498        3.43234      -0.114762E+008
  1004.55        30769.9        3367.32       0.306026E-004  0.867511E-006   1199.33        7.13704        3.42852      -0.114559E+008
  1021.56        30769.9        3365.57       0.307236E-004  0.870405E-006   1202.88        7.12907        3.42469      -0.114354E+008
  1038.58        30769.9        3363.80       0.308444E-004  0.873323E-006   1206.31        7.12107        3.42085      -0.114149E+008
  1055.59        30769.9        3362.04       0.309651E-004  0.876265E-006   1209.65        7.11305        3.41700      -0.113944E+008
  1072.60        30769.9        3360.26       0.310858E-004  0.879231E-006   1212.90        7.10500        3.41313      -0.113738E+008
  1089.62        30769.9        3358.48       0.312066E-004  0.882222E-006   1216.05        7.09693        3.40925      -0.113531E+008
  1106.63        30769.9        3356.70       0.313275E-004  0.885237E-006   1219.11        7.08883        3.40536      -0.113324E+008
  1123.64        30769.9        3354.90       0.314486E-004  0.888277E-006   1222.08        7.08070        3.40146      -0.113116E+008
  1140.65        30769.9        3353.11       0.315699E-004  0.891342E-006   1224.98        7.07255        3.39755      -0.112908E+008
  1157.67        30769.9        3351.30       0.316914E-004  0.894432E-006   1227.80        7.06438        3.39362      -0.112699E+008
  1174.68        30769.9        3349.49       0.318132E-004  0.897548E-006   1230.54        7.05618        3.38968      -0.112490E+008
  1191.69        30769.9        3347.68       0.319353E-004  0.900690E-006   1233.20        7.04796        3.38573      -0.112281E+008
  1208.71        30769.9        3345.85       0.320578E-004  0.903858E-006   1235.80        7.03971        3.38177      -0.112071E+008
  1225.72        30769.9        3344.03       0.321807E-004  0.907053E-006   1238.33        7.03144        3.37780      -0.111860E+008
  1242.73        30769.9        3342.19       0.323041E-004  0.910274E-006   1240.79        7.02315        3.37381      -0.111649E+008
  1259.74        30769.9        3340.35       0.324279E-004  0.913522E-006   1243.19        7.01483        3.36982      -0.111438E+008
  1276.76        30769.9        3338.51       0.325523E-004  0.916798E-006   1245.52        7.00649        3.36581      -0.111226E+008
  1293.77        30769.9        3336.65       0.326772E-004  0.920101E-006   1247.80        6.99813        3.36179      -0.111014E+008
  1310.78        30769.9        3334.80       0.328026E-004  0.923432E-006   1250.02        6.98974        3.35776      -0.110802E+008
  1327.79        30769.9        3332.93       0.329287E-004  0.926792E-006   1252.18        6.98133        3.35372      -0.110589E+008
  1344.81        30769.9        3331.06       0.330554E-004  0.930180E-006   1254.28        6.97289        3.34967      -0.110376E+008
  1361.82        30769.9        3329.19       0.331827E-004  0.933597E-006   1256.33        6.96443        3.34561      -0.110162E+008
  1378.83        30769.9        3327.30       0.333107E-004  0.937043E-006   1258.33        6.95595        3.34153      -0.109948E+008
  1395.85        30769.9        3325.41       0.334395E-004  0.940519E-006   1260.28        6.94745        3.33745      -0.109734E+008
  1412.86        30769.9        3323.52       0.335689E-004  0.944025E-006   1262.18        6.93892        3.33335      -0.109519E+008
  1429.87        30769.9        3321.62       0.336992E-004  0.947562E-006   1264.03        6.93037        3.32924      -0.109305E+008
  1446.88        30769.9        3319.71       0.338302E-004  0.951129E-006   1265.83        6.92180        3.32513      -0.109089E+008
  1463.90        30769.9        3317.80       0.339620E-004  0.954728E-006   1267.59        6.91321        3.32100      -0.108874E+008
  1480.91        30769.9        3315.88       0.340947E-004  0.958358E-006   1269.30        6.90459        3.31686      -0.108658E+008
  1497.92        30769.9        3313.95       0.342282E-004  0.962020E-006   1270.96        6.89595        3.31271      -0.108442E+008
  1514.94        30769.9        3312.02       0.343626E-004  0.965715E-006   1272.58        6.88728        3.30854      -0.108226E+008
  1531.95        30769.9        3310.05       0.344974E-004  0.969443E-006   1274.17        6.87862        3.30438      -0.108011E+008
  1548.96        30769.9        3305.98       0.345911E-004  0.973279E-006   1276.51        6.87136        3.30089      -0.107978E+008
  1565.97        30769.9        3301.75       0.346828E-004  0.977171E-006   1278.88        6.86411        3.29741      -0.107959E+008
  1582.99        30769.9        3297.84       0.347821E-004  0.981103E-006   1281.08        6.85655        3.29378      -0.107912E+008
  1600.00        30769.9        3293.64       0.348771E-004  0.985098E-006   1283.36        6.84908        3.29019      -0.107890E+008
  273.000        32052.0        3163.66       0.190932E-004  0.980101E-006   774.058        6.93051        3.32931      -0.121600E+008
  290.013        32052.0        3162.69       0.198871E-004  0.981610E-006   811.546        6.92669        3.32747      -0.121454E+008
  307.026        32052.0        3161.69       0.206187E-004  0.983195E-006   844.734        6.92276        3.32558      -0.121302E+008
  324.038        32052.0        3160.57       0.211938E-004  0.984834E-006   874.497        6.91898        3.32377      -0.121155E+008
  341.051        32052.0        3159.42       0.216904E-004  0.986517E-006   901.774        6.91511        3.32191      -0.121004E+008
  358.064        32052.0        3158.24       0.221358E-004  0.988241E-006   926.912        6.91111        3.31999      -0.120848E+008
  375.077        32052.0        3157.04       0.225375E-004  0.990004E-006   950.172        6.90698        3.31800      -0.120688E+008
  392.090        32052.0        3155.82       0.229016E-004  0.991802E-006   971.773        6.90274        3.31597      -0.120525E+008
  409.103        32052.0        3154.58       0.232333E-004  0.993633E-006   991.895        6.89840        3.31388      -0.120358E+008
  426.115        32052.0        3153.33       0.235370E-004  0.995494E-006   1010.69        6.89396        3.31175      -0.120187E+008
  443.128        32052.0        3152.06       0.238164E-004  0.997384E-006   1028.29        6.88945        3.30958      -0.120014E+008
  460.141        32052.0        3150.78       0.240747E-004  0.999302E-006   1044.81        6.88485        3.30738      -0.119837E+008
  477.154        32052.0        3149.48       0.243145E-004  0.100124E-005   1060.34        6.88019        3.30514      -0.119658E+008
  494.167        32052.0        3148.17       0.245381E-004  0.100321E-005   1074.96        6.87546        3.30287      -0.119477E+008
  511.179        32052.0        3146.85       0.247474E-004  0.100520E-005   1088.75        6.87068        3.30057      -0.119293E+008
  528.192        32052.0        3145.52       0.249442E-004  0.100722E-005   1101.77        6.86584        3.29824      -0.119106E+008
  545.205        32052.0        3122.57       0.267133E-004  0.102559E-005   1121.84        6.83895        3.28532      -0.118816E+008
  562.218        32052.0        3121.13       0.269042E-004  0.102839E-005   1133.44        6.83246        3.28221      -0.118622E+008
  579.231        32052.0        3119.69       0.270858E-004  0.103122E-005   1144.43        6.82594        3.27907      -0.118427E+008
  596.244        32052.0        3118.24       0.272589E-004  0.103407E-005   1154.85        6.81937        3.27592      -0.118230E+008
  613.256        32052.0        3116.78       0.274249E-004  0.103695E-005   1164.74        6.81274        3.27274      -0.118031E+008
  630.269        32052.0        3115.31       0.275820E-004  0.103985E-005   1174.12        6.80614        3.26956      -0.117830E+008
  647.282        32052.0        3113.84       0.277353E-004  0.104279E-005   1183.06        6.79943        3.26634      -0.117628E+008
  664.295        32052.0        3112.36       0.278843E-004  0.104575E-005   1191.58        6.79266        3.26309      -0.117424E+008
  681.308        32052.0        3110.87       0.280292E-004  0.104875E-005   1199.70        6.78583        3.25981      -0.117219E+008
  698.321        32052.0        3109.38       0.281683E-004  0.105177E-005   1207.44        6.77900        3.25653      -0.117012E+008
  715.333        32052.0        3107.88       0.283040E-004  0.105481E-005   1214.84        6.77212        3.25322      -0.116804E+008
  732.346        32052.0        3106.37       0.284362E-004  0.105788E-005   1221.92        6.76521        3.24990      -0.116595E+008
  749.359        32052.0        3104.86       0.285653E-004  0.106098E-005   1228.69        6.75825        3.24656      -0.116385E+008
  766.372        32052.0        3103.34       0.286924E-004  0.106411E-005   1235.19        6.75124        3.24319      -0.116173E+008
  783.385        32052.0        3101.82       0.288171E-004  0.106726E-005   1241.43        6.74419        3.23981      -0.115961E+008
  800.397        32052.0        3100.29       0.289398E-004  0.107044E-005   1247.43        6.73711        3.23640      -0.115747E+008
  817.410        32052.0        3098.76       0.290610E-004  0.107365E-005   1253.20        6.72997        3.23297      -0.115533E+008
  834.423        32052.0        3097.22       0.291798E-004  0.107689E-005   1258.74        6.72281        3.22953      -0.115317E+008
  851.436        32052.0        3095.68       0.292975E-004  0.108015E-005   1264.09        6.71560        3.22607      -0.115101E+008
  868.449        32052.0        3238.21       0.294282E-004  0.962385E-006   1215.94        6.94941        3.33839      -0.115360E+008
  885.462        32052.0        3383.11       0.295427E-004  0.841747E-006   1170.87        7.21340        3.46521      -0.115601E+008
  902.474        32052.0        3381.40       0.296651E-004  0.844434E-006   1175.30        7.20568        3.46150      -0.115402E+008
  919.487        32052.0        3379.69       0.297867E-004  0.847144E-006   1179.59        7.19793        3.45777      -0.115202E+008
  936.500        32052.0        3377.98       0.299077E-004  0.849876E-006   1183.73        7.19014        3.45403      -0.115001E+008
  953.513        32052.0        3376.26       0.300282E-004  0.852630E-006   1187.74        7.18234        3.45028      -0.114799E+008
  970.526        32052.0        3374.53       0.301482E-004  0.855407E-006   1191.62        7.17450        3.44652      -0.114596E+008
  987.538        32052.0        3372.79       0.302679E-004  0.858206E-006   1195.38        7.16663        3.44274      -0.114393E+008
  1004.55        32052.0        3371.06       0.303873E-004  0.861028E-006   1199.03        7.15874        3.43895      -0.114190E+008
  1021.56        32052.0        3369.31       0.305065E-004  0.863873E-006   1202.57        7.15083        3.43515      -0.113985E+008
  1038.58        32052.0        3367.56       0.306255E-004  0.866741E-006   1206.00        7.14288        3.43133      -0.113781E+008
  1055.59        32052.0        3365.80       0.307444E-004  0.869632E-006   1209.33        7.13492        3.42750      -0.113575E+008
  1072.60        32052.0        3364.04       0.308634E-004  0.872547E-006   1212.57        7.12692        3.42366      -0.113369E+008
  1089.62        32052.0        3362.27       0.309823E-004  0.875486E-006   1215.71        7.11890        3.41981      -0.113162E+008
  1106.63        32052.0        3360.49       0.311014E-004  0.878448E-006   1218.77        7.11086        3.41595      -0.112955E+008
  1123.64        32052.0        3358.71       0.312206E-004  0.881435E-006   1221.74        7.10279        3.41207      -0.112748E+008
  1140.65        32052.0        3356.92       0.313400E-004  0.884446E-006   1224.63        7.09470        3.40818      -0.112540E+008
  1157.67        32052.0        3355.13       0.314596E-004  0.887482E-006   1227.44        7.08658        3.40428      -0.112331E+008
  1174.68        32052.0        3353.33       0.315795E-004  0.890543E-006   1230.17        7.07844        3.40037      -0.112122E+008
  1191.69        32052.0        3351.53       0.316997E-004  0.893629E-006   1232.83        7.07028        3.39645      -0.111913E+008
  1208.71        32052.0        3349.72       0.318203E-004  0.896740E-006   1235.42        7.06209        3.39252      -0.111703E+008
  1225.72        32052.0        3347.90       0.319412E-004  0.899877E-006   1237.94        7.05388        3.38857      -0.111492E+008
  1242.73        32052.0        3346.08       0.320626E-004  0.903040E-006   1240.40        7.04564        3.38462      -0.111281E+008
  1259.74        32052.0        3344.25       0.321844E-004  0.906230E-006   1242.79        7.03738        3.38065      -0.111070E+008
  1276.76        32052.0        3342.42       0.323067E-004  0.909446E-006   1245.12        7.02910        3.37667      -0.110858E+008
  1293.77        32052.0        3340.58       0.324295E-004  0.912688E-006   1247.38        7.02080        3.37268      -0.110646E+008
  1310.78        32052.0        3338.73       0.325529E-004  0.915958E-006   1249.59        7.01247        3.36868      -0.110434E+008
  1327.79        32052.0        3336.88       0.326768E-004  0.919256E-006   1251.75        7.00412        3.36467      -0.110221E+008
  1344.81        32052.0        3335.02       0.328014E-004  0.922581E-006   1253.84        6.99575        3.36065      -0.110008E+008
  1361.82        32052.0        3333.16       0.329265E-004  0.925934E-006   1255.89        6.98735        3.35661      -0.109795E+008
  1378.83        32052.0        3331.29       0.330524E-004  0.929316E-006   1257.88        6.97893        3.35257      -0.109581E+008
  1395.85        32052.0        3329.41       0.331789E-004  0.932726E-006   1259.82        6.97049        3.34852      -0.109367E+008
  1412.86        32052.0        3327.53       0.333061E-004  0.936166E-006   1261.71        6.96203        3.34445      -0.109152E+008
  1429.87        32052.0        3325.64       0.334341E-004  0.939635E-006   1263.55        6.95354        3.34037      -0.108937E+008
  1446.88        32052.0        3323.74       0.335628E-004  0.943134E-006   1265.34        6.94504        3.33629      -0.108722E+008
  1463.90        32052.0        3321.84       0.336923E-004  0.946663E-006   1267.09        6.93651        3.33219      -0.108507E+008
  1480.91        32052.0        3319.94       0.338226E-004  0.950223E-006   1268.79        6.92795        3.32808      -0.108291E+008
  1497.92        32052.0        3318.02       0.339537E-004  0.953814E-006   1270.44        6.91938        3.32396      -0.108075E+008
  1514.94        32052.0        3315.22       0.340678E-004  0.957450E-006   1272.38        6.91145        3.32015      -0.107935E+008
  1531.95        32052.0        3310.90       0.341521E-004  0.961152E-006   1274.85        6.90460        3.31686      -0.107925E+008
  1548.96        32052.0        3306.94       0.342448E-004  0.964897E-006   1277.15        6.89738        3.31340      -0.107884E+008
  1565.97        32052.0        3302.84       0.343360E-004  0.968693E-006   1279.46        6.89017        3.30993      -0.107855E+008
  1582.99        32052.0        3299.26       0.344386E-004  0.972524E-006   1281.54        6.88251        3.30625      -0.107780E+008
  1600.00        32052.0        3295.25       0.345338E-004  0.976417E-006   1283.74        6.87506        3.30267      -0.107743E+008
  273.000        33334.0        3167.63       0.189831E-004  0.974439E-006   773.575        6.94699        3.33723      -0.121197E+008
  290.013        33334.0        3166.66       0.197726E-004  0.975928E-006   811.091        6.94315        3.33538      -0.121051E+008
  307.026        33334.0        3165.66       0.205017E-004  0.977492E-006   844.304        6.93921        3.33349      -0.120899E+008
  324.038        33334.0        3164.56       0.210695E-004  0.979108E-006   874.088        6.93547        3.33169      -0.120752E+008
  341.051        33334.0        3163.41       0.215629E-004  0.980768E-006   901.387        6.93162        3.32984      -0.120601E+008
  358.064        33334.0        3162.24       0.220053E-004  0.982468E-006   926.546        6.92764        3.32793      -0.120445E+008
  375.077        33334.0        3161.04       0.224042E-004  0.984207E-006   949.825        6.92353        3.32596      -0.120286E+008
  392.090        33334.0        3159.83       0.227658E-004  0.985980E-006   971.441        6.91932        3.32393      -0.120122E+008
  409.103        33334.0        3158.59       0.230951E-004  0.987786E-006   991.578        6.91500        3.32186      -0.119955E+008
  426.115        33334.0        3157.34       0.233966E-004  0.989621E-006   1010.39        6.91060        3.31974      -0.119785E+008
  443.128        33334.0        3156.08       0.236740E-004  0.991485E-006   1028.00        6.90611        3.31759      -0.119612E+008
  460.141        33334.0        3154.80       0.239303E-004  0.993375E-006   1044.52        6.90154        3.31539      -0.119435E+008
  477.154        33334.0        3153.51       0.241682E-004  0.995291E-006   1060.06        6.89691        3.31317      -0.119256E+008
  494.167        33334.0        3152.21       0.243900E-004  0.997230E-006   1074.69        6.89221        3.31091      -0.119075E+008
  511.179        33334.0        3150.90       0.245976E-004  0.999193E-006   1088.49        6.88745        3.30862      -0.118891E+008
  528.192        33334.0        3149.57       0.247927E-004  0.100118E-005   1101.52        6.88264        3.30631      -0.118704E+008
  545.205        33334.0        3148.24       0.249768E-004  0.100318E-005   1113.84        6.87778        3.30398      -0.118516E+008
  562.218        33334.0        3125.23       0.266906E-004  0.101980E-005   1133.16        6.85545        3.29325      -0.118218E+008
  579.231        33334.0        3123.80       0.268699E-004  0.102257E-005   1144.16        6.84897        3.29014      -0.118023E+008
  596.244        33334.0        3122.36       0.270391E-004  0.102536E-005   1154.57        6.84251        3.28703      -0.117825E+008
  613.256        33334.0        3120.91       0.272045E-004  0.102820E-005   1164.47        6.83590        3.28386      -0.117627E+008
  630.269        33334.0        3119.45       0.273594E-004  0.103104E-005   1173.85        6.82935        3.28072      -0.117426E+008
  647.282        33334.0        3117.99       0.275130E-004  0.103393E-005   1182.81        6.82264        3.27749      -0.117224E+008
  664.295        33334.0        3116.52       0.276579E-004  0.103683E-005   1191.31        6.81599        3.27429      -0.117020E+008
  681.308        33334.0        3115.04       0.278003E-004  0.103976E-005   1199.43        6.80923        3.27105      -0.116815E+008
  698.321        33334.0        3113.55       0.279374E-004  0.104272E-005   1207.17        6.80246        3.26780      -0.116608E+008
  715.333        33334.0        3112.06       0.280711E-004  0.104570E-005   1214.57        6.79564        3.26452      -0.116401E+008
  732.346        33334.0        3110.57       0.282012E-004  0.104871E-005   1221.64        6.78879        3.26123      -0.116191E+008
  749.359        33334.0        3109.07       0.283288E-004  0.105175E-005   1228.42        6.78189        3.25792      -0.115981E+008
  766.372        33334.0        3107.56       0.284537E-004  0.105481E-005   1234.92        6.77495        3.25458      -0.115770E+008
  783.385        33334.0        3106.05       0.285759E-004  0.105790E-005   1241.15        6.76798        3.25123      -0.115557E+008
  800.397        33334.0        3104.53       0.286967E-004  0.106102E-005   1247.15        6.76095        3.24786      -0.115344E+008
  817.410        33334.0        3103.01       0.288151E-004  0.106416E-005   1252.91        6.75390        3.24447      -0.115129E+008
  834.423        33334.0        3101.48       0.289328E-004  0.106733E-005   1258.46        6.74678        3.24105      -0.114914E+008
  851.436        33334.0        3099.95       0.290481E-004  0.107053E-005   1263.80        6.73965        3.23762      -0.114697E+008
  868.449        33334.0        3388.43       0.292210E-004  0.833074E-006   1166.02        7.24225        3.47906      -0.115431E+008
  885.462        33334.0        3386.75       0.293426E-004  0.835697E-006   1170.61        7.23460        3.47539      -0.115233E+008
  902.474        33334.0        3385.05       0.294634E-004  0.838340E-006   1175.03        7.22693        3.47170      -0.115033E+008
  919.487        33334.0        3383.35       0.295834E-004  0.841006E-006   1179.31        7.21922        3.46800      -0.114833E+008
  936.500        33334.0        3381.65       0.297028E-004  0.843692E-006   1183.45        7.21149        3.46429      -0.114632E+008
  953.513        33334.0        3379.94       0.298216E-004  0.846401E-006   1187.45        7.20374        3.46056      -0.114430E+008
  970.526        33334.0        3378.22       0.299399E-004  0.849131E-006   1191.33        7.19595        3.45682      -0.114228E+008
  987.538        33334.0        3376.49       0.300579E-004  0.851884E-006   1195.08        7.18814        3.45307      -0.114025E+008
  1004.55        33334.0        3374.76       0.301756E-004  0.854658E-006   1198.73        7.18030        3.44930      -0.113821E+008
  1021.56        33334.0        3373.03       0.302930E-004  0.857456E-006   1202.26        7.17243        3.44553      -0.113617E+008
  1038.58        33334.0        3371.29       0.304103E-004  0.860275E-006   1205.69        7.16455        3.44174      -0.113412E+008
  1055.59        33334.0        3369.54       0.305275E-004  0.863117E-006   1209.01        7.15663        3.43793      -0.113207E+008
  1072.60        33334.0        3367.79       0.306447E-004  0.865983E-006   1212.25        7.14869        3.43412      -0.113001E+008
  1089.62        33334.0        3366.03       0.307619E-004  0.868871E-006   1215.38        7.14073        3.43029      -0.112794E+008
  1106.63        33334.0        3364.26       0.308792E-004  0.871782E-006   1218.43        7.13274        3.42646      -0.112587E+008
  1123.64        33334.0        3362.49       0.309966E-004  0.874718E-006   1221.40        7.12472        3.42261      -0.112380E+008
  1140.65        33334.0        3360.72       0.311141E-004  0.877677E-006   1224.28        7.11669        3.41875      -0.112172E+008
  1157.67        33334.0        3358.94       0.312319E-004  0.880659E-006   1227.09        7.10863        3.41487      -0.111963E+008
  1174.68        33334.0        3357.15       0.313499E-004  0.883667E-006   1229.81        7.10054        3.41099      -0.111754E+008
  1191.69        33334.0        3355.36       0.314683E-004  0.886698E-006   1232.47        7.09243        3.40709      -0.111545E+008
  1208.71        33334.0        3353.56       0.315869E-004  0.889755E-006   1235.05        7.08430        3.40319      -0.111335E+008
  1225.72        33334.0        3351.75       0.317059E-004  0.892836E-006   1237.56        7.07615        3.39927      -0.111124E+008
  1242.73        33334.0        3349.94       0.318254E-004  0.895942E-006   1240.01        7.06797        3.39534      -0.110914E+008
  1259.74        33334.0        3348.12       0.319452E-004  0.899075E-006   1242.40        7.05977        3.39140      -0.110702E+008
  1276.76        33334.0        3346.30       0.320655E-004  0.902232E-006   1244.72        7.05155        3.38745      -0.110491E+008
  1293.77        33334.0        3344.47       0.321864E-004  0.905416E-006   1246.98        7.04330        3.38349      -0.110279E+008
  1310.78        33334.0        3342.64       0.323077E-004  0.908627E-006   1249.18        7.03504        3.37952      -0.110067E+008
  1327.79        33334.0        3340.80       0.324296E-004  0.911864E-006   1251.32        7.02674        3.37554      -0.109854E+008
  1344.81        33334.0        3338.95       0.325521E-004  0.915128E-006   1253.41        7.01843        3.37155      -0.109641E+008
  1361.82        33334.0        3337.10       0.326751E-004  0.918419E-006   1255.45        7.01010        3.36754      -0.109427E+008
  1378.83        33334.0        3335.24       0.327989E-004  0.921738E-006   1257.43        7.00174        3.36353      -0.109214E+008
  1395.85        33334.0        3333.38       0.329232E-004  0.925085E-006   1259.36        6.99336        3.35950      -0.109000E+008
  1412.86        33334.0        3331.51       0.330483E-004  0.928460E-006   1261.24        6.98496        3.35547      -0.108785E+008
  1429.87        33334.0        3329.63       0.331740E-004  0.931864E-006   1263.07        6.97654        3.35142      -0.108570E+008
  1446.88        33334.0        3327.75       0.333005E-004  0.935297E-006   1264.86        6.96809        3.34736      -0.108355E+008
  1463.90        33334.0        3325.86       0.334277E-004  0.938759E-006   1266.59        6.95963        3.34330      -0.108140E+008
  1480.91        33334.0        3323.97       0.335558E-004  0.942251E-006   1268.29        6.95114        3.33922      -0.107924E+008
  1497.92        33334.0        3320.22       0.336467E-004  0.945773E-006   1270.62        6.94414        3.33586      -0.107867E+008
  1514.94        33334.0        3315.92       0.337272E-004  0.949340E-006   1273.12        6.93751        3.33267      -0.107857E+008
  1531.95        33334.0        3312.11       0.338187E-004  0.952951E-006   1275.39        6.93039        3.32925      -0.107805E+008
  1548.96        33334.0        3308.34       0.339123E-004  0.956607E-006   1277.61        6.92315        3.32577      -0.107748E+008
  1565.97        33334.0        3304.19       0.339990E-004  0.960313E-006   1279.94        6.91612        3.32240      -0.107725E+008
  1582.99        33334.0        3300.27       0.340916E-004  0.964065E-006   1282.15        6.90881        3.31889      -0.107681E+008
  1600.00        33334.0        3296.45       0.341875E-004  0.967862E-006   1284.28        6.90135        3.31530      -0.107629E+008
  273.000        34616.0        3171.58       0.188744E-004  0.968852E-006   773.094        6.96338        3.34510      -0.120794E+008
  290.013        34616.0        3170.59       0.196271E-004  0.970320E-006   810.483        6.95970        3.34333      -0.120652E+008
  307.026        34616.0        3169.63       0.203875E-004  0.971864E-006   843.879        6.95557        3.34135      -0.120497E+008
  324.038        34616.0        3168.52       0.209469E-004  0.973458E-006   873.680        6.95186        3.33956      -0.120350E+008
  341.051        34616.0        3167.38       0.214371E-004  0.975095E-006   901.003        6.94803        3.33773      -0.120199E+008
  358.064        34616.0        3166.21       0.218766E-004  0.976773E-006   926.181        6.94407        3.33583      -0.120043E+008
  375.077        34616.0        3165.02       0.222728E-004  0.978488E-006   949.479        6.93999        3.33387      -0.119884E+008
  392.090        34616.0        3163.81       0.226319E-004  0.980237E-006   971.112        6.93580        3.33185      -0.119721E+008
  409.103        34616.0        3162.58       0.229589E-004  0.982017E-006   991.263        6.93151        3.32979      -0.119554E+008
  426.115        34616.0        3161.34       0.232582E-004  0.983828E-006   1010.08        6.92713        3.32769      -0.119383E+008
  443.128        34616.0        3160.08       0.235335E-004  0.985665E-006   1027.71        6.92267        3.32554      -0.119210E+008
  460.141        34616.0        3158.81       0.237879E-004  0.987530E-006   1044.24        6.91813        3.32336      -0.119034E+008
  477.154        34616.0        3157.53       0.240239E-004  0.989418E-006   1059.79        6.91353        3.32115      -0.118855E+008
  494.167        34616.0        3156.23       0.242440E-004  0.991331E-006   1074.43        6.90886        3.31891      -0.118673E+008
  511.179        34616.0        3154.92       0.244499E-004  0.993266E-006   1088.23        6.90413        3.31664      -0.118489E+008
  528.192        34616.0        3153.61       0.246434E-004  0.995223E-006   1101.27        6.89934        3.31434      -0.118303E+008
  545.205        34616.0        3152.28       0.248259E-004  0.997200E-006   1113.59        6.89451        3.31202      -0.118114E+008
  562.218        34616.0        3150.94       0.249987E-004  0.999198E-006   1125.26        6.88963        3.30967      -0.117924E+008
  579.231        34616.0        3127.88       0.266579E-004  0.101409E-005   1143.89        6.87185        3.30113      -0.117619E+008
  596.244        34616.0        3126.45       0.268268E-004  0.101684E-005   1154.31        6.86539        3.29803      -0.117422E+008
  613.256        34616.0        3125.01       0.269854E-004  0.101959E-005   1164.19        6.85897        3.29494      -0.117223E+008
  630.269        34616.0        3123.56       0.271418E-004  0.102239E-005   1173.60        6.85238        3.29178      -0.117022E+008
  647.282        34616.0        3122.10       0.272902E-004  0.102521E-005   1182.53        6.84582        3.28862      -0.116820E+008
  664.295        34616.0        3120.64       0.274360E-004  0.102807E-005   1191.05        6.83914        3.28542      -0.116617E+008
  681.308        34616.0        3119.18       0.275758E-004  0.103095E-005   1199.17        6.83246        3.28221      -0.116411E+008
  698.321        34616.0        3117.70       0.277103E-004  0.103384E-005   1206.90        6.82577        3.27899      -0.116205E+008
  715.333        34616.0        3116.22       0.278423E-004  0.103677E-005   1214.30        6.81900        3.27574      -0.115997E+008
  732.346        34616.0        3114.73       0.279705E-004  0.103971E-005   1221.37        6.81222        3.27248      -0.115788E+008
  749.359        34616.0        3113.24       0.280956E-004  0.104269E-005   1228.15        6.80539        3.26920      -0.115578E+008
  766.372        34616.0        3111.75       0.282189E-004  0.104569E-005   1234.64        6.79850        3.26590      -0.115366E+008
  783.385        34616.0        3110.24       0.283395E-004  0.104872E-005   1240.88        6.79159        3.26257      -0.115154E+008
  800.397        34616.0        3108.74       0.284584E-004  0.105177E-005   1246.87        6.78462        3.25923      -0.114941E+008
  817.410        34616.0        3107.23       0.285746E-004  0.105485E-005   1252.62        6.77764        3.25587      -0.114726E+008
  834.423        34616.0        3105.71       0.286901E-004  0.105796E-005   1258.17        6.77060        3.25249      -0.114511E+008
  851.436        34616.0        3104.19       0.288035E-004  0.106109E-005   1263.51        6.76353        3.24909      -0.114294E+008
  868.449        34616.0        3392.04       0.290258E-004  0.827168E-006   1165.76        7.26326        3.48916      -0.115063E+008
  885.462        34616.0        3390.36       0.291458E-004  0.829749E-006   1170.34        7.25566        3.48551      -0.114864E+008
  902.474        34616.0        3388.68       0.292650E-004  0.832350E-006   1174.76        7.24804        3.48184      -0.114665E+008
  919.487        34616.0        3386.99       0.293834E-004  0.834971E-006   1179.03        7.24038        3.47817      -0.114464E+008
  936.500        34616.0        3385.29       0.295011E-004  0.837614E-006   1183.17        7.23270        3.47448      -0.114263E+008
  953.513        34616.0        3383.59       0.296183E-004  0.840279E-006   1187.17        7.22499        3.47077      -0.114062E+008
  970.526        34616.0        3381.88       0.297350E-004  0.842964E-006   1191.04        7.21726        3.46706      -0.113859E+008
  987.538        34616.0        3380.17       0.298514E-004  0.845671E-006   1194.79        7.20950        3.46333      -0.113657E+008
  1004.55        34616.0        3378.45       0.299674E-004  0.848400E-006   1198.43        7.20171        3.45959      -0.113453E+008
  1021.56        34616.0        3376.73       0.300832E-004  0.851150E-006   1201.96        7.19390        3.45584      -0.113249E+008
  1038.58        34616.0        3374.99       0.301988E-004  0.853923E-006   1205.38        7.18606        3.45207      -0.113044E+008
  1055.59        34616.0        3373.26       0.303143E-004  0.856717E-006   1208.70        7.17820        3.44829      -0.112839E+008
  1072.60        34616.0        3371.51       0.304298E-004  0.859534E-006   1211.93        7.17031        3.44451      -0.112633E+008
  1089.62        34616.0        3369.77       0.305452E-004  0.862374E-006   1215.06        7.16240        3.44070      -0.112426E+008
  1106.63        34616.0        3368.01       0.306608E-004  0.865236E-006   1218.11        7.15446        3.43689      -0.112219E+008
  1123.64        34616.0        3366.25       0.307764E-004  0.868121E-006   1221.06        7.14650        3.43307      -0.112012E+008
  1140.65        34616.0        3364.49       0.308922E-004  0.871029E-006   1223.94        7.13852        3.42923      -0.111804E+008
  1157.67        34616.0        3362.72       0.310082E-004  0.873960E-006   1226.74        7.13052        3.42539      -0.111595E+008
  1174.68        34616.0        3360.94       0.311244E-004  0.876915E-006   1229.46        7.12249        3.42153      -0.111386E+008
  1191.69        34616.0        3359.16       0.312409E-004  0.879894E-006   1232.11        7.11443        3.41766      -0.111177E+008
  1208.71        34616.0        3357.37       0.313577E-004  0.882897E-006   1234.68        7.10636        3.41378      -0.110967E+008
  1225.72        34616.0        3355.57       0.314749E-004  0.885924E-006   1237.19        7.09826        3.40989      -0.110757E+008
  1242.73        34616.0        3353.78       0.315924E-004  0.888976E-006   1239.63        7.09014        3.40599      -0.110546E+008
  1259.74        34616.0        3351.97       0.317103E-004  0.892052E-006   1242.01        7.08200        3.40208      -0.110335E+008
  1276.76        34616.0        3350.16       0.318287E-004  0.895154E-006   1244.32        7.07383        3.39816      -0.110124E+008
  1293.77        34616.0        3348.34       0.319476E-004  0.898281E-006   1246.58        7.06565        3.39423      -0.109912E+008
  1310.78        34616.0        3346.52       0.320670E-004  0.901434E-006   1248.77        7.05744        3.39028      -0.109699E+008
  1327.79        34616.0        3344.69       0.321869E-004  0.904612E-006   1250.91        7.04920        3.38633      -0.109487E+008
  1344.81        34616.0        3342.86       0.323073E-004  0.907817E-006   1252.99        7.04095        3.38236      -0.109274E+008
  1361.82        34616.0        3341.02       0.324284E-004  0.911048E-006   1255.02        7.03268        3.37839      -0.109060E+008
  1378.83        34616.0        3339.17       0.325500E-004  0.914307E-006   1256.99        7.02438        3.37440      -0.108847E+008
  1395.85        34616.0        3337.32       0.326723E-004  0.917592E-006   1258.91        7.01606        3.37041      -0.108633E+008
  1412.86        34616.0        3335.46       0.327952E-004  0.920905E-006   1260.78        7.00772        3.36640      -0.108418E+008
  1429.87        34616.0        3333.60       0.329188E-004  0.924245E-006   1262.61        6.99936        3.36238      -0.108204E+008
  1446.88        34616.0        3331.73       0.330432E-004  0.927614E-006   1264.38        6.99098        3.35836      -0.107989E+008
  1463.90        34616.0        3329.13       0.331532E-004  0.930998E-006   1266.38        6.98322        3.35463      -0.107835E+008
  1480.91        34616.0        3325.05       0.332334E-004  0.934394E-006   1268.87        6.97672        3.35151      -0.107808E+008
  1497.92        34616.0        3320.47       0.333040E-004  0.937828E-006   1271.51        6.97055        3.34855      -0.107823E+008
  1514.94        34616.0        3316.85       0.333954E-004  0.941317E-006   1273.76        6.96348        3.34515      -0.107757E+008
  1531.95        34616.0        3313.26       0.334886E-004  0.944849E-006   1275.95        6.95628        3.34169      -0.107686E+008
  1548.96        34616.0        3309.73       0.335841E-004  0.948422E-006   1278.08        6.94896        3.33817      -0.107610E+008
  1565.97        34616.0        3305.49       0.336658E-004  0.952040E-006   1280.45        6.94214        3.33490      -0.107596E+008
  1582.99        34616.0        3301.66       0.337572E-004  0.955703E-006   1282.61        6.93489        3.33141      -0.107546E+008
  1600.00        34616.0        3298.00       0.338532E-004  0.959411E-006   1284.68        6.92742        3.32783      -0.107481E+008
  273.000        35898.1        3179.88       0.184075E-004  0.957530E-006   771.661        7.00864        3.36684      -0.120399E+008
  290.013        35898.1        3174.53       0.195160E-004  0.964788E-006   810.035        6.97599        3.35116      -0.120250E+008
  307.026        35898.1        3173.57       0.202744E-004  0.966312E-006   843.458        6.97183        3.34916      -0.120095E+008
  324.038        35898.1        3172.46       0.208260E-004  0.967884E-006   873.276        6.96816        3.34739      -0.119948E+008
  341.051        35898.1        3171.33       0.213130E-004  0.969499E-006   900.622        6.96435        3.34557      -0.119797E+008
  358.064        35898.1        3170.17       0.217496E-004  0.971154E-006   925.821        6.96042        3.34368      -0.119642E+008
  375.077        35898.1        3168.98       0.221431E-004  0.972845E-006   949.137        6.95636        3.34173      -0.119482E+008
  392.090        35898.1        3167.78       0.224997E-004  0.974570E-006   970.786        6.95219        3.33973      -0.119319E+008
  409.103        35898.1        3166.56       0.228245E-004  0.976327E-006   990.951        6.94793        3.33768      -0.119152E+008
  426.115        35898.1        3165.32       0.231217E-004  0.978112E-006   1009.79        6.94358        3.33559      -0.118982E+008
  443.128        35898.1        3164.07       0.233950E-004  0.979925E-006   1027.42        6.93914        3.33345      -0.118809E+008
  460.141        35898.1        3162.80       0.236474E-004  0.981763E-006   1043.97        6.93463        3.33129      -0.118633E+008
  477.154        35898.1        3161.52       0.238817E-004  0.983626E-006   1059.52        6.93005        3.32909      -0.118454E+008
  494.167        35898.1        3160.23       0.241000E-004  0.985512E-006   1074.17        6.92540        3.32686      -0.118272E+008
  511.179        35898.1        3158.93       0.243043E-004  0.987420E-006   1087.98        6.92070        3.32460      -0.118088E+008
  528.192        35898.1        3157.62       0.244962E-004  0.989350E-006   1101.02        6.91595        3.32231      -0.117902E+008
  545.205        35898.1        3156.30       0.246772E-004  0.991300E-006   1113.35        6.91114        3.32001      -0.117714E+008
  562.218        35898.1        3154.97       0.248485E-004  0.993270E-006   1125.02        6.90629        3.31768      -0.117523E+008
  579.231        35898.1        3153.63       0.250111E-004  0.995259E-006   1136.07        6.90140        3.31533      -0.117331E+008
  596.244        35898.1        3130.51       0.266165E-004  0.100846E-005   1154.05        6.88817        3.30897      -0.117019E+008
  613.256        35898.1        3129.08       0.267759E-004  0.101118E-005   1163.94        6.88172        3.30587      -0.116820E+008
  630.269        35898.1        3127.64       0.269274E-004  0.101391E-005   1173.33        6.87528        3.30278      -0.116619E+008
  647.282        35898.1        3126.20       0.270761E-004  0.101669E-005   1182.28        6.86870        3.29962      -0.116417E+008
  664.295        35898.1        3124.74       0.272162E-004  0.101947E-005   1190.78        6.86219        3.29649      -0.116213E+008
  681.308        35898.1        3123.28       0.273554E-004  0.102230E-005   1198.90        6.85553        3.29329      -0.116008E+008
  698.321        35898.1        3121.82       0.274885E-004  0.102514E-005   1206.64        6.84888        3.29010      -0.115802E+008
  715.333        35898.1        3120.35       0.276180E-004  0.102800E-005   1214.04        6.84219        3.28688      -0.115594E+008
  732.346        35898.1        3118.87       0.277440E-004  0.103089E-005   1221.11        6.83548        3.28366      -0.115385E+008
  749.359        35898.1        3117.39       0.278677E-004  0.103381E-005   1227.88        6.82870        3.28040      -0.115175E+008
  766.372        35898.1        3115.90       0.279885E-004  0.103675E-005   1234.37        6.82189        3.27713      -0.114964E+008
  783.385        35898.1        3114.41       0.281071E-004  0.103971E-005   1240.60        6.81504        3.27384      -0.114751E+008
  800.397        35898.1        3112.91       0.282238E-004  0.104271E-005   1246.59        6.80814        3.27053      -0.114538E+008
  817.410        35898.1        3111.41       0.283385E-004  0.104572E-005   1252.35        6.80122        3.26720      -0.114323E+008
  834.423        35898.1        3109.91       0.284517E-004  0.104877E-005   1257.89        6.79424        3.26385      -0.114108E+008
  851.436        35898.1        3108.39       0.285636E-004  0.105184E-005   1263.23        6.78723        3.26048      -0.113892E+008
  868.449        35898.1        3395.63       0.288337E-004  0.821361E-006   1165.50        7.28413        3.49918      -0.114695E+008
  885.462        35898.1        3393.96       0.289522E-004  0.823900E-006   1170.08        7.27658        3.49556      -0.114496E+008
  902.474        35898.1        3392.29       0.290698E-004  0.826459E-006   1174.49        7.26901        3.49192      -0.114296E+008
  919.487        35898.1        3390.60       0.291866E-004  0.829039E-006   1178.76        7.26140        3.48826      -0.114096E+008
  936.500        35898.1        3388.92       0.293028E-004  0.831639E-006   1182.89        7.25377        3.48460      -0.113895E+008
  953.513        35898.1        3387.23       0.294184E-004  0.834260E-006   1186.89        7.24611        3.48092      -0.113694E+008
  970.526        35898.1        3385.53       0.295335E-004  0.836902E-006   1190.76        7.23842        3.47723      -0.113491E+008
  987.538        35898.1        3383.82       0.296482E-004  0.839565E-006   1194.51        7.23071        3.47352      -0.113289E+008
  1004.55        35898.1        3382.11       0.297626E-004  0.842249E-006   1198.14        7.22298        3.46981      -0.113085E+008
  1021.56        35898.1        3380.40       0.298768E-004  0.844954E-006   1201.66        7.21521        3.46608      -0.112881E+008
  1038.58        35898.1        3378.68       0.299908E-004  0.847681E-006   1205.08        7.20743        3.46234      -0.112676E+008
  1055.59        35898.1        3376.95       0.301046E-004  0.850429E-006   1208.40        7.19962        3.45858      -0.112471E+008
  1072.60        35898.1        3375.22       0.302184E-004  0.853199E-006   1211.62        7.19178        3.45482      -0.112265E+008
  1089.62        35898.1        3373.48       0.303322E-004  0.855990E-006   1214.74        7.18392        3.45105      -0.112059E+008
  1106.63        35898.1        3371.74       0.304461E-004  0.858804E-006   1217.78        7.17604        3.44726      -0.111852E+008
  1123.64        35898.1        3369.99       0.305600E-004  0.861641E-006   1220.74        7.16813        3.44346      -0.111644E+008
  1140.65        35898.1        3368.23       0.306741E-004  0.864499E-006   1223.61        7.16021        3.43965      -0.111436E+008
  1157.67        35898.1        3366.47       0.307883E-004  0.867381E-006   1226.40        7.15225        3.43583      -0.111228E+008
  1174.68        35898.1        3364.71       0.309028E-004  0.870285E-006   1229.11        7.14428        3.43200      -0.111019E+008
  1191.69        35898.1        3362.93       0.310175E-004  0.873213E-006   1231.75        7.13628        3.42816      -0.110810E+008
  1208.71        35898.1        3361.16       0.311325E-004  0.876164E-006   1234.32        7.12826        3.42431      -0.110600E+008
  1225.72        35898.1        3359.37       0.312478E-004  0.879138E-006   1236.82        7.12022        3.42044      -0.110390E+008
  1242.73        35898.1        3357.59       0.313635E-004  0.882137E-006   1239.26        7.11215        3.41657      -0.110179E+008
  1259.74        35898.1        3355.79       0.314796E-004  0.885159E-006   1241.63        7.10407        3.41268      -0.109968E+008
  1276.76        35898.1        3353.99       0.315961E-004  0.888206E-006   1243.94        7.09596        3.40879      -0.109757E+008
  1293.77        35898.1        3352.18       0.317131E-004  0.891278E-006   1246.18        7.08783        3.40488      -0.109545E+008
  1310.78        35898.1        3350.37       0.318306E-004  0.894375E-006   1248.37        7.07968        3.40097      -0.109333E+008
  1327.79        35898.1        3348.56       0.319485E-004  0.897497E-006   1250.50        7.07150        3.39704      -0.109120E+008
  1344.81        35898.1        3346.73       0.320670E-004  0.900644E-006   1252.57        7.06331        3.39310      -0.108907E+008
  1361.82        35898.1        3344.90       0.321861E-004  0.903817E-006   1254.59        7.05509        3.38916      -0.108694E+008
  1378.83        35898.1        3343.07       0.323057E-004  0.907016E-006   1256.56        7.04685        3.38520      -0.108480E+008
  1395.85        35898.1        3341.23       0.324260E-004  0.910242E-006   1258.47        7.03859        3.38123      -0.108266E+008
  1412.86        35898.1        3339.38       0.325469E-004  0.913494E-006   1260.34        7.03031        3.37725      -0.108052E+008
  1429.87        35898.1        3337.53       0.326684E-004  0.916773E-006   1262.15        7.02201        3.37327      -0.107837E+008
  1446.88        35898.1        3333.73       0.327497E-004  0.920019E-006   1264.63        7.01555        3.37016      -0.107788E+008
  1463.90        35898.1        3329.71       0.328274E-004  0.923297E-006   1267.14        7.00920        3.36711      -0.107757E+008
  1480.91        35898.1        3325.91       0.329106E-004  0.926623E-006   1269.54        7.00256        3.36392      -0.107707E+008
  1497.92        35898.1        3321.82       0.329883E-004  0.929982E-006   1272.00        6.99611        3.36082      -0.107682E+008
  1514.94        35898.1        3318.17       0.330764E-004  0.933393E-006   1274.25        6.98916        3.35748      -0.107619E+008
  1531.95        35898.1        3314.10       0.331568E-004  0.936839E-006   1276.62        6.98250        3.35428      -0.107591E+008
  1548.96        35898.1        3311.09       0.332602E-004  0.940342E-006   1278.56        6.97483        3.35060      -0.107472E+008
  1565.97        35898.1        3306.56       0.333328E-004  0.943868E-006   1281.03        6.96839        3.34751      -0.107484E+008
  1582.99        35898.1        3302.93       0.334251E-004  0.947449E-006   1283.12        6.96110        3.34400      -0.107418E+008
  1600.00        35898.1        3299.19       0.335164E-004  0.951072E-006   1285.21        6.95381        3.34050      -0.107361E+008
  273.000        37180.1        3183.77       0.183022E-004  0.952057E-006   771.195        7.02518        3.37479      -0.119998E+008
  290.013        37180.1        3182.81       0.190298E-004  0.953480E-006   809.057        7.02145        3.37300      -0.119856E+008
  307.026        37180.1        3177.50       0.201641E-004  0.960832E-006   843.040        6.98800        3.35692      -0.119693E+008
  324.038        37180.1        3176.39       0.207067E-004  0.962382E-006   872.876        6.98436        3.35518      -0.119547E+008
  341.051        37180.1        3175.26       0.211905E-004  0.963976E-006   900.244        6.98058        3.35336      -0.119396E+008
  358.064        37180.1        3174.10       0.216243E-004  0.965608E-006   925.463        6.97667        3.35148      -0.119241E+008
  375.077        37180.1        3172.93       0.220152E-004  0.967277E-006   948.796        6.97263        3.34954      -0.119082E+008
  392.090        37180.1        3171.73       0.223694E-004  0.968979E-006   970.462        6.96849        3.34756      -0.118918E+008
  409.103        37180.1        3170.51       0.226919E-004  0.970712E-006   990.641        6.96425        3.34552      -0.118751E+008
  426.115        37180.1        3169.28       0.229870E-004  0.972473E-006   1009.49        6.95992        3.34344      -0.118581E+008
  443.128        37180.1        3168.03       0.232583E-004  0.974261E-006   1027.13        6.95551        3.34132      -0.118408E+008
  460.141        37180.1        3166.77       0.235089E-004  0.976075E-006   1043.69        6.95103        3.33917      -0.118232E+008
  477.154        37180.1        3165.50       0.237414E-004  0.977912E-006   1059.25        6.94647        3.33698      -0.118053E+008
  494.167        37180.1        3164.22       0.239580E-004  0.979772E-006   1073.91        6.94186        3.33476      -0.117871E+008
  511.179        37180.1        3162.92       0.241607E-004  0.981654E-006   1087.72        6.93719        3.33252      -0.117688E+008
  528.192        37180.1        3161.62       0.243510E-004  0.983557E-006   1100.77        6.93246        3.33025      -0.117501E+008
  545.205        37180.1        3160.30       0.245305E-004  0.985480E-006   1113.11        6.92768        3.32795      -0.117313E+008
  562.218        37180.1        3158.98       0.247003E-004  0.987422E-006   1124.78        6.92286        3.32563      -0.117123E+008
  579.231        37180.1        3157.65       0.248616E-004  0.989383E-006   1135.84        6.91800        3.32330      -0.116930E+008
  596.244        37180.1        3134.55       0.264098E-004  0.100023E-005   1153.79        6.91079        3.31984      -0.116616E+008
  613.256        37180.1        3133.12       0.265656E-004  0.100289E-005   1163.67        6.90445        3.31679      -0.116417E+008
  630.269        37180.1        3131.69       0.267163E-004  0.100558E-005   1173.07        6.89803        3.31371      -0.116216E+008
  647.282        37180.1        3130.25       0.268611E-004  0.100829E-005   1182.01        6.89157        3.31060      -0.116014E+008
  664.295        37180.1        3128.81       0.270025E-004  0.101104E-005   1190.53        6.88502        3.30745      -0.115811E+008
  681.308        37180.1        3127.36       0.271389E-004  0.101381E-005   1198.65        6.87844        3.30429      -0.115606E+008
  698.321        37180.1        3125.91       0.272701E-004  0.101659E-005   1206.38        6.87185        3.30113      -0.115399E+008
  715.333        37180.1        3124.45       0.273978E-004  0.101940E-005   1213.78        6.86522        3.29795      -0.115192E+008
  732.346        37180.1        3122.98       0.275220E-004  0.102223E-005   1220.85        6.85856        3.29475      -0.114983E+008
  749.359        37180.1        3121.51       0.276435E-004  0.102509E-005   1227.62        6.85186        3.29153      -0.114772E+008
  766.372        37180.1        3120.03       0.277626E-004  0.102798E-005   1234.11        6.84511        3.28828      -0.114561E+008
  783.385        37180.1        3118.55       0.278795E-004  0.103088E-005   1240.34        6.83831        3.28502      -0.114349E+008
  800.397        37180.1        3117.06       0.279942E-004  0.103382E-005   1246.32        6.83149        3.28174      -0.114136E+008
  817.410        37180.1        3115.57       0.281069E-004  0.103677E-005   1252.07        6.82462        3.27844      -0.113921E+008
  834.423        37180.1        3114.07       0.282183E-004  0.103976E-005   1257.61        6.81772        3.27512      -0.113706E+008
  851.436        37180.1        3400.85       0.285266E-004  0.813170E-006   1160.51        7.31235        3.51274      -0.114524E+008
  868.449        37180.1        3399.19       0.286446E-004  0.815649E-006   1165.25        7.30487        3.50915      -0.114327E+008
  885.462        37180.1        3397.53       0.287616E-004  0.818148E-006   1169.82        7.29737        3.50554      -0.114128E+008
  902.474        37180.1        3395.87       0.288777E-004  0.820667E-006   1174.23        7.28984        3.50193      -0.113929E+008
  919.487        37180.1        3394.20       0.289930E-004  0.823206E-006   1178.50        7.28228        3.49830      -0.113728E+008
  936.500        37180.1        3392.52       0.291076E-004  0.825764E-006   1182.62        7.27470        3.49465      -0.113528E+008
  953.513        37180.1        3390.84       0.292217E-004  0.828343E-006   1186.62        7.26709        3.49100      -0.113326E+008
  970.526        37180.1        3389.15       0.293353E-004  0.830943E-006   1190.48        7.25945        3.48733      -0.113124E+008
  987.538        37180.1        3387.45       0.294484E-004  0.833563E-006   1194.22        7.25179        3.48365      -0.112921E+008
  1004.55        37180.1        3385.75       0.295613E-004  0.836203E-006   1197.85        7.24410        3.47995      -0.112717E+008
  1021.56        37180.1        3384.05       0.296738E-004  0.838864E-006   1201.37        7.23639        3.47625      -0.112513E+008
  1038.58        37180.1        3382.34       0.297862E-004  0.841546E-006   1204.78        7.22866        3.47253      -0.112309E+008
  1055.59        37180.1        3380.62       0.298985E-004  0.844249E-006   1208.09        7.22090        3.46881      -0.112103E+008
  1072.60        37180.1        3378.90       0.300106E-004  0.846973E-006   1211.31        7.21311        3.46507      -0.111898E+008
  1089.62        37180.1        3377.17       0.301228E-004  0.849718E-006   1214.43        7.20530        3.46132      -0.111691E+008
  1106.63        37180.1        3375.44       0.302350E-004  0.852485E-006   1217.46        7.19747        3.45755      -0.111484E+008
  1123.64        37180.1        3373.70       0.303472E-004  0.855274E-006   1220.41        7.18962        3.45378      -0.111277E+008
  1140.65        37180.1        3371.95       0.304596E-004  0.858085E-006   1223.28        7.18174        3.45000      -0.111069E+008
  1157.67        37180.1        3370.20       0.305721E-004  0.860918E-006   1226.06        7.17384        3.44620      -0.110861E+008
  1174.68        37180.1        3368.45       0.306849E-004  0.863773E-006   1228.77        7.16592        3.44240      -0.110652E+008
  1191.69        37180.1        3366.69       0.307979E-004  0.866651E-006   1231.41        7.15798        3.43858      -0.110443E+008
  1208.71        37180.1        3364.92       0.309111E-004  0.869551E-006   1233.97        7.15001        3.43475      -0.110233E+008
  1225.72        37180.1        3363.15       0.310247E-004  0.872475E-006   1236.46        7.14202        3.43092      -0.110023E+008
  1242.73        37180.1        3361.37       0.311386E-004  0.875421E-006   1238.89        7.13401        3.42707      -0.109812E+008
  1259.74        37180.1        3359.59       0.312529E-004  0.878392E-006   1241.26        7.12598        3.42321      -0.109601E+008
  1276.76        37180.1        3357.80       0.313676E-004  0.881386E-006   1243.56        7.11793        3.41934      -0.109390E+008
  1293.77        37180.1        3356.00       0.314827E-004  0.884404E-006   1245.79        7.10985        3.41546      -0.109178E+008
  1310.78        37180.1        3354.20       0.315983E-004  0.887446E-006   1247.97        7.10176        3.41157      -0.108966E+008
  1327.79        37180.1        3352.40       0.317144E-004  0.890513E-006   1250.10        7.09364        3.40768      -0.108754E+008
  1344.81        37180.1        3350.58       0.318310E-004  0.893604E-006   1252.16        7.08550        3.40377      -0.108541E+008
  1361.82        37180.1        3348.77       0.319481E-004  0.896721E-006   1254.17        7.07734        3.39985      -0.108328E+008
  1378.83        37180.1        3346.94       0.320658E-004  0.899863E-006   1256.13        7.06917        3.39592      -0.108114E+008
  1395.85        37180.1        3345.12       0.321841E-004  0.903030E-006   1258.04        7.06096        3.39198      -0.107900E+008
  1412.86        37180.1        3342.16       0.322792E-004  0.906171E-006   1260.30        7.05390        3.38858      -0.107781E+008
  1429.87        37180.1        3338.15       0.323528E-004  0.909298E-006   1262.90        7.04783        3.38567      -0.107751E+008
  1446.88        37180.1        3334.20       0.324282E-004  0.912466E-006   1265.43        7.04162        3.38269      -0.107716E+008
  1463.90        37180.1        3330.32       0.325061E-004  0.915676E-006   1267.90        7.03526        3.37963      -0.107674E+008
  1480.91        37180.1        3326.43       0.325847E-004  0.918925E-006   1270.32        7.02881        3.37653      -0.107632E+008
  1497.92        37180.1        3322.63       0.326658E-004  0.922217E-006   1272.68        7.02220        3.37336      -0.107584E+008
  1514.94        37180.1        3318.78       0.327468E-004  0.925547E-006   1275.01        7.01555        3.37016      -0.107539E+008
  1531.95        37180.1        3315.11       0.328327E-004  0.928923E-006   1277.23        7.00864        3.36684      -0.107478E+008
  1548.96        37180.1        3311.26       0.329156E-004  0.932336E-006   1279.48        7.00182        3.36357      -0.107433E+008
  1565.97        37180.1        3307.76       0.330068E-004  0.935797E-006   1281.56        6.99460        3.36010      -0.107357E+008
  1582.99        37180.1        3304.13       0.330963E-004  0.939298E-006   1283.65        6.98742        3.35665      -0.107293E+008
  1600.00        37180.1        3300.56       0.331882E-004  0.942841E-006   1285.67        6.98010        3.35313      -0.107222E+008
  273.000        38462.2        3187.65       0.181983E-004  0.946654E-006   770.730        7.04164        3.38269      -0.119597E+008
  290.013        38462.2        3186.74       0.189756E-004  0.948060E-006   808.893        7.03758        3.38074      -0.119450E+008
  307.026        38462.2        3185.75       0.196476E-004  0.949535E-006   842.393        7.03370        3.37888      -0.119303E+008
  324.038        38462.2        3184.74       0.202743E-004  0.951075E-006   872.393        7.02965        3.37693      -0.119150E+008
  341.051        38462.2        3182.94       0.208002E-004  0.953560E-006   899.776        7.02126        3.37290      -0.118998E+008
  358.064        38462.2        3179.94       0.213622E-004  0.957615E-006   925.036        7.00523        3.36520      -0.118842E+008
  375.077        38462.2        3177.50       0.218416E-004  0.960928E-006   948.423        6.99300        3.35933      -0.118681E+008
  392.090        38462.2        3175.66       0.222409E-004  0.963462E-006   970.141        6.98470        3.35534      -0.118518E+008
  409.103        38462.2        3174.45       0.225611E-004  0.965171E-006   990.334        6.98048        3.35331      -0.118351E+008
  426.115        38462.2        3173.22       0.228541E-004  0.966909E-006   1009.19        6.97618        3.35125      -0.118181E+008
  443.128        38462.2        3171.98       0.231235E-004  0.968673E-006   1026.85        6.97179        3.34914      -0.118008E+008
  460.141        38462.2        3170.73       0.233723E-004  0.970462E-006   1043.42        6.96733        3.34700      -0.117832E+008
  477.154        38462.2        3169.46       0.236030E-004  0.972274E-006   1058.99        6.96281        3.34482      -0.117653E+008
  494.167        38462.2        3168.18       0.238180E-004  0.974109E-006   1073.65        6.95822        3.34262      -0.117471E+008
  511.179        38462.2        3166.89       0.240190E-004  0.975965E-006   1087.48        6.95357        3.34039      -0.117287E+008
  528.192        38462.2        3165.59       0.242079E-004  0.977842E-006   1100.53        6.94887        3.33813      -0.117101E+008
  545.205        38462.2        3164.29       0.243859E-004  0.979738E-006   1112.87        6.94412        3.33585      -0.116913E+008
  562.218        38462.2        3162.97       0.245543E-004  0.981654E-006   1124.54        6.93933        3.33355      -0.116723E+008
  579.231        38462.2        3161.64       0.247141E-004  0.983588E-006   1135.61        6.93449        3.33122      -0.116530E+008
  596.244        38462.2        3160.31       0.248663E-004  0.985540E-006   1146.10        6.92962        3.32888      -0.116336E+008
  613.256        38462.2        3137.14       0.263624E-004  0.994775E-006   1163.43        6.92692        3.32759      -0.116015E+008
  630.269        38462.2        3135.72       0.265109E-004  0.997411E-006   1172.83        6.92056        3.32453      -0.115814E+008
  647.282        38462.2        3134.29       0.266547E-004  0.100008E-005   1181.77        6.91413        3.32144      -0.115612E+008
  664.295        38462.2        3132.85       0.267916E-004  0.100276E-005   1190.27        6.90772        3.31836      -0.115409E+008
  681.308        38462.2        3131.41       0.269264E-004  0.100547E-005   1198.39        6.90119        3.31522      -0.115204E+008
  698.321        38462.2        3129.97       0.270557E-004  0.100820E-005   1206.13        6.89466        3.31209      -0.114997E+008
  715.333        38462.2        3128.52       0.271816E-004  0.101096E-005   1213.52        6.88810        3.30893      -0.114790E+008
  732.346        38462.2        3127.06       0.273040E-004  0.101374E-005   1220.59        6.88149        3.30576      -0.114581E+008
  749.359        38462.2        3125.59       0.274237E-004  0.101654E-005   1227.36        6.87485        3.30257      -0.114371E+008
  766.372        38462.2        3124.13       0.275408E-004  0.101937E-005   1233.85        6.86816        3.29936      -0.114159E+008
  783.385        38462.2        3122.65       0.276557E-004  0.102222E-005   1240.08        6.86144        3.29613      -0.113947E+008
  800.397        38462.2        3121.18       0.277689E-004  0.102510E-005   1246.06        6.85466        3.29287      -0.113734E+008
  817.410        38462.2        3119.69       0.278796E-004  0.102799E-005   1251.81        6.84787        3.28961      -0.113519E+008
  834.423        38462.2        3118.21       0.279889E-004  0.103091E-005   1257.34        6.84103        3.28632      -0.113304E+008
  851.436        38462.2        3404.38       0.283420E-004  0.807589E-006   1160.27        7.33291        3.52262      -0.114157E+008
  868.449        38462.2        3402.74       0.284585E-004  0.810030E-006   1165.00        7.32548        3.51905      -0.113959E+008
  885.462        38462.2        3401.09       0.285740E-004  0.812490E-006   1169.56        7.31803        3.51547      -0.113760E+008
  902.474        38462.2        3399.43       0.286886E-004  0.814969E-006   1173.97        7.31054        3.51187      -0.113561E+008
  919.487        38462.2        3397.77       0.288024E-004  0.817468E-006   1178.24        7.30303        3.50826      -0.113361E+008
  936.500        38462.2        3396.10       0.289156E-004  0.819987E-006   1182.36        7.29550        3.50464      -0.113160E+008
  953.513        38462.2        3394.43       0.290281E-004  0.822525E-006   1186.35        7.28793        3.50101      -0.112959E+008
  970.526        38462.2        3392.75       0.291402E-004  0.825083E-006   1190.21        7.28034        3.49736      -0.112756E+008
  987.538        38462.2        3391.06       0.292518E-004  0.827661E-006   1193.95        7.27273        3.49371      -0.112554E+008
  1004.55        38462.2        3389.37       0.293631E-004  0.830259E-006   1197.57        7.26509        3.49004      -0.112350E+008
  1021.56        38462.2        3387.68       0.294742E-004  0.832877E-006   1201.08        7.25743        3.48636      -0.112146E+008
  1038.58        38462.2        3385.98       0.295850E-004  0.835515E-006   1204.49        7.24974        3.48266      -0.111942E+008
  1055.59        38462.2        3384.27       0.296957E-004  0.838174E-006   1207.80        7.24203        3.47896      -0.111736E+008
  1072.60        38462.2        3382.56       0.298062E-004  0.840854E-006   1211.01        7.23430        3.47524      -0.111531E+008
  1089.62        38462.2        3380.84       0.299168E-004  0.843554E-006   1214.12        7.22654        3.47152      -0.111324E+008
  1106.63        38462.2        3379.12       0.300274E-004  0.846276E-006   1217.15        7.21876        3.46778      -0.111117E+008
  1123.64        38462.2        3377.39       0.301380E-004  0.849018E-006   1220.09        7.21096        3.46403      -0.110910E+008
  1140.65        38462.2        3375.65       0.302487E-004  0.851782E-006   1222.95        7.20313        3.46027      -0.110702E+008
  1157.67        38462.2        3373.91       0.303596E-004  0.854568E-006   1225.73        7.19529        3.45650      -0.110494E+008
  1174.68        38462.2        3372.17       0.304707E-004  0.857375E-006   1228.44        7.18742        3.45272      -0.110285E+008
  1191.69        38462.2        3370.42       0.305820E-004  0.860204E-006   1231.06        7.17953        3.44893      -0.110076E+008
  1208.71        38462.2        3368.66       0.306936E-004  0.863056E-006   1233.62        7.17161        3.44513      -0.109866E+008
  1225.72        38462.2        3366.90       0.308054E-004  0.865930E-006   1236.11        7.16368        3.44132      -0.109656E+008
  1242.73        38462.2        3365.13       0.309176E-004  0.868826E-006   1238.53        7.15572        3.43750      -0.109446E+008
  1259.74        38462.2        3363.36       0.310301E-004  0.871746E-006   1240.89        7.14774        3.43367      -0.109235E+008
  1276.76        38462.2        3361.58       0.311431E-004  0.874688E-006   1243.18        7.13975        3.42982      -0.109024E+008
  1293.77        38462.2        3359.80       0.312564E-004  0.877654E-006   1245.41        7.13173        3.42597      -0.108812E+008
  1310.78        38462.2        3358.01       0.313702E-004  0.880643E-006   1247.59        7.12369        3.42211      -0.108600E+008
  1327.79        38462.2        3356.21       0.314844E-004  0.883656E-006   1249.70        7.11562        3.41824      -0.108387E+008
  1344.81        38462.2        3354.41       0.315992E-004  0.886694E-006   1251.76        7.10754        3.41435      -0.108175E+008
  1361.82        38462.2        3352.60       0.317144E-004  0.889755E-006   1253.77        7.09944        3.41046      -0.107962E+008
  1378.83        38462.2        3350.32       0.318202E-004  0.892813E-006   1255.88        7.09183        3.40681      -0.107788E+008
  1395.85        38462.2        3346.34       0.318903E-004  0.895798E-006   1258.56        7.08603        3.40402      -0.107757E+008
  1412.86        38462.2        3342.49       0.319638E-004  0.898826E-006   1261.15        7.08000        3.40112      -0.107715E+008
  1429.87        38462.2        3338.51       0.320355E-004  0.901885E-006   1263.74        7.07401        3.39824      -0.107683E+008
  1446.88        38462.2        3334.85       0.321146E-004  0.904997E-006   1266.17        7.06761        3.39517      -0.107624E+008
  1463.90        38462.2        3330.86       0.321874E-004  0.908130E-006   1268.67        7.06147        3.39222      -0.107593E+008
  1480.91        38462.2        3327.13       0.322664E-004  0.911313E-006   1271.04        7.05499        3.38911      -0.107540E+008
  1497.92        38462.2        3323.38       0.323461E-004  0.914534E-006   1273.38        7.04843        3.38596      -0.107488E+008
  1514.94        38462.2        3319.73       0.324286E-004  0.917797E-006   1275.64        7.04170        3.38272      -0.107428E+008
  1531.95        38462.2        3316.06       0.325117E-004  0.921098E-006   1277.85        7.03490        3.37946      -0.107368E+008
  1548.96        38462.2        3312.49       0.325976E-004  0.924442E-006   1280.00        7.02794        3.37611      -0.107300E+008
  1565.97        38462.2        3308.90       0.326842E-004  0.927825E-006   1282.11        7.02091        3.37273      -0.107233E+008
  1582.99        38462.2        3305.40       0.327735E-004  0.931250E-006   1284.15        7.01372        3.36928      -0.107158E+008
  1600.00        38462.2        3301.89       0.328637E-004  0.934715E-006   1286.15        7.00646        3.36579      -0.107084E+008
  273.000        39744.2        3191.51       0.180958E-004  0.941322E-006   770.271        7.05801        3.39056      -0.119197E+008
  290.013        39744.2        3190.59       0.188523E-004  0.942709E-006   808.374        7.05402        3.38864      -0.119052E+008
  307.026        39744.2        3189.64       0.195614E-004  0.944168E-006   842.017        7.04995        3.38669      -0.118901E+008
  324.038        39744.2        3188.61       0.201582E-004  0.945685E-006   872.003        7.04601        3.38479      -0.118750E+008
  341.051        39744.2        3187.51       0.206316E-004  0.947238E-006   899.392        7.04214        3.38294      -0.118599E+008
  358.064        39744.2        3186.38       0.210561E-004  0.948831E-006   924.596        7.03814        3.38101      -0.118444E+008
  375.077        39744.2        3185.22       0.214386E-004  0.950458E-006   947.889        7.03402        3.37903      -0.118285E+008
  392.090        39744.2        3183.30       0.218402E-004  0.953106E-006   969.545        7.02493        3.37467      -0.118121E+008
  409.103        39744.2        3180.95       0.222420E-004  0.956323E-006   989.772        7.01315        3.36901      -0.117953E+008
  426.115        39744.2        3178.80       0.226006E-004  0.959257E-006   1008.69        7.00286        3.36407      -0.117782E+008
  443.128        39744.2        3176.81       0.229241E-004  0.961994E-006   1026.43        6.99362        3.35963      -0.117609E+008
  460.141        39744.2        3174.91       0.232188E-004  0.964597E-006   1043.10        6.98512        3.35554      -0.117432E+008
  477.154        39744.2        3173.40       0.234665E-004  0.966711E-006   1058.73        6.97905        3.35263      -0.117253E+008
  494.167        39744.2        3172.13       0.236798E-004  0.968521E-006   1073.40        6.97448        3.35043      -0.117072E+008
  511.179        39744.2        3170.85       0.238793E-004  0.970352E-006   1087.23        6.96986        3.34821      -0.116888E+008
  528.192        39744.2        3169.55       0.240667E-004  0.972203E-006   1100.29        6.96519        3.34597      -0.116702E+008
  545.205        39744.2        3168.25       0.242432E-004  0.974074E-006   1112.63        6.96047        3.34370      -0.116513E+008
  562.218        39744.2        3166.94       0.244102E-004  0.975964E-006   1124.31        6.95571        3.34141      -0.116323E+008
  579.231        39744.2        3165.62       0.245687E-004  0.977871E-006   1135.38        6.95090        3.33910      -0.116131E+008
  596.244        39744.2        3164.29       0.247196E-004  0.979797E-006   1145.87        6.94605        3.33678      -0.115937E+008
  613.256        39744.2        3162.96       0.248637E-004  0.981739E-006   1155.83        6.94117        3.33443      -0.115741E+008
  630.269        39744.2        3139.71       0.263082E-004  0.989387E-006   1172.58        6.94298        3.33530      -0.115413E+008
  647.282        39744.2        3138.29       0.264473E-004  0.991984E-006   1181.50        6.93669        3.33228      -0.115210E+008
  664.295        39744.2        3136.87       0.265848E-004  0.994627E-006   1190.02        6.93026        3.32919      -0.115007E+008
  681.308        39744.2        3135.44       0.267167E-004  0.997287E-006   1198.14        6.92382        3.32610      -0.114802E+008
  698.321        39744.2        3134.00       0.268451E-004  0.999972E-006   1205.88        6.91732        3.32297      -0.114596E+008
  715.333        39744.2        3132.56       0.269692E-004  0.100268E-005   1213.27        6.91081        3.31985      -0.114388E+008
  732.346        39744.2        3131.11       0.270894E-004  0.100540E-005   1220.34        6.90428        3.31671      -0.114179E+008
  749.359        39744.2        3129.65       0.272073E-004  0.100815E-005   1227.10        6.89770        3.31355      -0.113969E+008
  766.372        39744.2        3128.20       0.273230E-004  0.101092E-005   1233.59        6.89106        3.31036      -0.113758E+008
  783.385        39744.2        3126.73       0.274362E-004  0.101372E-005   1239.82        6.88439        3.30716      -0.113546E+008
  800.397        39744.2        3125.26       0.275476E-004  0.101654E-005   1245.80        6.87768        3.30393      -0.113332E+008
  817.410        39744.2        3123.79       0.276567E-004  0.101938E-005   1251.54        6.87094        3.30070      -0.113118E+008
  834.423        39744.2        3122.31       0.277640E-004  0.102224E-005   1257.07        6.86418        3.29744      -0.112903E+008
  851.436        39744.2        3407.90       0.281602E-004  0.802099E-006   1160.02        7.35334        3.53243      -0.113789E+008
  868.449        39744.2        3406.26       0.282753E-004  0.804502E-006   1164.75        7.34596        3.52889      -0.113592E+008
  885.462        39744.2        3404.62       0.283894E-004  0.806924E-006   1169.31        7.33855        3.52533      -0.113393E+008
  902.474        39744.2        3402.97       0.285025E-004  0.809365E-006   1173.72        7.33111        3.52175      -0.113194E+008
  919.487        39744.2        3401.32       0.286149E-004  0.811825E-006   1177.98        7.32365        3.51817      -0.112994E+008
  936.500        39744.2        3399.66       0.287266E-004  0.814304E-006   1182.10        7.31616        3.51457      -0.112793E+008
  953.513        39744.2        3398.00       0.288376E-004  0.816802E-006   1186.08        7.30864        3.51096      -0.112592E+008
  970.526        39744.2        3396.33       0.289482E-004  0.819320E-006   1189.94        7.30110        3.50734      -0.112389E+008
  987.538        39744.2        3394.65       0.290584E-004  0.821857E-006   1193.67        7.29354        3.50370      -0.112187E+008
  1004.55        39744.2        3392.97       0.291682E-004  0.824413E-006   1197.29        7.28595        3.50006      -0.111983E+008
  1021.56        39744.2        3391.28       0.292777E-004  0.826990E-006   1200.80        7.27833        3.49640      -0.111779E+008
  1038.58        39744.2        3389.59       0.293870E-004  0.829586E-006   1204.20        7.27069        3.49273      -0.111575E+008
  1055.59        39744.2        3387.89       0.294961E-004  0.832202E-006   1207.50        7.26303        3.48905      -0.111370E+008
  1072.60        39744.2        3386.19       0.296052E-004  0.834838E-006   1210.71        7.25535        3.48536      -0.111164E+008
  1089.62        39744.2        3384.48       0.297142E-004  0.837495E-006   1213.82        7.24764        3.48165      -0.110958E+008
  1106.63        39744.2        3382.77       0.298232E-004  0.840172E-006   1216.84        7.23991        3.47794      -0.110751E+008
  1123.64        39744.2        3381.05       0.299322E-004  0.842870E-006   1219.78        7.23216        3.47422      -0.110544E+008
  1140.65        39744.2        3379.33       0.300414E-004  0.845588E-006   1222.63        7.22438        3.47048      -0.110336E+008
  1157.67        39744.2        3377.60       0.301507E-004  0.848328E-006   1225.41        7.21659        3.46674      -0.110128E+008
  1174.68        39744.2        3375.86       0.302601E-004  0.851089E-006   1228.10        7.20877        3.46298      -0.109919E+008
  1191.69        39744.2        3374.12       0.303698E-004  0.853871E-006   1230.73        7.20093        3.45921      -0.109710E+008
  1208.71        39744.2        3372.37       0.304797E-004  0.856674E-006   1233.28        7.19307        3.45544      -0.109500E+008
  1225.72        39744.2        3370.62       0.305898E-004  0.859500E-006   1235.76        7.18519        3.45165      -0.109290E+008
  1242.73        39744.2        3368.87       0.307003E-004  0.862348E-006   1238.18        7.17728        3.44785      -0.109080E+008
  1259.74        39744.2        3367.10       0.308112E-004  0.865218E-006   1240.53        7.16936        3.44405      -0.108869E+008
  1276.76        39744.2        3365.34       0.309224E-004  0.868110E-006   1242.81        7.16141        3.44023      -0.108658E+008
  1293.77        39744.2        3363.56       0.310340E-004  0.871025E-006   1245.04        7.15345        3.43640      -0.108446E+008
  1310.78        39744.2        3361.78       0.311460E-004  0.873963E-006   1247.20        7.14546        3.43257      -0.108234E+008
  1327.79        39744.2        3360.00       0.312584E-004  0.876924E-006   1249.31        7.13745        3.42872      -0.108022E+008
  1344.81        39744.2        3358.20       0.313712E-004  0.879908E-006   1251.37        7.12944        3.42487      -0.107810E+008
  1361.82        39744.2        3354.25       0.314382E-004  0.882760E-006   1254.13        7.12387        3.42220      -0.107778E+008
  1378.83        39744.2        3350.34       0.315068E-004  0.885649E-006   1256.83        7.11818        3.41946      -0.107742E+008
  1395.85        39744.2        3346.51       0.315777E-004  0.888579E-006   1259.46        7.11230        3.41664      -0.107700E+008
  1412.86        39744.2        3342.60       0.316475E-004  0.891537E-006   1262.07        7.10644        3.41383      -0.107664E+008
  1429.87        39744.2        3339.31       0.317313E-004  0.894571E-006   1264.41        7.09982        3.41064      -0.107575E+008
  1446.88        39744.2        3334.99       0.317936E-004  0.897575E-006   1267.08        7.09424        3.40796      -0.107574E+008
  1463.90        39744.2        3331.47       0.318740E-004  0.900665E-006   1269.42        7.08771        3.40483      -0.107504E+008
  1480.91        39744.2        3327.80       0.319519E-004  0.903782E-006   1271.77        7.08126        3.40173      -0.107446E+008
  1497.92        39744.2        3324.19       0.320318E-004  0.906938E-006   1274.05        7.07468        3.39856      -0.107384E+008
  1514.94        39744.2        3320.54       0.321116E-004  0.910129E-006   1276.31        7.06805        3.39538      -0.107324E+008
  1531.95        39744.2        3317.07       0.321961E-004  0.913366E-006   1278.46        7.06117        3.39208      -0.107249E+008
  1548.96        39744.2        3313.41       0.322776E-004  0.916633E-006   1280.63        7.05439        3.38882      -0.107190E+008
  1565.97        39744.2        3310.09       0.323671E-004  0.919952E-006   1282.64        7.04721        3.38537      -0.107101E+008
  1582.99        39744.2        3306.64       0.324548E-004  0.923303E-006   1284.66        7.04008        3.38194      -0.107023E+008
  1600.00        39744.2        3303.25       0.325446E-004  0.926696E-006   1286.62        7.03282        3.37846      -0.106940E+008
  273.000        41026.2        3195.36       0.179946E-004  0.936059E-006   769.815        7.07428        3.39838      -0.118798E+008
  290.013        41026.2        3194.46       0.187680E-004  0.937429E-006   808.055        7.07016        3.39640      -0.118650E+008
  307.026        41026.2        3193.48       0.194332E-004  0.938866E-006   841.583        7.06628        3.39453      -0.118503E+008
  324.038        41026.2        3192.47       0.200437E-004  0.940365E-006   871.616        7.06228        3.39261      -0.118351E+008
  341.051        41026.2        3191.37       0.205141E-004  0.941898E-006   899.026        7.05843        3.39076      -0.118200E+008
  358.064        41026.2        3190.24       0.209358E-004  0.943471E-006   924.251        7.05444        3.38885      -0.118045E+008
  375.077        41026.2        3189.10       0.213157E-004  0.945075E-006   947.561        7.05035        3.38688      -0.117886E+008
  392.090        41026.2        3187.93       0.216603E-004  0.946719E-006   969.179        7.04611        3.38484      -0.117723E+008
  409.103        41026.2        3186.75       0.219733E-004  0.948383E-006   989.292        7.04183        3.38279      -0.117556E+008
  426.115        41026.2        3185.55       0.222601E-004  0.950080E-006   1008.06        7.03743        3.38067      -0.117386E+008
  443.128        41026.2        3183.60       0.225782E-004  0.952764E-006   1025.72        7.02825        3.37626      -0.117212E+008
  460.141        41026.2        3181.50       0.228868E-004  0.955647E-006   1042.34        7.01819        3.37143      -0.117035E+008
  477.154        41026.2        3179.50       0.231693E-004  0.958392E-006   1058.00        7.00888        3.36696      -0.116856E+008
  494.167        41026.2        3177.58       0.234297E-004  0.961036E-006   1072.77        7.00015        3.36276      -0.116674E+008
  511.179        41026.2        3175.72       0.236714E-004  0.963606E-006   1086.72        6.99186        3.35878      -0.116490E+008
  528.192        41026.2        3173.90       0.238972E-004  0.966122E-006   1099.92        6.98389        3.35495      -0.116303E+008
  545.205        41026.2        3172.20       0.241025E-004  0.968485E-006   1112.40        6.97673        3.35151      -0.116114E+008
  562.218        41026.2        3170.89       0.242681E-004  0.970349E-006   1124.08        6.97199        3.34924      -0.115924E+008
  579.231        41026.2        3169.58       0.244252E-004  0.972231E-006   1135.15        6.96721        3.34694      -0.115732E+008
  596.244        41026.2        3168.26       0.245748E-004  0.974130E-006   1145.65        6.96239        3.34462      -0.115538E+008
  613.256        41026.2        3166.93       0.247177E-004  0.976046E-006   1155.61        6.95753        3.34229      -0.115342E+008
  630.269        41026.2        3165.60       0.248545E-004  0.977979E-006   1165.08        6.95264        3.33994      -0.115145E+008
  647.282        41026.2        3142.27       0.262482E-004  0.984068E-006   1181.28        6.95895        3.34297      -0.114810E+008
  664.295        41026.2        3140.85       0.263814E-004  0.986645E-006   1189.78        6.95265        3.33995      -0.114606E+008
  681.308        41026.2        3139.43       0.265125E-004  0.989261E-006   1197.90        6.94624        3.33687      -0.114401E+008
  698.321        41026.2        3138.00       0.266382E-004  0.991890E-006   1205.63        6.93983        3.33379      -0.114195E+008
  715.333        41026.2        3136.57       0.267606E-004  0.994542E-006   1213.02        6.93338        3.33069      -0.113987E+008
  732.346        41026.2        3135.13       0.268790E-004  0.997211E-006   1220.09        6.92691        3.32758      -0.113778E+008
  749.359        41026.2        3133.69       0.269957E-004  0.999911E-006   1226.86        6.92037        3.32444      -0.113568E+008
  766.372        41026.2        3132.24       0.271092E-004  0.100263E-005   1233.34        6.91380        3.32128      -0.113357E+008
  783.385        41026.2        3130.78       0.272205E-004  0.100537E-005   1239.56        6.90720        3.31811      -0.113145E+008
  800.397        41026.2        3129.32       0.273300E-004  0.100814E-005   1245.54        6.90055        3.31492      -0.112931E+008
  817.410        41026.2        3127.86       0.274373E-004  0.101092E-005   1251.28        6.89388        3.31171      -0.112717E+008
  834.423        41026.2        3298.99       0.277484E-004  0.881699E-006   1193.34        7.17214        3.44539      -0.113200E+008
  851.436        41026.2        3411.39       0.279812E-004  0.796696E-006   1159.78        7.37365        3.54219      -0.113422E+008
  868.449        41026.2        3409.76       0.280949E-004  0.799062E-006   1164.51        7.36631        3.53866      -0.113225E+008
  885.462        41026.2        3408.13       0.282075E-004  0.801447E-006   1169.07        7.35895        3.53512      -0.113026E+008
  902.474        41026.2        3406.49       0.283193E-004  0.803850E-006   1173.47        7.35156        3.53157      -0.112827E+008
  919.487        41026.2        3404.85       0.284302E-004  0.806272E-006   1177.72        7.34414        3.52801      -0.112627E+008
  936.500        41026.2        3403.20       0.285405E-004  0.808713E-006   1181.84        7.33669        3.52443      -0.112426E+008
  953.513        41026.2        3401.54       0.286501E-004  0.811172E-006   1185.82        7.32922        3.52085      -0.112225E+008
  970.526        41026.2        3399.88       0.287593E-004  0.813651E-006   1189.67        7.32173        3.51724      -0.112023E+008
  987.538        41026.2        3398.22       0.288680E-004  0.816148E-006   1193.40        7.31421        3.51363      -0.111820E+008
  1004.55        41026.2        3396.55       0.289763E-004  0.818664E-006   1197.02        7.30667        3.51001      -0.111617E+008
  1021.56        41026.2        3394.87       0.290843E-004  0.821200E-006   1200.52        7.29910        3.50637      -0.111413E+008
  1038.58        41026.2        3393.19       0.291922E-004  0.823755E-006   1203.92        7.29151        3.50273      -0.111208E+008
  1055.59        41026.2        3391.50       0.292998E-004  0.826330E-006   1207.21        7.28390        3.49907      -0.111003E+008
  1072.60        41026.2        3389.81       0.294074E-004  0.828924E-006   1210.41        7.27626        3.49540      -0.110797E+008
  1089.62        41026.2        3388.11       0.295148E-004  0.831538E-006   1213.52        7.26860        3.49172      -0.110591E+008
  1106.63        41026.2        3386.40       0.296223E-004  0.834171E-006   1216.54        7.26092        3.48803      -0.110385E+008
  1123.64        41026.2        3384.69       0.297298E-004  0.836826E-006   1219.47        7.25322        3.48433      -0.110177E+008
  1140.65        41026.2        3382.98       0.298374E-004  0.839500E-006   1222.32        7.24549        3.48062      -0.109970E+008
  1157.67        41026.2        3381.26       0.299451E-004  0.842195E-006   1225.09        7.23775        3.47690      -0.109761E+008
  1174.68        41026.2        3379.53       0.300530E-004  0.844910E-006   1227.78        7.22998        3.47317      -0.109553E+008
  1191.69        41026.2        3377.80       0.301610E-004  0.847646E-006   1230.40        7.22219        3.46943      -0.109344E+008
  1208.71        41026.2        3376.07       0.302693E-004  0.850404E-006   1232.94        7.21438        3.46568      -0.109134E+008
  1225.72        41026.2        3374.33       0.303779E-004  0.853182E-006   1235.42        7.20655        3.46191      -0.108924E+008
  1242.73        41026.2        3372.58       0.304867E-004  0.855983E-006   1237.83        7.19870        3.45814      -0.108714E+008
  1259.74        41026.2        3370.83       0.305959E-004  0.858804E-006   1240.17        7.19083        3.45436      -0.108503E+008
  1276.76        41026.2        3369.07       0.307054E-004  0.861648E-006   1242.45        7.18293        3.45057      -0.108292E+008
  1293.77        41026.2        3367.31       0.308153E-004  0.864514E-006   1244.67        7.17502        3.44677      -0.108080E+008
  1310.78        41026.2        3365.54       0.309256E-004  0.867402E-006   1246.83        7.16709        3.44296      -0.107868E+008
  1327.79        41026.2        3361.86       0.309952E-004  0.870150E-006   1249.60        7.16145        3.44025      -0.107815E+008
  1344.81        41026.2        3357.83       0.310576E-004  0.872900E-006   1252.44        7.15617        3.43771      -0.107791E+008
  1361.82        41026.2        3354.16       0.311283E-004  0.875713E-006   1255.11        7.15037        3.43493      -0.107737E+008
  1378.83        41026.2        3350.58       0.312017E-004  0.878565E-006   1257.70        7.14439        3.43205      -0.107675E+008
  1395.85        41026.2        3346.62       0.312673E-004  0.881420E-006   1260.38        7.13878        3.42936      -0.107645E+008
  1412.86        41026.2        3342.94       0.313395E-004  0.884330E-006   1262.91        7.13277        3.42647      -0.107591E+008
  1429.87        41026.2        3339.24       0.314122E-004  0.887273E-006   1265.40        7.12669        3.42355      -0.107538E+008
  1446.88        41026.2        3335.64       0.314874E-004  0.890257E-006   1267.81        7.12043        3.42054      -0.107477E+008
  1463.90        41026.2        3332.02       0.315632E-004  0.893274E-006   1270.19        7.11411        3.41751      -0.107416E+008
  1480.91        41026.2        3328.49       0.316414E-004  0.896331E-006   1272.48        7.10762        3.41439      -0.107348E+008
  1497.92        41026.2        3324.95       0.317203E-004  0.899423E-006   1274.74        7.10106        3.41124      -0.107281E+008
  1514.94        41026.2        3321.49       0.318016E-004  0.902555E-006   1276.93        7.09434        3.40801      -0.107207E+008
  1531.95        41026.2        3318.02       0.318837E-004  0.905723E-006   1279.08        7.08755        3.40475      -0.107133E+008
  1548.96        41026.2        3314.62       0.319681E-004  0.908930E-006   1281.15        7.08062        3.40142      -0.107052E+008
  1565.97        41026.2        3311.22       0.320532E-004  0.912174E-006   1283.19        7.07361        3.39805      -0.106971E+008
  1582.99        41026.2        3307.89       0.321408E-004  0.915458E-006   1285.16        7.06647        3.39462      -0.106884E+008
  1600.00        41026.2        3304.56       0.322291E-004  0.918778E-006   1287.09        7.05925        3.39116      -0.106797E+008
  273.000        42308.3        3199.18       0.178948E-004  0.930863E-006   769.361        7.09048        3.40615      -0.118398E+008
  290.013        42308.3        3198.27       0.186456E-004  0.932215E-006   807.532        7.08645        3.40422      -0.118253E+008
  307.026        42308.3        3197.33       0.193465E-004  0.933636E-006   841.207        7.08236        3.40226      -0.118102E+008
  324.038        42308.3        3196.31       0.199306E-004  0.935114E-006   871.233        7.07846        3.40038      -0.117952E+008
  341.051        42308.3        3195.22       0.203981E-004  0.936627E-006   898.663        7.07463        3.39854      -0.117802E+008
  358.064        42308.3        3194.09       0.208172E-004  0.938179E-006   923.908        7.07066        3.39664      -0.117647E+008
  375.077        42308.3        3192.95       0.211945E-004  0.939762E-006   947.236        7.06660        3.39468      -0.117487E+008
  392.090        42308.3        3191.79       0.215367E-004  0.941384E-006   968.869        7.06238        3.39266      -0.117324E+008
  409.103        42308.3        3190.61       0.218480E-004  0.943032E-006   988.996        7.05809        3.39060      -0.117158E+008
  426.115        42308.3        3189.42       0.221324E-004  0.944700E-006   1007.77        7.05374        3.38851      -0.116988E+008
  443.128        42308.3        3188.21       0.223942E-004  0.946401E-006   1025.34        7.04928        3.38636      -0.116815E+008
  460.141        42308.3        3186.99       0.226359E-004  0.948127E-006   1041.81        7.04474        3.38418      -0.116639E+008
  477.154        42308.3        3185.75       0.228600E-004  0.949876E-006   1057.28        7.04013        3.38197      -0.116460E+008
  494.167        42308.3        3183.78       0.231233E-004  0.952593E-006   1071.99        7.03085        3.37751      -0.116278E+008
  511.179        42308.3        3181.81       0.233725E-004  0.955314E-006   1085.92        7.02165        3.37309      -0.116093E+008
  528.192        42308.3        3179.89       0.236049E-004  0.957961E-006   1099.09        7.01288        3.36888      -0.115907E+008
  545.205        42308.3        3178.01       0.238226E-004  0.960551E-006   1111.56        7.00447        3.36484      -0.115718E+008
  562.218        42308.3        3176.17       0.240278E-004  0.963098E-006   1123.40        6.99633        3.36093      -0.115527E+008
  579.231        42308.3        3174.35       0.242220E-004  0.965614E-006   1134.63        6.98841        3.35713      -0.115334E+008
  596.244        42308.3        3172.55       0.244067E-004  0.968108E-006   1145.30        6.98067        3.35340      -0.115140E+008
  613.256        42308.3        3170.89       0.245737E-004  0.970429E-006   1155.40        6.97381        3.35011      -0.114944E+008
  630.269        42308.3        3169.56       0.247093E-004  0.972335E-006   1164.87        6.96895        3.34777      -0.114746E+008
  647.282        42308.3        3168.22       0.248395E-004  0.974257E-006   1173.87        6.96405        3.34542      -0.114547E+008
  664.295        42308.3        3144.82       0.261830E-004  0.978816E-006   1189.54        6.97485        3.35061      -0.114205E+008
  681.308        42308.3        3143.40       0.263110E-004  0.981373E-006   1197.65        6.96854        3.34758      -0.114000E+008
  698.321        42308.3        3141.98       0.264350E-004  0.983953E-006   1205.39        6.96218        3.34453      -0.113794E+008
  715.333        42308.3        3140.56       0.265556E-004  0.986555E-006   1212.78        6.95579        3.34145      -0.113586E+008
  732.346        42308.3        3139.12       0.266722E-004  0.989173E-006   1219.84        6.94938        3.33838      -0.113377E+008
  749.359        42308.3        3137.69       0.267867E-004  0.991818E-006   1226.61        6.94292        3.33527      -0.113167E+008
  766.372        42308.3        3136.25       0.268990E-004  0.994488E-006   1233.09        6.93640        3.33214      -0.112956E+008
  783.385        42308.3        3134.80       0.270086E-004  0.997176E-006   1239.31        6.92985        3.32899      -0.112744E+008
  800.397        42308.3        3133.35       0.271162E-004  0.999887E-006   1245.29        6.92327        3.32583      -0.112531E+008
  817.410        42308.3        3131.90       0.272221E-004  0.100262E-005   1251.03        6.91665        3.32265      -0.112317E+008
  834.423        42308.3        3416.48       0.276914E-004  0.789065E-006   1154.64        7.40110        3.55537      -0.113253E+008
  851.436        42308.3        3414.87       0.278049E-004  0.791378E-006   1159.54        7.39383        3.55188      -0.113056E+008
  868.449        42308.3        3413.25       0.279172E-004  0.793708E-006   1164.26        7.38654        3.54838      -0.112858E+008
  885.462        42308.3        3411.62       0.280285E-004  0.796057E-006   1168.82        7.37922        3.54486      -0.112660E+008
  902.474        42308.3        3409.99       0.281389E-004  0.798424E-006   1173.22        7.37187        3.54133      -0.112460E+008
  919.487        42308.3        3408.36       0.282484E-004  0.800809E-006   1177.47        7.36450        3.53779      -0.112260E+008
  936.500        42308.3        3406.72       0.283573E-004  0.803212E-006   1181.58        7.35710        3.53424      -0.112060E+008
  953.513        42308.3        3405.07       0.284655E-004  0.805634E-006   1185.56        7.34967        3.53067      -0.111858E+008
  970.526        42308.3        3403.42       0.285732E-004  0.808074E-006   1189.41        7.34223        3.52709      -0.111656E+008
  987.538        42308.3        3401.76       0.286805E-004  0.810532E-006   1193.13        7.33475        3.52350      -0.111454E+008
  1004.55        42308.3        3400.10       0.287874E-004  0.813010E-006   1196.74        7.32726        3.51990      -0.111250E+008
  1021.56        42308.3        3398.43       0.288941E-004  0.815506E-006   1200.24        7.31974        3.51629      -0.111046E+008
  1038.58        42308.3        3396.76       0.290004E-004  0.818020E-006   1203.64        7.31219        3.51266      -0.110842E+008
  1055.59        42308.3        3395.08       0.291066E-004  0.820554E-006   1206.93        7.30463        3.50903      -0.110637E+008
  1072.60        42308.3        3393.40       0.292127E-004  0.823107E-006   1210.13        7.29704        3.50538      -0.110431E+008
  1089.62        42308.3        3391.71       0.293187E-004  0.825680E-006   1213.23        7.28943        3.50173      -0.110225E+008
  1106.63        42308.3        3390.01       0.294247E-004  0.828272E-006   1216.24        7.28179        3.49806      -0.110018E+008
  1123.64        42308.3        3388.31       0.295307E-004  0.830883E-006   1219.17        7.27414        3.49438      -0.109811E+008
  1140.65        42308.3        3386.61       0.296367E-004  0.833514E-006   1222.01        7.26646        3.49070      -0.109604E+008
  1157.67        42308.3        3384.90       0.297429E-004  0.836166E-006   1224.77        7.25877        3.48700      -0.109396E+008
  1174.68        42308.3        3383.18       0.298492E-004  0.838837E-006   1227.46        7.25105        3.48329      -0.109187E+008
  1191.69        42308.3        3381.46       0.299557E-004  0.841529E-006   1230.07        7.24331        3.47957      -0.108978E+008
  1208.71        42308.3        3379.74       0.300625E-004  0.844241E-006   1232.61        7.23555        3.47585      -0.108768E+008
  1225.72        42308.3        3378.01       0.301694E-004  0.846974E-006   1235.08        7.22777        3.47211      -0.108558E+008
  1242.73        42308.3        3376.27       0.302767E-004  0.849728E-006   1237.48        7.21997        3.46836      -0.108348E+008
  1259.74        42308.3        3374.53       0.303842E-004  0.852503E-006   1239.82        7.21215        3.46460      -0.108137E+008
  1276.76        42308.3        3372.78       0.304921E-004  0.855299E-006   1242.09        7.20431        3.46084      -0.107926E+008
  1293.77        42308.3        3369.16       0.305597E-004  0.857935E-006   1244.95        7.19885        3.45821      -0.107870E+008
  1310.78        42308.3        3365.33       0.306233E-004  0.860581E-006   1247.83        7.19357        3.45568      -0.107831E+008
  1327.79        42308.3        3361.57       0.306889E-004  0.863264E-006   1250.64        7.18814        3.45307      -0.107786E+008
  1344.81        42308.3        3357.83       0.307553E-004  0.865980E-006   1253.38        7.18260        3.45041      -0.107739E+008
  1361.82        42308.3        3354.61       0.308335E-004  0.868773E-006   1255.90        7.17635        3.44741      -0.107649E+008
  1378.83        42308.3        3350.45       0.308919E-004  0.871514E-006   1258.70        7.17117        3.44492      -0.107636E+008
  1395.85        42308.3        3346.82       0.309623E-004  0.874334E-006   1261.26        7.16527        3.44208      -0.107579E+008
  1412.86        42308.3        3343.14       0.310322E-004  0.877181E-006   1263.79        7.15936        3.43925      -0.107527E+008
  1429.87        42308.3        3339.66       0.311072E-004  0.880079E-006   1266.21        7.15312        3.43625      -0.107456E+008
  1446.88        42308.3        3335.97       0.311781E-004  0.882991E-006   1268.65        7.14707        3.43334      -0.107404E+008
  1463.90        42308.3        3332.65       0.312579E-004  0.885966E-006   1270.92        7.14050        3.43019      -0.107319E+008
  1480.91        42308.3        3329.19       0.313353E-004  0.888963E-006   1273.19        7.13403        3.42708      -0.107247E+008
  1497.92        42308.3        3325.77       0.314143E-004  0.891996E-006   1275.40        7.12743        3.42391      -0.107170E+008
  1514.94        42308.3        3322.31       0.314932E-004  0.895061E-006   1277.59        7.12081        3.42073      -0.107096E+008
  1531.95        42308.3        3319.03       0.315767E-004  0.898172E-006   1279.67        7.11393        3.41742      -0.107008E+008
  1548.96        42308.3        3315.57       0.316570E-004  0.901306E-006   1281.77        7.10717        3.41417      -0.106934E+008
  1565.97        42308.3        3312.41       0.317449E-004  0.904494E-006   1283.71        7.10000        3.41073      -0.106833E+008
  1582.99        42308.3        3309.14       0.318312E-004  0.907711E-006   1285.66        7.09289        3.40731      -0.106742E+008
  1600.00        42308.3        3305.91       0.319192E-004  0.910965E-006   1287.55        7.08567        3.40384      -0.106647E+008
  273.000        43590.3        3202.99       0.177962E-004  0.925733E-006   768.911        7.10658        3.41389      -0.118000E+008
  290.013        43590.3        3202.10       0.185641E-004  0.927068E-006   807.221        7.10240        3.41188      -0.117852E+008
  307.026        43590.3        3201.14       0.192248E-004  0.928469E-006   840.785        7.09851        3.41001      -0.117705E+008
  324.038        43590.3        3200.14       0.198190E-004  0.929929E-006   870.852        7.09455        3.40811      -0.117554E+008
  341.051        43590.3        3199.04       0.202835E-004  0.931422E-006   898.303        7.09075        3.40629      -0.117403E+008
  358.064        43590.3        3197.93       0.206999E-004  0.932953E-006   923.568        7.08681        3.40439      -0.117248E+008
  375.077        43590.3        3196.79       0.210749E-004  0.934517E-006   946.913        7.08276        3.40245      -0.117089E+008
  392.090        43590.3        3195.64       0.214148E-004  0.936117E-006   968.562        7.07857        3.40043      -0.116926E+008
  409.103        43590.3        3194.46       0.217237E-004  0.937738E-006   988.703        7.07433        3.39840      -0.116760E+008
  426.115        43590.3        3193.27       0.220066E-004  0.939391E-006   1007.49        7.06997        3.39630      -0.116590E+008
  443.128        43590.3        3192.07       0.222664E-004  0.941069E-006   1025.07        7.06553        3.39417      -0.116417E+008
  460.141        43590.3        3190.85       0.225065E-004  0.942775E-006   1041.55        7.06100        3.39199      -0.116241E+008
  477.154        43590.3        3189.63       0.227289E-004  0.944498E-006   1057.02        7.05643        3.38980      -0.116062E+008
  494.167        43590.3        3188.38       0.229365E-004  0.946251E-006   1071.59        7.05174        3.38755      -0.115881E+008
  511.179        43590.3        3187.14       0.231300E-004  0.948014E-006   1085.32        7.04706        3.38530      -0.115698E+008
  528.192        43590.3        3185.80       0.233175E-004  0.949897E-006   1098.30        7.04184        3.38279      -0.115512E+008
  545.205        43590.3        3183.85       0.235401E-004  0.952586E-006   1110.76        7.03277        3.37843      -0.115323E+008
  562.218        43590.3        3181.93       0.237507E-004  0.955239E-006   1122.57        7.02396        3.37420      -0.115132E+008
  579.231        43590.3        3180.07       0.239476E-004  0.957811E-006   1133.78        7.01561        3.37019      -0.114939E+008
  596.244        43590.3        3178.21       0.241356E-004  0.960369E-006   1144.44        7.00740        3.36625      -0.114744E+008
  613.256        43590.3        3176.38       0.243148E-004  0.962903E-006   1154.58        6.99937        3.36239      -0.114548E+008
  630.269        43590.3        3174.57       0.244864E-004  0.965418E-006   1164.23        6.99151        3.35861      -0.114350E+008
  647.282        43590.3        3172.76       0.246511E-004  0.967921E-006   1173.42        6.98377        3.35489      -0.114150E+008
  664.295        43590.3        3149.30       0.259478E-004  0.970441E-006   1189.09        7.00010        3.36274      -0.113806E+008
  681.308        43590.3        3147.34       0.261129E-004  0.973625E-006   1197.41        6.99069        3.35822      -0.113600E+008
  698.321        43590.3        3145.93       0.262353E-004  0.976157E-006   1205.15        6.98439        3.35519      -0.113394E+008
  715.333        43590.3        3144.51       0.263543E-004  0.978711E-006   1212.54        6.97805        3.35215      -0.113186E+008
  732.346        43590.3        3143.09       0.264694E-004  0.981281E-006   1219.60        6.97170        3.34910      -0.112977E+008
  749.359        43590.3        3141.67       0.265827E-004  0.983880E-006   1226.37        6.96527        3.34601      -0.112767E+008
  766.372        43590.3        3140.23       0.266928E-004  0.986495E-006   1232.85        6.95883        3.34291      -0.112556E+008
  783.385        43590.3        3139.41       0.268134E-004  0.988104E-006   1239.13        6.95567        3.34140      -0.112344E+008
  800.397        43590.3        3139.89       0.269602E-004  0.987545E-006   1245.29        6.95950        3.34324      -0.112130E+008
  817.410        43590.3        3140.41       0.271076E-004  0.986912E-006   1251.24        6.96356        3.34519      -0.111915E+008
  834.423        43590.3        3419.92       0.275191E-004  0.783864E-006   1154.41        7.42112        3.56499      -0.112886E+008
  851.436        43590.3        3418.32       0.276313E-004  0.786143E-006   1159.31        7.41390        3.56152      -0.112689E+008
  868.449        43590.3        3416.71       0.277422E-004  0.788438E-006   1164.03        7.40665        3.55804      -0.112492E+008
  885.462        43590.3        3415.10       0.278522E-004  0.790752E-006   1168.58        7.39937        3.55454      -0.112293E+008
  902.474        43590.3        3413.47       0.279612E-004  0.793083E-006   1172.98        7.39206        3.55103      -0.112094E+008
  919.487        43590.3        3411.85       0.280694E-004  0.795432E-006   1177.22        7.38473        3.54751      -0.111894E+008
  936.500        43590.3        3410.22       0.281769E-004  0.797799E-006   1181.33        7.37738        3.54398      -0.111694E+008
  953.513        43590.3        3408.58       0.282837E-004  0.800184E-006   1185.30        7.37000        3.54043      -0.111492E+008
  970.526        43590.3        3406.94       0.283901E-004  0.802586E-006   1189.15        7.36259        3.53688      -0.111290E+008
  987.538        43590.3        3405.29       0.284960E-004  0.805007E-006   1192.87        7.35517        3.53331      -0.111088E+008
  1004.55        43590.3        3403.63       0.286015E-004  0.807446E-006   1196.48        7.34772        3.52973      -0.110884E+008
  1021.56        43590.3        3401.98       0.287067E-004  0.809903E-006   1199.97        7.34024        3.52614      -0.110680E+008
  1038.58        43590.3        3400.31       0.288117E-004  0.812379E-006   1203.36        7.33274        3.52254      -0.110476E+008
  1055.59        43590.3        3398.64       0.289165E-004  0.814873E-006   1206.65        7.32522        3.51892      -0.110271E+008
  1072.60        43590.3        3396.97       0.290211E-004  0.817386E-006   1209.84        7.31768        3.51530      -0.110065E+008
  1089.62        43590.3        3395.29       0.291257E-004  0.819918E-006   1212.94        7.31012        3.51167      -0.109859E+008
  1106.63        43590.3        3393.60       0.292302E-004  0.822469E-006   1215.95        7.30253        3.50802      -0.109653E+008
  1123.64        43590.3        3391.91       0.293347E-004  0.825039E-006   1218.87        7.29493        3.50437      -0.109446E+008
  1140.65        43590.3        3390.22       0.294393E-004  0.827629E-006   1221.70        7.28730        3.50071      -0.109238E+008
  1157.67        43590.3        3388.52       0.295440E-004  0.830238E-006   1224.46        7.27965        3.49703      -0.109030E+008
  1174.68        43590.3        3386.81       0.296488E-004  0.832866E-006   1227.14        7.27198        3.49335      -0.108821E+008
  1191.69        43590.3        3385.10       0.297538E-004  0.835514E-006   1229.75        7.26429        3.48965      -0.108612E+008
  1208.71        43590.3        3383.38       0.298590E-004  0.838183E-006   1232.28        7.25658        3.48595      -0.108403E+008
  1225.72        43590.3        3381.66       0.299644E-004  0.840871E-006   1234.75        7.24885        3.48224      -0.108193E+008
  1242.73        43590.3        3379.92       0.300697E-004  0.843578E-006   1237.15        7.24112        3.47852      -0.107984E+008
  1259.74        43590.3        3376.11       0.301304E-004  0.846083E-006   1240.19        7.23615        3.47614      -0.107946E+008
  1276.76        43590.3        3372.42       0.301941E-004  0.848629E-006   1243.14        7.23095        3.47363      -0.107897E+008
  1293.77        43590.3        3368.60       0.302553E-004  0.851190E-006   1246.07        7.22584        3.47118      -0.107858E+008
  1310.78        43590.3        3364.93       0.303200E-004  0.853795E-006   1248.90        7.22046        3.46860      -0.107807E+008
  1327.79        43590.3        3361.25       0.303850E-004  0.856429E-006   1251.68        7.21502        3.46598      -0.107757E+008
  1344.81        43590.3        3358.10       0.304622E-004  0.859146E-006   1254.23        7.20881        3.46300      -0.107662E+008
  1361.82        43590.3        3354.03       0.305197E-004  0.861801E-006   1257.04        7.20372        3.46056      -0.107643E+008
  1378.83        43590.3        3350.50       0.305894E-004  0.864540E-006   1259.62        7.19787        3.45774      -0.107580E+008
  1395.85        43590.3        3346.96       0.306595E-004  0.867308E-006   1262.16        7.19195        3.45490      -0.107516E+008
  1412.86        43590.3        3343.49       0.307318E-004  0.870114E-006   1264.62        7.18587        3.45198      -0.107446E+008
  1429.87        43590.3        3340.02       0.308046E-004  0.872951E-006   1267.03        7.17972        3.44903      -0.107377E+008
  1446.88        43590.3        3336.62       0.308796E-004  0.875825E-006   1269.37        7.17341        3.44600      -0.107300E+008
  1463.90        43590.3        3333.22       0.309551E-004  0.878730E-006   1271.67        7.16704        3.44294      -0.107224E+008
  1480.91        43590.3        3329.88       0.310328E-004  0.881674E-006   1273.90        7.16052        3.43980      -0.107142E+008
  1497.92        43590.3        3326.54       0.311111E-004  0.884649E-006   1276.08        7.15393        3.43664      -0.107060E+008
  1514.94        43590.3        3323.27       0.311916E-004  0.887662E-006   1278.20        7.14720        3.43341      -0.106972E+008
  1531.95        43590.3        3319.99       0.312727E-004  0.890707E-006   1280.28        7.14041        3.43014      -0.106884E+008
  1548.96        43590.3        3316.77       0.313559E-004  0.893791E-006   1282.29        7.13347        3.42681      -0.106790E+008
  1565.97        43590.3        3313.55       0.314398E-004  0.896907E-006   1284.25        7.12648        3.42345      -0.106697E+008
  1582.99        43590.3        3310.39       0.315259E-004  0.900062E-006   1286.16        7.11935        3.42002      -0.106597E+008
  1600.00        43590.3        3307.22       0.316127E-004  0.903251E-006   1288.02        7.11216        3.41657      -0.106498E+008
  273.000        44872.3        3206.79       0.176989E-004  0.920668E-006   768.466        7.12260        3.42159      -0.117602E+008
  290.013        44872.3        3205.89       0.184443E-004  0.921985E-006   806.703        7.11852        3.41963      -0.117456E+008
  307.026        44872.3        3204.96       0.191408E-004  0.923371E-006   840.416        7.11441        3.41765      -0.117305E+008
  324.038        44872.3        3203.94       0.197088E-004  0.924810E-006   870.473        7.11056        3.41580      -0.117156E+008
  341.051        44872.3        3202.86       0.201705E-004  0.926284E-006   897.945        7.10677        3.41398      -0.117006E+008
  358.064        44872.3        3201.74       0.205843E-004  0.927796E-006   923.229        7.10285        3.41210      -0.116851E+008
  375.077        44872.3        3200.61       0.209569E-004  0.929339E-006   946.593        7.09883        3.41017      -0.116692E+008
  392.090        44872.3        3199.46       0.212946E-004  0.930919E-006   968.256        7.09466        3.40816      -0.116529E+008
  409.103        44872.3        3198.29       0.216017E-004  0.932524E-006   988.411        7.09041        3.40612      -0.116362E+008
  426.115        44872.3        3197.11       0.218825E-004  0.934153E-006   1007.21        7.08609        3.40405      -0.116192E+008
  443.128        44872.3        3195.91       0.221403E-004  0.935806E-006   1024.80        7.08169        3.40194      -0.116019E+008
  460.141        44872.3        3194.70       0.223786E-004  0.937487E-006   1041.29        7.07720        3.39978      -0.115844E+008
  477.154        44872.3        3193.48       0.225995E-004  0.939189E-006   1056.77        7.07264        3.39759      -0.115665E+008
  494.167        44872.3        3192.24       0.228055E-004  0.940919E-006   1071.35        7.06799        3.39535      -0.115484E+008
  511.179        44872.3        3191.00       0.229979E-004  0.942665E-006   1085.09        7.06329        3.39310      -0.115300E+008
  528.192        44872.3        3189.75       0.231782E-004  0.944424E-006   1098.05        7.05858        3.39083      -0.115114E+008
  545.205        44872.3        3188.48       0.233483E-004  0.946208E-006   1110.31        7.05379        3.38853      -0.114926E+008
  562.218        44872.3        3187.21       0.235092E-004  0.948010E-006   1121.92        7.04895        3.38621      -0.114736E+008
  579.231        44872.3        3185.72       0.236777E-004  0.950102E-006   1132.99        7.04275        3.38323      -0.114544E+008
  596.244        44872.3        3183.82       0.238686E-004  0.952718E-006   1143.63        7.03410        3.37907      -0.114349E+008
  613.256        44872.3        3181.95       0.240503E-004  0.955300E-006   1153.76        7.02569        3.37503      -0.114153E+008
  630.269        44872.3        3180.10       0.242241E-004  0.957858E-006   1163.40        7.01746        3.37108      -0.113955E+008
  647.282        44872.3        3178.27       0.243907E-004  0.960397E-006   1172.59        7.00939        3.36720      -0.113755E+008
  664.295        44872.3        3178.68       0.247464E-004  0.957648E-006   1182.41        7.01758        3.37114      -0.113547E+008
  681.308        44872.3        3161.04       0.261036E-004  0.949884E-006   1198.11        7.06650        3.39464      -0.113199E+008
  698.321        44872.3        3159.62       0.262274E-004  0.952362E-006   1205.85        7.06012        3.39157      -0.112992E+008
  715.333        44872.3        3158.20       0.263477E-004  0.954861E-006   1213.25        7.05371        3.38849      -0.112785E+008
  732.346        44872.3        3156.77       0.264647E-004  0.957379E-006   1220.32        7.04725        3.38539      -0.112576E+008
  749.359        44872.3        3155.34       0.265793E-004  0.959922E-006   1227.10        7.04075        3.38227      -0.112366E+008
  766.372        44872.3        3153.90       0.266904E-004  0.962479E-006   1233.58        7.03425        3.37914      -0.112154E+008
  783.385        44872.3        3152.46       0.267999E-004  0.965061E-006   1239.81        7.02768        3.37599      -0.111942E+008
  800.397        44872.3        3151.01       0.269071E-004  0.967662E-006   1245.78        7.02109        3.37282      -0.111729E+008
  817.410        44872.3        3253.78       0.275271E-004  0.876680E-006   1221.00        7.25529        3.48533      -0.111892E+008
  834.423        44872.3        3423.35       0.273494E-004  0.778744E-006   1154.18        7.44102        3.57455      -0.112520E+008
  851.436        44872.3        3421.76       0.274602E-004  0.780988E-006   1159.07        7.43384        3.57110      -0.112323E+008
  868.449        44872.3        3420.15       0.275699E-004  0.783250E-006   1163.79        7.42663        3.56764      -0.112126E+008
  885.462        44872.3        3418.55       0.276785E-004  0.785529E-006   1168.34        7.41939        3.56416      -0.111927E+008
  902.474        44872.3        3416.94       0.277862E-004  0.787826E-006   1172.74        7.41213        3.56067      -0.111728E+008
  919.487        44872.3        3415.32       0.278930E-004  0.790140E-006   1176.98        7.40485        3.55717      -0.111528E+008
  936.500        44872.3        3413.69       0.279992E-004  0.792471E-006   1181.08        7.39753        3.55366      -0.111328E+008
  953.513        44872.3        3412.07       0.281047E-004  0.794820E-006   1185.05        7.39020        3.55014      -0.111126E+008
  970.526        44872.3        3410.43       0.282097E-004  0.797186E-006   1188.89        7.38284        3.54660      -0.110924E+008
  987.538        44872.3        3408.79       0.283143E-004  0.799570E-006   1192.61        7.37546        3.54305      -0.110722E+008
  1004.55        44872.3        3407.15       0.284184E-004  0.801972E-006   1196.21        7.36805        3.53950      -0.110519E+008
  1021.56        44872.3        3405.50       0.285223E-004  0.804391E-006   1199.70        7.36062        3.53593      -0.110315E+008
  1038.58        44872.3        3403.84       0.286259E-004  0.806829E-006   1203.09        7.35317        3.53235      -0.110110E+008
  1055.59        44872.3        3402.18       0.287293E-004  0.809285E-006   1206.37        7.34569        3.52876      -0.109905E+008
  1072.60        44872.3        3400.52       0.288325E-004  0.811759E-006   1209.56        7.33820        3.52516      -0.109700E+008
  1089.62        44872.3        3398.85       0.289356E-004  0.814251E-006   1212.65        7.33068        3.52155      -0.109494E+008
  1106.63        44872.3        3397.17       0.290388E-004  0.816762E-006   1215.65        7.32314        3.51792      -0.109287E+008
  1123.64        44872.3        3395.49       0.291419E-004  0.819292E-006   1218.57        7.31558        3.51429      -0.109080E+008
  1140.65        44872.3        3393.80       0.292450E-004  0.821840E-006   1221.40        7.30800        3.51065      -0.108873E+008
  1157.67        44872.3        3392.11       0.293482E-004  0.824408E-006   1224.16        7.30040        3.50700      -0.108665E+008
  1174.68        44872.3        3390.42       0.294516E-004  0.826995E-006   1226.83        7.29278        3.50334      -0.108456E+008
  1191.69        44872.3        3388.71       0.295551E-004  0.829601E-006   1229.43        7.28514        3.49967      -0.108247E+008
  1208.71        44872.3        3386.42       0.296459E-004  0.832155E-006   1232.16        7.27831        3.49639      -0.108086E+008
  1225.72        44872.3        3382.68       0.297056E-004  0.834562E-006   1235.30        7.27348        3.49407      -0.108043E+008
  1242.73        44872.3        3378.98       0.297663E-004  0.836999E-006   1238.37        7.26853        3.49169      -0.107997E+008
  1259.74        44872.3        3375.37       0.298292E-004  0.839473E-006   1241.35        7.26337        3.48921      -0.107943E+008
  1276.76        44872.3        3371.51       0.298870E-004  0.841947E-006   1244.36        7.25849        3.48687      -0.107910E+008
  1293.77        44872.3        3367.91       0.299509E-004  0.844479E-006   1247.23        7.25317        3.48431      -0.107854E+008
  1310.78        44872.3        3364.96       0.300294E-004  0.847110E-006   1249.82        7.24691        3.48130      -0.107745E+008
  1327.79        44872.3        3361.83       0.301043E-004  0.849747E-006   1252.41        7.24083        3.47838      -0.107650E+008
  1344.81        44872.3        3358.61       0.301777E-004  0.852402E-006   1254.98        7.23481        3.47549      -0.107562E+008
  1361.82        44872.3        3354.94       0.302417E-004  0.855037E-006   1257.66        7.22931        3.47285      -0.107511E+008
  1378.83        44872.3        3350.61       0.302917E-004  0.857635E-006   1260.53        7.22460        3.47059      -0.107515E+008
  1395.85        44872.3        3347.20       0.303624E-004  0.860358E-006   1263.02        7.21861        3.46771      -0.107442E+008
  1412.86        44872.3        3343.74       0.304325E-004  0.863105E-006   1265.48        7.21262        3.46483      -0.107373E+008
  1429.87        44872.3        3340.48       0.305077E-004  0.865903E-006   1267.82        7.20630        3.46179      -0.107286E+008
  1446.88        44872.3        3337.00       0.305786E-004  0.868709E-006   1270.19        7.20019        3.45886      -0.107218E+008
  1463.90        44872.3        3333.88       0.306580E-004  0.871579E-006   1272.39        7.19356        3.45567      -0.107119E+008
  1480.91        44872.3        3330.62       0.307351E-004  0.874468E-006   1274.59        7.18704        3.45254      -0.107031E+008
  1497.92        44872.3        3327.39       0.308135E-004  0.877390E-006   1276.73        7.18041        3.44936      -0.106941E+008
  1514.94        44872.3        3324.12       0.308917E-004  0.880340E-006   1278.85        7.17377        3.44617      -0.106854E+008
  1531.95        44872.3        3321.02       0.309743E-004  0.883336E-006   1280.86        7.16686        3.44285      -0.106752E+008
  1548.96        44872.3        3317.74       0.310536E-004  0.886349E-006   1282.89        7.16009        3.43960      -0.106665E+008
  1565.97        44872.3        3314.75       0.311403E-004  0.889418E-006   1284.77        7.15292        3.43615      -0.106552E+008
  1582.99        44872.3        3311.65       0.312253E-004  0.892511E-006   1286.65        7.14581        3.43274      -0.106448E+008
  1600.00        44872.3        3308.58       0.313118E-004  0.895640E-006   1288.47        7.13860        3.42927      -0.106342E+008
  273.000        46154.4        3210.56       0.176029E-004  0.915665E-006   768.022        7.13854        3.42924      -0.117204E+008
  290.013        46154.4        3209.68       0.183559E-004  0.916967E-006   806.347        7.13435        3.42723      -0.117057E+008
  307.026        46154.4        3208.74       0.190221E-004  0.918333E-006   839.999        7.13038        3.42533      -0.116909E+008
  324.038        46154.4        3207.73       0.196001E-004  0.919756E-006   870.097        7.12648        3.42345      -0.116759E+008
  341.051        46154.4        3206.65       0.200589E-004  0.921210E-006   897.592        7.12272        3.42164      -0.116608E+008
  358.064        46154.4        3205.54       0.204701E-004  0.922702E-006   922.894        7.11882        3.41977      -0.116453E+008
  375.077        46154.4        3204.42       0.208403E-004  0.924226E-006   946.275        7.11481        3.41785      -0.116294E+008
  392.090        46154.4        3203.27       0.211758E-004  0.925785E-006   967.954        7.11067        3.41585      -0.116131E+008
  409.103        46154.4        3202.11       0.214806E-004  0.927365E-006   988.123        7.10647        3.41384      -0.115965E+008
  426.115        46154.4        3200.93       0.217598E-004  0.928979E-006   1006.94        7.10214        3.41176      -0.115795E+008
  443.128        46154.4        3199.74       0.220159E-004  0.930610E-006   1024.53        7.09777        3.40966      -0.115622E+008
  460.141        46154.4        3198.53       0.222525E-004  0.932269E-006   1041.03        7.09330        3.40751      -0.115447E+008
  477.154        46154.4        3197.32       0.224718E-004  0.933949E-006   1056.53        7.08876        3.40533      -0.115268E+008
  494.167        46154.4        3196.09       0.226760E-004  0.935652E-006   1071.11        7.08416        3.40312      -0.115087E+008
  511.179        46154.4        3194.85       0.228669E-004  0.937374E-006   1084.85        7.07950        3.40088      -0.114903E+008
  528.192        46154.4        3193.60       0.230464E-004  0.939120E-006   1097.83        7.07476        3.39860      -0.114718E+008
  545.205        46154.4        3192.34       0.232149E-004  0.940876E-006   1110.09        7.07002        3.39633      -0.114530E+008
  562.218        46154.4        3191.07       0.233748E-004  0.942660E-006   1121.70        7.06517        3.39400      -0.114340E+008
  579.231        46154.4        3189.80       0.235260E-004  0.944451E-006   1132.71        7.06034        3.39168      -0.114148E+008
  596.244        46154.4        3188.52       0.236702E-004  0.946264E-006   1143.15        7.05543        3.38932      -0.113954E+008
  613.256        46154.4        3187.23       0.238078E-004  0.948093E-006   1153.07        7.05049        3.38695      -0.113759E+008
  630.269        46154.4        3185.77       0.240355E-004  0.949589E-006   1162.98        7.04511        3.38436      -0.113559E+008
  647.282        46154.4        3184.22       0.243001E-004  0.950950E-006   1172.68        7.03957        3.38170      -0.113356E+008
  664.295        46154.4        3182.65       0.245616E-004  0.952324E-006   1181.97        7.03406        3.37906      -0.113152E+008
  681.308        46154.4        3181.16       0.247685E-004  0.953895E-006   1190.61        7.02878        3.37651      -0.112947E+008
  698.321        46154.4        3163.47       0.260352E-004  0.944979E-006   1205.62        7.08219        3.40217      -0.112594E+008
  715.333        46154.4        3162.05       0.261538E-004  0.947432E-006   1213.01        7.07584        3.39912      -0.112387E+008
  732.346        46154.4        3160.63       0.262686E-004  0.949899E-006   1220.08        7.06946        3.39606      -0.112178E+008
  749.359        46154.4        3159.21       0.263819E-004  0.952398E-006   1226.85        7.06301        3.39296      -0.111968E+008
  766.372        46154.4        3157.78       0.264917E-004  0.954909E-006   1233.34        7.05655        3.38986      -0.111757E+008
  783.385        46154.4        3156.34       0.265996E-004  0.957444E-006   1239.56        7.05004        3.38673      -0.111544E+008
  800.397        46154.4        3168.35       0.267739E-004  0.948079E-006   1241.50        7.07383        3.39816      -0.111382E+008
  817.410        46154.4        3378.63       0.279268E-004  0.762083E-006   1187.56        7.58268        3.64260      -0.111929E+008
  834.423        46154.4        3426.76       0.271821E-004  0.773701E-006   1153.96        7.46080        3.58405      -0.112154E+008
  851.436        46154.4        3425.17       0.272916E-004  0.775913E-006   1158.84        7.45366        3.58062      -0.111957E+008
  868.449        46154.4        3423.58       0.274000E-004  0.778142E-006   1163.56        7.44649        3.57718      -0.111760E+008
  885.462        46154.4        3421.98       0.275073E-004  0.780388E-006   1168.11        7.43930        3.57372      -0.111562E+008
  902.474        46154.4        3420.38       0.276137E-004  0.782650E-006   1172.50        7.43208        3.57026      -0.111362E+008
  919.487        46154.4        3418.77       0.277193E-004  0.784930E-006   1176.74        7.42484        3.56678      -0.111163E+008
  936.500        46154.4        3417.15       0.278242E-004  0.787226E-006   1180.84        7.41757        3.56328      -0.110962E+008
  953.513        46154.4        3415.53       0.279284E-004  0.789540E-006   1184.80        7.41028        3.55978      -0.110761E+008
  970.526        46154.4        3413.91       0.280321E-004  0.791870E-006   1188.64        7.40296        3.55627      -0.110559E+008
  987.538        46154.4        3412.28       0.281353E-004  0.794218E-006   1192.36        7.39562        3.55274      -0.110356E+008
  1004.55        46154.4        3410.64       0.282382E-004  0.796584E-006   1195.95        7.38826        3.54920      -0.110153E+008
  1021.56        46154.4        3409.00       0.283407E-004  0.798967E-006   1199.44        7.38087        3.54566      -0.109950E+008
  1038.58        46154.4        3407.35       0.284429E-004  0.801367E-006   1202.82        7.37347        3.54210      -0.109745E+008
  1055.59        46154.4        3405.70       0.285449E-004  0.803786E-006   1206.10        7.36604        3.53853      -0.109540E+008
  1072.60        46154.4        3404.05       0.286468E-004  0.806222E-006   1209.28        7.35859        3.53495      -0.109335E+008
  1089.62        46154.4        3402.38       0.287486E-004  0.808676E-006   1212.37        7.35112        3.53136      -0.109129E+008
  1106.63        46154.4        3400.72       0.288503E-004  0.811148E-006   1215.37        7.34362        3.52776      -0.108922E+008
  1123.64        46154.4        3399.05       0.289520E-004  0.813638E-006   1218.28        7.33611        3.52415      -0.108715E+008
  1140.65        46154.4        3397.37       0.290538E-004  0.816147E-006   1221.11        7.32858        3.52053      -0.108508E+008
  1157.67        46154.4        3395.69       0.291556E-004  0.818674E-006   1223.86        7.32102        3.51690      -0.108300E+008
  1174.68        46154.4        3392.50       0.292247E-004  0.821025E-006   1227.02        7.31567        3.51434      -0.108214E+008
  1191.69        46154.4        3388.85       0.292839E-004  0.823342E-006   1230.27        7.31094        3.51206      -0.108166E+008
  1208.71        46154.4        3385.13       0.293417E-004  0.825675E-006   1233.47        7.30624        3.50981      -0.108123E+008
  1225.72        46154.4        3381.64       0.294048E-004  0.828062E-006   1236.54        7.30114        3.50735      -0.108061E+008
  1242.73        46154.4        3378.05       0.294658E-004  0.830462E-006   1239.59        7.29612        3.50494      -0.108007E+008
  1259.74        46154.4        3374.56       0.295293E-004  0.832901E-006   1242.54        7.29088        3.50243      -0.107945E+008
  1276.76        46154.4        3371.07       0.295933E-004  0.835367E-006   1245.43        7.28556        3.49987      -0.107881E+008
  1293.77        46154.4        3367.59       0.296575E-004  0.837859E-006   1248.26        7.28018        3.49728      -0.107817E+008
  1310.78        46154.4        3363.65       0.297123E-004  0.840326E-006   1251.20        7.27535        3.49497      -0.107791E+008
  1327.79        46154.4        3360.73       0.297898E-004  0.842938E-006   1253.72        7.26903        3.49193      -0.107679E+008
  1344.81        46154.4        3358.79       0.298895E-004  0.845688E-006   1255.85        7.26132        3.48823      -0.107485E+008
  1361.82        46154.4        3354.00       0.299264E-004  0.848141E-006   1258.93        7.25746        3.48637      -0.107530E+008
  1378.83        46154.4        3350.69       0.299967E-004  0.850791E-006   1261.44        7.25149        3.48350      -0.107449E+008
  1395.85        46154.4        3347.38       0.300674E-004  0.853468E-006   1263.90        7.24546        3.48060      -0.107369E+008
  1412.86        46154.4        3344.13       0.301400E-004  0.856180E-006   1266.28        7.23928        3.47764      -0.107283E+008
  1429.87        46154.4        3340.87       0.302131E-004  0.858920E-006   1268.62        7.23304        3.47464      -0.107198E+008
  1446.88        46154.4        3337.68       0.302880E-004  0.861696E-006   1270.90        7.22666        3.47157      -0.107107E+008
  1463.90        46154.4        3334.48       0.303634E-004  0.864500E-006   1273.12        7.22022        3.46848      -0.107016E+008
  1480.91        46154.4        3331.33       0.304408E-004  0.867340E-006   1275.28        7.21364        3.46532      -0.106919E+008
  1497.92        46154.4        3328.19       0.305186E-004  0.870209E-006   1277.40        7.20701        3.46213      -0.106823E+008
  1514.94        46154.4        3325.09       0.305984E-004  0.873113E-006   1279.44        7.20024        3.45888      -0.106722E+008
  1531.95        46154.4        3321.99       0.306788E-004  0.876048E-006   1281.45        7.19341        3.45560      -0.106621E+008
  1548.96        46154.4        3318.95       0.307610E-004  0.879018E-006   1283.39        7.18646        3.45226      -0.106514E+008
  1565.97        46154.4        3315.90       0.308439E-004  0.882019E-006   1285.30        7.17945        3.44889      -0.106408E+008
  1582.99        46154.4        3312.90       0.309287E-004  0.885056E-006   1287.13        7.17231        3.44547      -0.106297E+008
  1600.00        46154.4        3309.90       0.310142E-004  0.888124E-006   1288.93        7.16512        3.44201      -0.106186E+008
  273.000        47436.4        3214.32       0.175081E-004  0.910725E-006   767.582        7.15439        3.43686      -0.116807E+008
  290.013        47436.4        3213.44       0.182484E-004  0.912010E-006   805.887        7.15024        3.43487      -0.116661E+008
  307.026        47436.4        3212.52       0.189374E-004  0.913362E-006   839.629        7.14612        3.43288      -0.116511E+008
  324.038        47436.4        3211.51       0.194928E-004  0.914764E-006   869.725        7.14232        3.43106      -0.116362E+008
  341.051        47436.4        3210.43       0.199488E-004  0.916201E-006   897.240        7.13857        3.42926      -0.116212E+008
  358.064        47436.4        3209.33       0.203575E-004  0.917676E-006   922.562        7.13469        3.42739      -0.116057E+008
  375.077        47436.4        3208.21       0.207253E-004  0.919178E-006   945.959        7.13071        3.42548      -0.115898E+008
  392.090        47436.4        3207.07       0.210586E-004  0.920717E-006   967.654        7.12659        3.42350      -0.115735E+008
  409.103        47436.4        3205.91       0.213618E-004  0.922282E-006   987.835        7.12238        3.42148      -0.115568E+008
  426.115        47436.4        3204.74       0.216388E-004  0.923870E-006   1006.66        7.11811        3.41943      -0.115399E+008
  443.128        47436.4        3203.55       0.218932E-004  0.925482E-006   1024.27        7.11375        3.41733      -0.115226E+008
  460.141        47436.4        3202.35       0.221280E-004  0.927118E-006   1040.78        7.10931        3.41520      -0.115050E+008
  477.154        47436.4        3201.14       0.223458E-004  0.928776E-006   1056.28        7.10480        3.41304      -0.114872E+008
  494.167        47436.4        3199.91       0.225486E-004  0.930458E-006   1070.87        7.10021        3.41083      -0.114691E+008
  511.179        47436.4        3198.68       0.227383E-004  0.932163E-006   1084.62        7.09555        3.40859      -0.114507E+008
  528.192        47436.4        3197.44       0.229160E-004  0.933880E-006   1097.60        7.09087        3.40635      -0.114321E+008
  545.205        47436.4        3196.18       0.230836E-004  0.935619E-006   1109.87        7.08612        3.40406      -0.114133E+008
  562.218        47436.4        3194.92       0.232419E-004  0.937374E-006   1121.49        7.08133        3.40176      -0.113943E+008
  579.231        47436.4        3193.65       0.233918E-004  0.939141E-006   1132.49        7.07653        3.39945      -0.113752E+008
  596.244        47436.4        3192.38       0.235348E-004  0.940931E-006   1142.94        7.07165        3.39711      -0.113558E+008
  613.256        47436.4        3191.09       0.236713E-004  0.942736E-006   1152.86        7.06673        3.39475      -0.113363E+008
  630.269        47436.4        3189.71       0.238592E-004  0.944352E-006   1162.58        7.06152        3.39225      -0.113164E+008
  647.282        47436.4        3188.16       0.241224E-004  0.945691E-006   1172.27        7.05599        3.38959      -0.112961E+008
  664.295        47436.4        3186.61       0.243791E-004  0.947066E-006   1181.55        7.05047        3.38694      -0.112757E+008
  681.308        47436.4        3185.04       0.246264E-004  0.948471E-006   1190.41        7.04503        3.38432      -0.112551E+008
  698.321        47436.4        3167.29       0.258461E-004  0.937723E-006   1205.38        7.10412        3.41271      -0.112197E+008
  715.333        47436.4        3165.88       0.259632E-004  0.940131E-006   1212.78        7.09782        3.40968      -0.111989E+008
  732.346        47436.4        3164.47       0.260766E-004  0.942555E-006   1219.85        7.09150        3.40665      -0.111780E+008
  749.359        47436.4        3163.05       0.261878E-004  0.945004E-006   1226.62        7.08512        3.40358      -0.111570E+008
  766.372        47436.4        3161.63       0.262966E-004  0.947474E-006   1233.10        7.07870        3.40050      -0.111359E+008
  783.385        47436.4        3160.21       0.264027E-004  0.949960E-006   1239.32        7.07226        3.39740      -0.111147E+008
  800.397        47436.4        3383.52       0.276331E-004  0.754677E-006   1181.89        7.61143        3.65641      -0.111760E+008
  817.410        47436.4        3381.92       0.277532E-004  0.756916E-006   1187.31        7.60394        3.65281      -0.111558E+008
  834.423        47436.4        3380.32       0.278717E-004  0.759174E-006   1192.53        7.59641        3.64920      -0.111355E+008
  851.436        47436.4        3428.57       0.271255E-004  0.770915E-006   1158.62        7.47336        3.59009      -0.111592E+008
  868.449        47436.4        3426.99       0.272327E-004  0.773111E-006   1163.33        7.46624        3.58666      -0.111395E+008
  885.462        47436.4        3425.40       0.273387E-004  0.775324E-006   1167.87        7.45909        3.58323      -0.111196E+008
  902.474        47436.4        3423.80       0.274439E-004  0.777554E-006   1172.26        7.45191        3.57978      -0.110997E+008
  919.487        47436.4        3422.20       0.275482E-004  0.779800E-006   1176.50        7.44471        3.57632      -0.110797E+008
  936.500        47436.4        3420.59       0.276518E-004  0.782062E-006   1180.60        7.43748        3.57285      -0.110597E+008
  953.513        47436.4        3418.98       0.277547E-004  0.784342E-006   1184.56        7.43023        3.56937      -0.110396E+008
  970.526        47436.4        3417.36       0.278571E-004  0.786638E-006   1188.39        7.42296        3.56587      -0.110194E+008
  987.538        47436.4        3415.74       0.279591E-004  0.788951E-006   1192.10        7.41566        3.56237      -0.109991E+008
  1004.55        47436.4        3414.11       0.280606E-004  0.791281E-006   1195.70        7.40834        3.55885      -0.109788E+008
  1021.56        47436.4        3412.48       0.281618E-004  0.793628E-006   1199.18        7.40100        3.55533      -0.109584E+008
  1038.58        47436.4        3410.84       0.282627E-004  0.795992E-006   1202.56        7.39364        3.55179      -0.109380E+008
  1055.59        47436.4        3409.20       0.283634E-004  0.798374E-006   1205.83        7.38625        3.54824      -0.109175E+008
  1072.60        47436.4        3407.55       0.284640E-004  0.800773E-006   1209.01        7.37885        3.54468      -0.108970E+008
  1089.62        47436.4        3405.90       0.285644E-004  0.803189E-006   1212.09        7.37142        3.54112      -0.108764E+008
  1106.63        47436.4        3404.24       0.286648E-004  0.805623E-006   1215.09        7.36397        3.53754      -0.108557E+008
  1123.64        47436.4        3401.67       0.287453E-004  0.807949E-006   1218.28        7.35791        3.53463      -0.108424E+008
  1140.65        47436.4        3398.11       0.288043E-004  0.810158E-006   1221.72        7.35334        3.53243      -0.108371E+008
  1157.67        47436.4        3394.57       0.288637E-004  0.812394E-006   1225.08        7.34866        3.53018      -0.108316E+008
  1174.68        47436.4        3391.06       0.289237E-004  0.814657E-006   1228.36        7.34388        3.52789      -0.108258E+008
  1191.69        47436.4        3388.03       0.289947E-004  0.817010E-006   1231.42        7.33829        3.52520      -0.108160E+008
  1208.71        47436.4        3384.52       0.290552E-004  0.819322E-006   1234.56        7.33337        3.52283      -0.108101E+008
  1225.72        47436.4        3380.15       0.290968E-004  0.821544E-006   1237.94        7.32967        3.52106      -0.108113E+008
  1242.73        47436.4        3377.41       0.291746E-004  0.824007E-006   1240.70        7.32346        3.51808      -0.107990E+008
  1259.74        47436.4        3374.37       0.292461E-004  0.826454E-006   1243.50        7.31764        3.51528      -0.107891E+008
  1276.76        47436.4        3370.54       0.293005E-004  0.828826E-006   1246.52        7.31291        3.51301      -0.107857E+008
  1293.77        47436.4        3367.87       0.293807E-004  0.831369E-006   1249.08        7.30644        3.50990      -0.107727E+008
  1310.78        47436.4        3365.27       0.294631E-004  0.833946E-006   1251.55        7.29980        3.50671      -0.107590E+008
  1327.79        47436.4        3361.30       0.295153E-004  0.836378E-006   1254.45        7.29508        3.50444      -0.107567E+008
  1344.81        47436.4        3359.23       0.296101E-004  0.839068E-006   1256.62        7.28758        3.50084      -0.107385E+008
  1361.82        47436.4        3354.46       0.296454E-004  0.841459E-006   1259.70        7.28383        3.49904      -0.107428E+008
  1378.83        47436.4        3350.87       0.297072E-004  0.844021E-006   1262.31        7.27835        3.49641      -0.107373E+008
  1395.85        47436.4        3347.68       0.297785E-004  0.846657E-006   1264.73        7.27224        3.49347      -0.107284E+008
  1412.86        47436.4        3344.43       0.298490E-004  0.849314E-006   1267.12        7.26615        3.49055      -0.107199E+008
  1429.87        47436.4        3341.38       0.299244E-004  0.852021E-006   1269.39        7.25972        3.48746      -0.107098E+008
  1446.88        47436.4        3338.11       0.299954E-004  0.854731E-006   1271.69        7.25353        3.48448      -0.107014E+008
  1463.90        47436.4        3335.17       0.300747E-004  0.857507E-006   1273.82        7.24682        3.48126      -0.106901E+008
  1480.91        47436.4        3332.11       0.301516E-004  0.860297E-006   1275.95        7.24023        3.47809      -0.106799E+008
  1497.92        47436.4        3329.06       0.302295E-004  0.863118E-006   1278.02        7.23355        3.47488      -0.106695E+008
  1514.94        47436.4        3325.98       0.303071E-004  0.865963E-006   1280.07        7.22686        3.47167      -0.106595E+008
  1531.95        47436.4        3323.05       0.303890E-004  0.868854E-006   1282.01        7.21991        3.46833      -0.106480E+008
  1548.96        47436.4        3319.95       0.304676E-004  0.871757E-006   1283.98        7.21312        3.46507      -0.106380E+008
  1565.97        47436.4        3317.12       0.305531E-004  0.874718E-006   1285.79        7.20592        3.46161      -0.106256E+008
  1582.99        47436.4        3314.19       0.306371E-004  0.877698E-006   1287.61        7.19880        3.45819      -0.106140E+008
  1600.00        47436.4        3311.28       0.307222E-004  0.880710E-006   1289.37        7.19159        3.45473      -0.106023E+008
  273.000        48718.5        3218.07       0.174144E-004  0.905846E-006   767.145        7.17016        3.44443      -0.116410E+008
  290.013        48718.5        3217.19       0.181543E-004  0.907115E-006   805.495        7.16597        3.44242      -0.116264E+008
  307.026        48718.5        3216.27       0.188249E-004  0.908449E-006   839.223        7.16192        3.44047      -0.116115E+008
  324.038        48718.5        3215.27       0.193868E-004  0.909835E-006   869.354        7.15808        3.43863      -0.115965E+008
  341.051        48718.5        3214.19       0.198400E-004  0.911253E-006   896.892        7.15435        3.43684      -0.115815E+008
  358.064        48718.5        3213.10       0.202461E-004  0.912707E-006   922.233        7.15050        3.43499      -0.115660E+008
  375.077        48718.5        3211.98       0.206117E-004  0.914193E-006   945.646        7.14653        3.43308      -0.115501E+008
  392.090        48718.5        3210.84       0.209429E-004  0.915713E-006   967.356        7.14243        3.43111      -0.115339E+008
  409.103        48718.5        3209.69       0.212438E-004  0.917252E-006   987.552        7.13827        3.42912      -0.115172E+008
  426.115        48718.5        3208.52       0.215192E-004  0.918825E-006   1006.39        7.13399        3.42706      -0.115003E+008
  443.128        48718.5        3207.34       0.217718E-004  0.920415E-006   1024.01        7.12967        3.42498      -0.114830E+008
  460.141        48718.5        3206.15       0.220052E-004  0.922031E-006   1040.52        7.12524        3.42286      -0.114654E+008
  477.154        48718.5        3204.94       0.222213E-004  0.923669E-006   1056.04        7.12075        3.42070      -0.114476E+008
  494.167        48718.5        3203.72       0.224226E-004  0.925328E-006   1070.63        7.11620        3.41851      -0.114295E+008
  511.179        48718.5        3202.49       0.226107E-004  0.927006E-006   1084.39        7.11159        3.41630      -0.114111E+008
  528.192        48718.5        3201.26       0.227874E-004  0.928707E-006   1097.38        7.10690        3.41404      -0.113925E+008
  545.205        48718.5        3200.01       0.229534E-004  0.930418E-006   1109.65        7.10220        3.41179      -0.113738E+008
  562.218        48718.5        3198.75       0.231107E-004  0.932154E-006   1121.27        7.09742        3.40949      -0.113548E+008
  579.231        48718.5        3197.49       0.232595E-004  0.933900E-006   1132.28        7.09263        3.40719      -0.113356E+008
  596.244        48718.5        3196.22       0.234013E-004  0.935667E-006   1142.73        7.08777        3.40485      -0.113162E+008
  613.256        48718.5        3194.94       0.235366E-004  0.937448E-006   1152.65        7.08288        3.40251      -0.112967E+008
  630.269        48718.5        3193.63       0.236850E-004  0.939179E-006   1162.19        7.07787        3.40010      -0.112769E+008
  647.282        48718.5        3192.09       0.239434E-004  0.940519E-006   1171.85        7.07232        3.39743      -0.112567E+008
  664.295        48718.5        3190.54       0.242000E-004  0.941865E-006   1181.13        7.06681        3.39479      -0.112362E+008
  681.308        48718.5        3188.97       0.244520E-004  0.943235E-006   1190.02        7.06132        3.39215      -0.112157E+008
  698.321        48718.5        3187.57       0.245991E-004  0.944967E-006   1197.99        7.05627        3.38972      -0.111952E+008
  715.333        48718.5        3169.68       0.257758E-004  0.932956E-006   1212.55        7.11967        3.42018      -0.111592E+008
  732.346        48718.5        3168.28       0.258880E-004  0.935339E-006   1219.62        7.11339        3.41716      -0.111383E+008
  749.359        48718.5        3166.87       0.259975E-004  0.937743E-006   1226.38        7.10707        3.41413      -0.111173E+008
  766.372        48718.5        3165.46       0.261047E-004  0.940167E-006   1232.87        7.10071        3.41107      -0.110962E+008
  783.385        48718.5        3298.61       0.268986E-004  0.825611E-006   1200.19        7.40999        3.55964      -0.111269E+008
  800.397        48718.5        3386.78       0.274634E-004  0.749624E-006   1181.64        7.63252        3.66655      -0.111390E+008
  817.410        48718.5        3385.19       0.275821E-004  0.751830E-006   1187.06        7.62508        3.66297      -0.111188E+008
  834.423        48718.5        3383.60       0.276993E-004  0.754052E-006   1192.28        7.61760        3.65938      -0.110984E+008
  851.436        48718.5        3423.15       0.271097E-004  0.764262E-006   1165.14        7.51349        3.60936      -0.111149E+008
  868.449        48718.5        3430.37       0.270677E-004  0.768157E-006   1163.10        7.48587        3.59610      -0.111029E+008
  885.462        48718.5        3428.79       0.271726E-004  0.770338E-006   1167.65        7.47876        3.59268      -0.110831E+008
  902.474        48718.5        3427.20       0.272765E-004  0.772535E-006   1172.03        7.47162        3.58925      -0.110632E+008
  919.487        48718.5        3425.61       0.273796E-004  0.774748E-006   1176.27        7.46446        3.58581      -0.110432E+008
  936.500        48718.5        3424.01       0.274819E-004  0.776978E-006   1180.36        7.45728        3.58236      -0.110232E+008
  953.513        48718.5        3422.41       0.275836E-004  0.779223E-006   1184.32        7.45007        3.57890      -0.110031E+008
  970.526        48718.5        3420.80       0.276848E-004  0.781486E-006   1188.15        7.44284        3.57542      -0.109829E+008
  987.538        48718.5        3419.19       0.277854E-004  0.783765E-006   1191.85        7.43558        3.57194      -0.109626E+008
  1004.55        48718.5        3417.57       0.278857E-004  0.786060E-006   1195.44        7.42831        3.56844      -0.109423E+008
  1021.56        48718.5        3415.94       0.279856E-004  0.788372E-006   1198.92        7.42101        3.56494      -0.109220E+008
  1038.58        48718.5        3414.31       0.280853E-004  0.790701E-006   1202.30        7.41369        3.56142      -0.109015E+008
  1055.59        48718.5        3412.68       0.281847E-004  0.793047E-006   1205.57        7.40635        3.55790      -0.108811E+008
  1072.60        48718.5        3410.08       0.282631E-004  0.795268E-006   1209.04        7.40054        3.55510      -0.108683E+008
  1089.62        48718.5        3406.64       0.283230E-004  0.797383E-006   1212.68        7.39604        3.55294      -0.108622E+008
  1106.63        48718.5        3402.75       0.283728E-004  0.799455E-006   1216.39        7.39221        3.55110      -0.108598E+008
  1123.64        48718.5        3399.81       0.284434E-004  0.801687E-006   1219.72        7.38679        3.54850      -0.108497E+008
  1140.65        48718.5        3396.21       0.284996E-004  0.803847E-006   1223.19        7.38235        3.54637      -0.108448E+008
  1157.67        48718.5        3393.03       0.285651E-004  0.806091E-006   1226.44        7.37717        3.54388      -0.108364E+008
  1174.68        48718.5        3389.98       0.286336E-004  0.808375E-006   1229.58        7.37173        3.54127      -0.108269E+008
  1191.69        48718.5        3386.33       0.286888E-004  0.810597E-006   1232.86        7.36718        3.53908      -0.108224E+008
  1208.71        48718.5        3382.51       0.287405E-004  0.812820E-006   1236.12        7.36282        3.53698      -0.108192E+008
  1225.72        48718.5        3379.71       0.288148E-004  0.815208E-006   1238.98        7.35681        3.53410      -0.108075E+008
  1242.73        48718.5        3377.14       0.288946E-004  0.817650E-006   1241.69        7.35039        3.53102      -0.107939E+008
  1259.74        48718.5        3373.17       0.289436E-004  0.819926E-006   1244.82        7.34605        3.52893      -0.107918E+008
  1276.76        48718.5        3369.95       0.290094E-004  0.822327E-006   1247.63        7.34051        3.52627      -0.107836E+008
  1293.77        48718.5        3366.73       0.290754E-004  0.824752E-006   1250.39        7.33491        3.52358      -0.107753E+008
  1310.78        48718.5        3365.19       0.291793E-004  0.827423E-006   1252.50        7.32675        3.51966      -0.107529E+008
  1327.79        48718.5        3360.37       0.292105E-004  0.829690E-006   1255.70        7.32339        3.51804      -0.107578E+008
  1344.81        48718.5        3357.34       0.292820E-004  0.832217E-006   1258.22        7.31731        3.51512      -0.107477E+008
  1361.82        48718.5        3354.10       0.293491E-004  0.834741E-006   1260.76        7.31148        3.51232      -0.107394E+008
  1378.83        48718.5        3351.01       0.294202E-004  0.837310E-006   1263.20        7.30537        3.50939      -0.107298E+008
  1395.85        48718.5        3347.92       0.294916E-004  0.839906E-006   1265.58        7.29921        3.50643      -0.107201E+008
  1412.86        48718.5        3344.87       0.295645E-004  0.842533E-006   1267.90        7.29291        3.50340      -0.107100E+008
  1429.87        48718.5        3341.82       0.296379E-004  0.845187E-006   1270.17        7.28656        3.50035      -0.106999E+008
  1446.88        48718.5        3338.82       0.297129E-004  0.847873E-006   1272.37        7.28009        3.49724      -0.106894E+008
  1463.90        48718.5        3335.82       0.297884E-004  0.850585E-006   1274.53        7.27356        3.49411      -0.106789E+008
  1480.91        48718.5        3332.86       0.298654E-004  0.853330E-006   1276.62        7.26691        3.49091      -0.106679E+008
  1497.92        48718.5        3329.89       0.299430E-004  0.856103E-006   1278.67        7.26021        3.48769      -0.106569E+008
  1514.94        48718.5        3326.98       0.300222E-004  0.858908E-006   1280.65        7.25338        3.48441      -0.106455E+008
  1531.95        48718.5        3324.05       0.301020E-004  0.861742E-006   1282.59        7.24651        3.48111      -0.106341E+008
  1548.96        48718.5        3321.17       0.301834E-004  0.864608E-006   1284.47        7.23952        3.47775      -0.106223E+008
  1565.97        48718.5        3318.29       0.302654E-004  0.867503E-006   1286.31        7.23248        3.47437      -0.106105E+008
  1582.99        48718.5        3315.45       0.303491E-004  0.870432E-006   1288.09        7.22532        3.47093      -0.105983E+008
  1600.00        48718.5        3312.60       0.304333E-004  0.873389E-006   1289.82        7.21812        3.46747      -0.105860E+008
  273.000        50000.5        3221.80       0.173219E-004  0.901026E-006   766.711        7.18585        3.45197      -0.116014E+008
  290.013        50000.5        3220.88       0.180148E-004  0.902279E-006   804.863        7.18203        3.45013      -0.115872E+008
  307.026        50000.5        3220.01       0.187273E-004  0.903598E-006   838.838        7.17756        3.44799      -0.115718E+008
  324.038        50000.5        3219.01       0.192821E-004  0.904966E-006   868.987        7.17375        3.44616      -0.115569E+008
  341.051        50000.5        3217.94       0.197327E-004  0.906367E-006   896.545        7.17004        3.44438      -0.115419E+008
  358.064        50000.5        3216.85       0.201362E-004  0.907803E-006   921.904        7.16621        3.44254      -0.115264E+008
  375.077        50000.5        3215.74       0.204996E-004  0.909269E-006   945.335        7.16226        3.44064      -0.115106E+008
  392.090        50000.5        3214.61       0.208285E-004  0.910768E-006   967.060        7.15820        3.43869      -0.114943E+008
  409.103        50000.5        3213.46       0.211279E-004  0.912296E-006   987.269        7.15402        3.43668      -0.114776E+008
  426.115        50000.5        3212.29       0.214012E-004  0.913843E-006   1006.12        7.14979        3.43465      -0.114607E+008
  443.128        50000.5        3211.12       0.216522E-004  0.915413E-006   1023.75        7.14549        3.43258      -0.114434E+008
  460.141        50000.5        3209.93       0.218839E-004  0.917009E-006   1040.27        7.14109        3.43047      -0.114258E+008
  477.154        50000.5        3208.73       0.220985E-004  0.918626E-006   1055.79        7.13662        3.42832      -0.114080E+008
  494.167        50000.5        3207.51       0.222987E-004  0.920269E-006   1070.40        7.13206        3.42613      -0.113899E+008
  511.179        50000.5        3206.29       0.224854E-004  0.921926E-006   1084.16        7.12747        3.42393      -0.113716E+008
  528.192        50000.5        3205.06       0.226604E-004  0.923599E-006   1097.15        7.12284        3.42170      -0.113530E+008
  545.205        50000.5        3203.82       0.228255E-004  0.925295E-006   1109.44        7.11813        3.41944      -0.113342E+008
  562.218        50000.5        3202.57       0.229811E-004  0.927000E-006   1121.06        7.11342        3.41718      -0.113152E+008
  579.231        50000.5        3201.31       0.231288E-004  0.928726E-006   1132.07        7.10864        3.41488      -0.112961E+008
  596.244        50000.5        3200.05       0.232695E-004  0.930469E-006   1142.53        7.10381        3.41256      -0.112767E+008
  613.256        50000.5        3198.77       0.234037E-004  0.932228E-006   1152.45        7.09895        3.41022      -0.112572E+008
  630.269        50000.5        3197.50       0.235321E-004  0.934002E-006   1161.89        7.09405        3.40787      -0.112375E+008
  647.282        50000.5        3196.01       0.237668E-004  0.935406E-006   1171.44        7.08859        3.40525      -0.112173E+008
  664.295        50000.5        3194.46       0.240219E-004  0.936738E-006   1180.71        7.08306        3.40259      -0.111969E+008
  681.308        50000.5        3192.90       0.242683E-004  0.938102E-006   1189.57        7.07760        3.39997      -0.111763E+008
  698.321        50000.5        3191.43       0.244597E-004  0.939658E-006   1197.79        7.07237        3.39745      -0.111557E+008
  715.333        50000.5        3173.46       0.255913E-004  0.925902E-006   1212.32        7.14138        3.43061      -0.111195E+008
  732.346        50000.5        3172.07       0.257022E-004  0.928244E-006   1219.39        7.13515        3.42762      -0.110986E+008
  749.359        50000.5        3170.67       0.258101E-004  0.930603E-006   1226.15        7.12890        3.42461      -0.110776E+008
  766.372        50000.5        3210.67       0.261333E-004  0.897425E-006   1220.35        7.21713        3.46700      -0.110733E+008
  783.385        50000.5        3391.60       0.271771E-004  0.742494E-006   1175.76        7.66085        3.68016      -0.111221E+008
  800.397        50000.5        3390.03       0.272962E-004  0.744649E-006   1181.40        7.65349        3.67662      -0.111020E+008
  817.410        50000.5        3388.44       0.274134E-004  0.746819E-006   1186.82        7.64610        3.67307      -0.110818E+008
  834.423        50000.5        3386.86       0.275293E-004  0.749010E-006   1192.03        7.63867        3.66950      -0.110615E+008
  851.436        50000.5        3385.27       0.276438E-004  0.751217E-006   1197.05        7.63121        3.66592      -0.110411E+008
  868.449        50000.5        3433.74       0.269052E-004  0.763276E-006   1162.88        7.50539        3.60547      -0.110665E+008
  885.462        50000.5        3432.17       0.270088E-004  0.765426E-006   1167.42        7.49832        3.60207      -0.110466E+008
  902.474        50000.5        3430.59       0.271115E-004  0.767591E-006   1171.80        7.49122        3.59867      -0.110267E+008
  919.487        50000.5        3429.00       0.272134E-004  0.769773E-006   1176.03        7.48410        3.59525      -0.110068E+008
  936.500        50000.5        3427.41       0.273145E-004  0.771970E-006   1180.12        7.47696        3.59181      -0.109867E+008
  953.513        50000.5        3425.82       0.274150E-004  0.774183E-006   1184.08        7.46979        3.58837      -0.109666E+008
  970.526        50000.5        3424.22       0.275149E-004  0.776413E-006   1187.90        7.46260        3.58492      -0.109464E+008
  987.538        50000.5        3422.61       0.276143E-004  0.778658E-006   1191.61        7.45539        3.58145      -0.109262E+008
  1004.55        50000.5        3420.84       0.277098E-004  0.780894E-006   1195.24        7.44843        3.57811      -0.109072E+008
  1021.56        50000.5        3417.57       0.277726E-004  0.782912E-006   1199.22        7.44397        3.57597      -0.109001E+008
  1038.58        50000.5        3414.30       0.278350E-004  0.784951E-006   1203.10        7.43944        3.57379      -0.108930E+008
  1055.59        50000.5        3411.03       0.278971E-004  0.787010E-006   1206.88        7.43486        3.57159      -0.108858E+008
  1072.60        50000.5        3407.76       0.279592E-004  0.789091E-006   1210.58        7.43020        3.56935      -0.108785E+008
  1089.62        50000.5        3404.60       0.280232E-004  0.791208E-006   1214.15        7.42532        3.56701      -0.108704E+008
  1106.63        50000.5        3401.51       0.280888E-004  0.793358E-006   1217.62        7.42025        3.56457      -0.108616E+008
  1123.64        50000.5        3397.65       0.281377E-004  0.795413E-006   1221.26        7.41637        3.56271      -0.108589E+008
  1140.65        50000.5        3394.05       0.281920E-004  0.797530E-006   1224.74        7.41201        3.56062      -0.108542E+008
  1157.67        50000.5        3391.44       0.282681E-004  0.799816E-006   1227.83        7.40598        3.55772      -0.108414E+008
  1174.68        50000.5        3388.41       0.283352E-004  0.802061E-006   1230.97        7.40057        3.55512      -0.108318E+008
  1191.69        50000.5        3387.05       0.284392E-004  0.804572E-006   1233.49        7.39245        3.55122      -0.108086E+008
  1208.71        50000.5        3383.53       0.284957E-004  0.806789E-006   1236.66        7.38771        3.54894      -0.108030E+008
  1225.72        50000.5        3379.61       0.285434E-004  0.808971E-006   1239.90        7.38355        3.54694      -0.108007E+008
  1242.73        50000.5        3376.77       0.286152E-004  0.811331E-006   1242.71        7.37762        3.54410      -0.107895E+008
  1259.74        50000.5        3372.62       0.286583E-004  0.813530E-006   1245.91        7.37366        3.54219      -0.107889E+008
  1276.76        50000.5        3369.73       0.287295E-004  0.815930E-006   1248.61        7.36769        3.53932      -0.107780E+008
  1293.77        50000.5        3367.04       0.288055E-004  0.818382E-006   1251.19        7.36135        3.53628      -0.107654E+008
  1310.78        50000.5        3365.54       0.289085E-004  0.821019E-006   1253.28        7.35315        3.53234      -0.107428E+008
  1327.79        50000.5        3360.93       0.289423E-004  0.823254E-006   1256.42        7.34962        3.53064      -0.107461E+008
  1344.81        50000.5        3357.70       0.290073E-004  0.825703E-006   1259.01        7.34393        3.52791      -0.107378E+008
  1361.82        50000.5        3354.65       0.290767E-004  0.828200E-006   1261.49        7.33791        3.52502      -0.107280E+008
  1378.83        50000.5        3351.66       0.291481E-004  0.830732E-006   1263.89        7.33173        3.52205      -0.107176E+008
  1395.85        50000.5        3348.28       0.292108E-004  0.833237E-006   1266.39        7.32608        3.51934      -0.107105E+008
  1412.86        50000.5        3345.24       0.292818E-004  0.835813E-006   1268.70        7.31986        3.51635      -0.107005E+008
  1429.87        50000.5        3342.38       0.293575E-004  0.838437E-006   1270.91        7.31332        3.51321      -0.106889E+008
  1446.88        50000.5        3339.31       0.294289E-004  0.841062E-006   1273.13        7.30702        3.51018      -0.106790E+008
  1463.90        50000.5        3336.56       0.295079E-004  0.843751E-006   1275.20        7.30022        3.50691      -0.106664E+008
  1480.91        50000.5        3333.54       0.295815E-004  0.846434E-006   1277.31        7.29374        3.50380      -0.106561E+008
  1497.92        50000.5        3330.81       0.296623E-004  0.849179E-006   1279.27        7.28679        3.50046      -0.106432E+008
  1514.94        50000.5        3327.90       0.297395E-004  0.851929E-006   1281.26        7.28004        3.49722      -0.106319E+008
  1531.95        50000.5        3325.14       0.298207E-004  0.854724E-006   1283.14        7.27303        3.49385      -0.106192E+008
  1548.96        50000.5        3322.21       0.298988E-004  0.857527E-006   1285.03        7.26620        3.49057      -0.106080E+008
  1565.97        50000.5        3319.54       0.299833E-004  0.860387E-006   1286.79        7.25896        3.48709      -0.105945E+008
  1582.99        50000.5        3316.65       0.300636E-004  0.863251E-006   1288.59        7.25195        3.48373      -0.105828E+008
  1600.00        50000.5        3314.00       0.301501E-004  0.866170E-006   1290.24        7.24458        3.48018      -0.105690E+008
  273.000        51282.5        3238.26       0.149927E-004  0.945069E-006   762.404        7.11541        3.41813      -0.115653E+008
  290.013        51282.5        3224.60       0.179204E-004  0.897503E-006   804.460        7.19762        3.45763      -0.115477E+008
  307.026        51282.5        3223.74       0.186329E-004  0.898806E-006   838.458        7.19311        3.45546      -0.115322E+008
  324.038        51282.5        3222.74       0.191787E-004  0.900156E-006   868.622        7.18934        3.45365      -0.115174E+008
  341.051        51282.5        3221.67       0.196266E-004  0.901540E-006   896.201        7.18566        3.45188      -0.115024E+008
  358.064        51282.5        3220.58       0.200277E-004  0.902958E-006   921.579        7.18184        3.45004      -0.114869E+008
  375.077        51282.5        3219.48       0.203888E-004  0.904406E-006   945.026        7.17791        3.44816      -0.114710E+008
  392.090        51282.5        3218.35       0.207159E-004  0.905889E-006   966.766        7.17385        3.44621      -0.114547E+008
  409.103        51282.5        3217.21       0.210129E-004  0.907390E-006   986.990        7.16975        3.44423      -0.114381E+008
  426.115        51282.5        3216.05       0.212847E-004  0.908923E-006   1005.85        7.16551        3.44220      -0.114212E+008
  443.128        51282.5        3214.88       0.215340E-004  0.910473E-006   1023.49        7.16122        3.44014      -0.114039E+008
  460.141        51282.5        3213.69       0.217641E-004  0.912049E-006   1040.03        7.15685        3.43804      -0.113863E+008
  477.154        51282.5        3212.50       0.219773E-004  0.913646E-006   1055.55        7.15241        3.43590      -0.113685E+008
  494.167        51282.5        3211.29       0.221757E-004  0.915263E-006   1070.17        7.14790        3.43374      -0.113504E+008
  511.179        51282.5        3210.07       0.223610E-004  0.916898E-006   1083.94        7.14333        3.43155      -0.113321E+008
  528.192        51282.5        3208.85       0.225351E-004  0.918556E-006   1096.93        7.13869        3.42932      -0.113135E+008
  545.205        51282.5        3207.61       0.226986E-004  0.920224E-006   1109.22        7.13405        3.42708      -0.112947E+008
  562.218        51282.5        3206.37       0.228535E-004  0.921917E-006   1120.85        7.12931        3.42481      -0.112757E+008
  579.231        51282.5        3205.11       0.229999E-004  0.923617E-006   1131.87        7.12457        3.42253      -0.112566E+008
  596.244        51282.5        3203.86       0.231394E-004  0.925338E-006   1142.32        7.11977        3.42022      -0.112372E+008
  613.256        51282.5        3202.59       0.232724E-004  0.927074E-006   1152.25        7.11493        3.41790      -0.112177E+008
  630.269        51282.5        3201.32       0.233998E-004  0.928826E-006   1161.69        7.11005        3.41556      -0.111980E+008
  647.282        51282.5        3199.90       0.235954E-004  0.930341E-006   1171.05        7.10479        3.41303      -0.111779E+008
  664.295        51282.5        3198.37       0.238461E-004  0.931670E-006   1180.30        7.09925        3.41037      -0.111575E+008
  681.308        51282.5        3196.81       0.240917E-004  0.933016E-006   1189.16        7.09377        3.40774      -0.111369E+008
  698.321        51282.5        3195.26       0.243222E-004  0.934417E-006   1197.59        7.08838        3.40515      -0.111163E+008
  715.333        51282.5        3193.94       0.244296E-004  0.936232E-006   1205.02        7.08349        3.40280      -0.110958E+008
  732.346        51282.5        3175.83       0.255194E-004  0.921268E-006   1219.16        7.15678        3.43801      -0.110590E+008
  749.359        51282.5        3174.44       0.256260E-004  0.923586E-006   1225.93        7.15057        3.43502      -0.110380E+008
  766.372        51282.5        3396.38       0.268939E-004  0.735520E-006   1169.65        7.68894        3.69365      -0.111051E+008
  783.385        51282.5        3394.82       0.270136E-004  0.737626E-006   1175.52        7.68165        3.69015      -0.110851E+008
  800.397        51282.5        3393.25       0.271313E-004  0.739748E-006   1181.16        7.67434        3.68663      -0.110650E+008
  817.410        51282.5        3391.68       0.272474E-004  0.741889E-006   1186.58        7.66699        3.68310      -0.110448E+008
  834.423        51282.5        3390.10       0.273619E-004  0.744045E-006   1191.79        7.65961        3.67956      -0.110245E+008
  851.436        51282.5        3388.52       0.274749E-004  0.746218E-006   1196.80        7.65221        3.67600      -0.110041E+008
  868.449        51282.5        3415.83       0.270974E-004  0.754168E-006   1179.00        7.57547        3.63914      -0.110104E+008
  885.462        51282.5        3435.53       0.268474E-004  0.760587E-006   1167.20        7.51776        3.61141      -0.110102E+008
  902.474        51282.5        3433.96       0.269489E-004  0.762722E-006   1171.58        7.51070        3.60803      -0.109903E+008
  919.487        51282.5        3432.38       0.270496E-004  0.764872E-006   1175.80        7.50362        3.60462      -0.109703E+008
  936.500        51282.5        3429.94       0.271311E-004  0.766896E-006   1180.13        7.49803        3.60194      -0.109571E+008
  953.513        51282.5        3426.95       0.271999E-004  0.768845E-006   1184.49        7.49338        3.59971      -0.109482E+008
  970.526        51282.5        3424.08       0.272710E-004  0.770834E-006   1188.70        7.48845        3.59733      -0.109382E+008
  987.538        51282.5        3420.89       0.273345E-004  0.772788E-006   1192.88        7.48403        3.59521      -0.109308E+008
  1004.55        51282.5        3417.84       0.274006E-004  0.774786E-006   1196.91        7.47930        3.59294      -0.109221E+008
  1021.56        51282.5        3414.77       0.274659E-004  0.776799E-006   1200.85        7.47455        3.59066      -0.109136E+008
  1038.58        51282.5        3412.10       0.275397E-004  0.778897E-006   1204.56        7.46904        3.58801      -0.109017E+008
  1055.59        51282.5        3408.62       0.275953E-004  0.780883E-006   1208.44        7.46489        3.58602      -0.108964E+008
  1072.60        51282.5        3405.91       0.276680E-004  0.783015E-006   1211.97        7.45934        3.58335      -0.108847E+008
  1089.62        51282.5        3402.45       0.277237E-004  0.785045E-006   1215.66        7.45502        3.58127      -0.108791E+008
  1106.63        51282.5        3399.38       0.277881E-004  0.787160E-006   1219.14        7.44997        3.57885      -0.108702E+008
  1123.64        51282.5        3396.29       0.278519E-004  0.789291E-006   1222.54        7.44490        3.57641      -0.108615E+008
  1140.65        51282.5        3393.28       0.279172E-004  0.791454E-006   1225.85        7.43965        3.57389      -0.108522E+008
  1157.67        51282.5        3390.16       0.279805E-004  0.793623E-006   1229.11        7.43450        3.57142      -0.108435E+008
  1174.68        51282.5        3387.11       0.280453E-004  0.795824E-006   1232.27        7.42919        3.56887      -0.108343E+008
  1191.69        51282.5        3384.06       0.281101E-004  0.798046E-006   1235.36        7.42382        3.56629      -0.108250E+008
  1208.71        51282.5        3382.91       0.282172E-004  0.800575E-006   1237.75        7.41531        3.56220      -0.108002E+008
  1225.72        51282.5        3378.01       0.282413E-004  0.802562E-006   1241.33        7.41283        3.56101      -0.108060E+008
  1242.73        51282.5        3375.57       0.283203E-004  0.804941E-006   1244.01        7.40630        3.55787      -0.107915E+008
  1259.74        51282.5        3372.00       0.283743E-004  0.807174E-006   1247.02        7.40153        3.55558      -0.107864E+008
  1276.76        51282.5        3369.03       0.284419E-004  0.809518E-006   1249.76        7.39575        3.55280      -0.107762E+008
  1293.77        51282.5        3366.06       0.285096E-004  0.811885E-006   1252.44        7.38991        3.55000      -0.107661E+008
  1310.78        51282.5        3362.77       0.285707E-004  0.814229E-006   1255.17        7.38450        3.54740      -0.107585E+008
  1327.79        51282.5        3360.17       0.286476E-004  0.816696E-006   1257.61        7.37797        3.54426      -0.107451E+008
  1344.81        51282.5        3357.34       0.287195E-004  0.819152E-006   1260.07        7.37174        3.54127      -0.107336E+008
  1361.82        51282.5        3354.34       0.287883E-004  0.821610E-006   1262.53        7.36571        3.53837      -0.107234E+008
  1378.83        51282.5        3351.47       0.288601E-004  0.824107E-006   1264.89        7.35944        3.53536      -0.107123E+008
  1395.85        51282.5        3348.58       0.289322E-004  0.826628E-006   1267.21        7.35312        3.53233      -0.107011E+008
  1412.86        51282.5        3345.74       0.290056E-004  0.829179E-006   1269.46        7.34670        3.52924      -0.106895E+008
  1429.87        51282.5        3342.89       0.290794E-004  0.831753E-006   1271.66        7.34022        3.52613      -0.106780E+008
  1446.88        51282.5        3340.07       0.291544E-004  0.834357E-006   1273.79        7.33364        3.52297      -0.106661E+008
  1463.90        51282.5        3337.25       0.292300E-004  0.836986E-006   1275.88        7.32700        3.51978      -0.106542E+008
  1480.91        51282.5        3334.47       0.293069E-004  0.839646E-006   1277.91        7.32027        3.51654      -0.106419E+008
  1497.92        51282.5        3331.69       0.293842E-004  0.842330E-006   1279.89        7.31348        3.51328      -0.106297E+008
  1514.94        51282.5        3328.93       0.294630E-004  0.845045E-006   1281.82        7.30659        3.50997      -0.106171E+008
  1531.95        51282.5        3326.18       0.295422E-004  0.847785E-006   1283.69        7.29965        3.50664      -0.106045E+008
  1548.96        51282.5        3323.46       0.296229E-004  0.850557E-006   1285.51        7.29261        3.50325      -0.105915E+008
  1565.97        51282.5        3320.73       0.297041E-004  0.853355E-006   1287.29        7.28552        3.49985      -0.105785E+008
  1582.99        51282.5        3318.04       0.297868E-004  0.856183E-006   1289.01        7.27833        3.49640      -0.105653E+008
  1600.00        51282.5        3315.35       0.298700E-004  0.859039E-006   1290.68        7.27109        3.49292      -0.105520E+008
  273.000        52564.6        3242.17       0.149077E-004  0.938987E-006   762.017        7.13317        3.42667      -0.115259E+008
  290.013        52564.6        3228.31       0.178272E-004  0.892784E-006   804.061        7.21314        3.46508      -0.115081E+008
  307.026        52564.6        3227.45       0.185389E-004  0.894072E-006   838.080        7.20859        3.46289      -0.114927E+008
  324.038        52564.6        3226.45       0.190766E-004  0.895405E-006   868.260        7.20486        3.46110      -0.114779E+008
  341.051        52564.6        3225.39       0.195219E-004  0.896772E-006   895.860        7.20119        3.45934      -0.114629E+008
  358.064        52564.6        3224.30       0.199206E-004  0.898172E-006   921.256        7.19739        3.45752      -0.114474E+008
  375.077        52564.6        3223.20       0.202795E-004  0.899603E-006   944.721        7.19349        3.45564      -0.114315E+008
  392.090        52564.6        3222.08       0.206045E-004  0.901067E-006   966.475        7.18945        3.45370      -0.114153E+008
  409.103        52564.6        3220.94       0.209000E-004  0.902555E-006   986.711        7.18532        3.45172      -0.113986E+008
  426.115        52564.6        3219.79       0.211696E-004  0.904061E-006   1005.59        7.18115        3.44971      -0.113817E+008
  443.128        52564.6        3218.62       0.214173E-004  0.905594E-006   1023.24        7.17688        3.44766      -0.113644E+008
  460.141        52564.6        3217.44       0.216459E-004  0.907151E-006   1039.78        7.17253        3.44557      -0.113469E+008
  477.154        52564.6        3216.25       0.218576E-004  0.908727E-006   1055.32        7.16811        3.44345      -0.113290E+008
  494.167        52564.6        3215.05       0.220546E-004  0.910324E-006   1069.93        7.16362        3.44129      -0.113109E+008
  511.179        52564.6        3213.84       0.222390E-004  0.911946E-006   1083.71        7.15904        3.43909      -0.112926E+008
  528.192        52564.6        3212.62       0.224114E-004  0.913576E-006   1096.72        7.15447        3.43689      -0.112740E+008
  545.205        52564.6        3211.39       0.225740E-004  0.915229E-006   1109.01        7.14981        3.43466      -0.112553E+008
  562.218        52564.6        3210.15       0.227271E-004  0.916891E-006   1120.64        7.14514        3.43242      -0.112363E+008
  579.231        52564.6        3208.90       0.228726E-004  0.918573E-006   1131.66        7.14041        3.43014      -0.112171E+008
  596.244        52564.6        3207.65       0.230110E-004  0.920272E-006   1142.12        7.13563        3.42785      -0.111978E+008
  613.256        52564.6        3206.39       0.231429E-004  0.921986E-006   1152.05        7.13082        3.42554      -0.111782E+008
  630.269        52564.6        3205.12       0.232693E-004  0.923715E-006   1161.49        7.12597        3.42321      -0.111585E+008
  647.282        52564.6        3203.78       0.234246E-004  0.925344E-006   1170.65        7.12091        3.42078      -0.111386E+008
  664.295        52564.6        3202.26       0.236708E-004  0.926667E-006   1179.88        7.11538        3.41812      -0.111182E+008
  681.308        52564.6        3200.71       0.239164E-004  0.927991E-006   1188.75        7.10989        3.41548      -0.110976E+008
  698.321        52564.6        3199.14       0.241576E-004  0.929339E-006   1197.24        7.10443        3.41286      -0.110769E+008
  715.333        52564.6        3197.76       0.242928E-004  0.931035E-006   1204.83        7.09944        3.41046      -0.110564E+008
  732.346        52564.6        3179.57       0.253395E-004  0.914407E-006   1218.94        7.17828        3.44834      -0.110194E+008
  749.359        52564.6        3373.23       0.264706E-004  0.752253E-006   1170.64        7.64287        3.67152      -0.110776E+008
  766.372        52564.6        3399.58       0.267340E-004  0.730757E-006   1169.42        7.70957        3.70356      -0.110682E+008
  783.385        52564.6        3398.02       0.268523E-004  0.732830E-006   1175.29        7.70234        3.70009      -0.110482E+008
  800.397        52564.6        3396.46       0.269687E-004  0.734921E-006   1180.92        7.69508        3.69659      -0.110281E+008
  817.410        52564.6        3394.90       0.270834E-004  0.737029E-006   1186.34        7.68778        3.69309      -0.110078E+008
  834.423        52564.6        3393.33       0.271968E-004  0.739155E-006   1191.55        7.68044        3.68956      -0.109875E+008
  851.436        52564.6        3391.75       0.273086E-004  0.741295E-006   1196.56        7.67308        3.68603      -0.109672E+008
  868.449        52564.6        3390.17       0.274192E-004  0.743454E-006   1201.38        7.66569        3.68248      -0.109467E+008
  885.462        52564.6        3434.22       0.265885E-004  0.755015E-006   1168.25        7.54563        3.62480      -0.110105E+008
  902.474        52564.6        3431.59       0.266657E-004  0.756939E-006   1172.94        7.54052        3.62235      -0.109992E+008
  919.487        52564.6        3428.91       0.267410E-004  0.758872E-006   1177.50        7.53545        3.61991      -0.109881E+008
  936.500        52564.6        3426.18       0.268145E-004  0.760815E-006   1181.94        7.53041        3.61749      -0.109773E+008
  953.513        52564.6        3423.56       0.268897E-004  0.762794E-006   1186.22        7.52513        3.61496      -0.109656E+008
  970.526        52564.6        3420.82       0.269618E-004  0.764771E-006   1190.41        7.52001        3.61249      -0.109547E+008
  987.538        52564.6        3417.93       0.270300E-004  0.766740E-006   1194.53        7.51511        3.61014      -0.109451E+008
  1004.55        52564.6        3414.87       0.270941E-004  0.768700E-006   1198.59        7.51044        3.60790      -0.109366E+008
  1021.56        52564.6        3412.20       0.271666E-004  0.770745E-006   1202.42        7.50502        3.60530      -0.109250E+008
  1038.58        52564.6        3409.12       0.272297E-004  0.772740E-006   1206.28        7.50028        3.60302      -0.109165E+008
  1055.59        52564.6        3406.42       0.273006E-004  0.774816E-006   1209.93        7.49483        3.60040      -0.109051E+008
  1072.60        52564.6        3403.55       0.273680E-004  0.776886E-006   1213.53        7.48959        3.59788      -0.108948E+008
  1089.62        52564.6        3400.60       0.274331E-004  0.778959E-006   1217.08        7.48447        3.59542      -0.108852E+008
  1106.63        52564.6        3399.24       0.275334E-004  0.781311E-006   1220.02        7.47654        3.59161      -0.108626E+008
  1123.64        52564.6        3394.17       0.275518E-004  0.783082E-006   1224.08        7.47493        3.59084      -0.108701E+008
  1140.65        52564.6        3392.83       0.276525E-004  0.785475E-006   1226.84        7.46688        3.58697      -0.108471E+008
  1157.67        52564.6        3389.02       0.276985E-004  0.787491E-006   1230.34        7.46299        3.58510      -0.108443E+008
  1174.68        52564.6        3386.05       0.277635E-004  0.789664E-006   1233.49        7.45759        3.58251      -0.108345E+008
  1191.69        52564.6        3383.77       0.278436E-004  0.791965E-006   1236.33        7.45100        3.57935      -0.108190E+008
  1208.71        52564.6        3382.75       0.279520E-004  0.794482E-006   1238.68        7.44228        3.57516      -0.107932E+008
  1225.72        52564.6        3376.92       0.279533E-004  0.796270E-006   1242.59        7.44149        3.57478      -0.108068E+008
  1242.73        52564.6        3375.44       0.280520E-004  0.798757E-006   1244.95        7.43343        3.57090      -0.107846E+008
  1259.74        52564.6        3371.58       0.280975E-004  0.800897E-006   1248.06        7.42924        3.56889      -0.107819E+008
  1276.76        52564.6        3368.74       0.281662E-004  0.803217E-006   1250.76        7.42331        3.56604      -0.107708E+008
  1293.77        52564.6        3366.42       0.282470E-004  0.805637E-006   1253.22        7.41648        3.56276      -0.107553E+008
  1310.78        52564.6        3362.77       0.282980E-004  0.807879E-006   1256.08        7.41174        3.56049      -0.107508E+008
  1327.79        52564.6        3359.91       0.283671E-004  0.810262E-006   1258.61        7.40569        3.55758      -0.107397E+008
  1344.81        52564.6        3357.79       0.284533E-004  0.812777E-006   1260.82        7.39840        3.55408      -0.107224E+008
  1361.82        52564.6        3354.99       0.285244E-004  0.815213E-006   1263.22        7.39215        3.55108      -0.107107E+008
  1378.83        52564.6        3351.81       0.285876E-004  0.817619E-006   1265.69        7.38643        3.54833      -0.107021E+008
  1395.85        52564.6        3349.02       0.286598E-004  0.820104E-006   1267.98        7.38004        3.54526      -0.106903E+008
  1412.86        52564.6        3346.18       0.287314E-004  0.822606E-006   1270.23        7.37369        3.54220      -0.106788E+008
  1429.87        52564.6        3343.51       0.288073E-004  0.825156E-006   1272.36        7.36701        3.53900      -0.106658E+008
  1446.88        52564.6        3340.79       0.288825E-004  0.827722E-006   1274.47        7.36037        3.53581      -0.106533E+008
  1463.90        52564.6        3338.05       0.289580E-004  0.830312E-006   1276.53        7.35368        3.53260      -0.106407E+008
  1480.91        52564.6        3335.36       0.290348E-004  0.832930E-006   1278.52        7.34690        3.52934      -0.106279E+008
  1497.92        52564.6        3332.65       0.291120E-004  0.835573E-006   1280.48        7.34007        3.52605      -0.106150E+008
  1514.94        52564.6        3329.91       0.291888E-004  0.838235E-006   1282.40        7.33324        3.52278      -0.106025E+008
  1531.95        52564.6        3327.30       0.292695E-004  0.840942E-006   1284.22        7.32617        3.51938      -0.105887E+008
  1548.96        52564.6        3324.66       0.293497E-004  0.843668E-006   1286.01        7.31910        3.51598      -0.105752E+008
  1565.97        52564.6        3322.01       0.294306E-004  0.846420E-006   1287.75        7.31198        3.51256      -0.105617E+008
  1582.99        52564.6        3319.39       0.295127E-004  0.849202E-006   1289.44        7.30478        3.50910      -0.105479E+008
  1600.00        52564.6        3316.77       0.295955E-004  0.852010E-006   1291.09        7.29752        3.50562      -0.105341E+008
  273.000        53846.6        3246.07       0.148238E-004  0.933001E-006   761.634        7.15083        3.43515      -0.114866E+008
  290.013        53846.6        3245.23       0.153871E-004  0.934143E-006   802.011        7.14776        3.43367      -0.114732E+008
  307.026        53846.6        3231.14       0.184461E-004  0.889395E-006   837.704        7.22399        3.47029      -0.114532E+008
  324.038        53846.6        3230.14       0.189758E-004  0.890711E-006   867.899        7.22029        3.46852      -0.114384E+008
  341.051        53846.6        3229.09       0.194184E-004  0.892061E-006   895.521        7.21664        3.46676      -0.114234E+008
  358.064        53846.6        3228.01       0.198148E-004  0.893445E-006   920.936        7.21287        3.46495      -0.114079E+008
  375.077        53846.6        3226.91       0.201715E-004  0.894858E-006   944.417        7.20898        3.46308      -0.113921E+008
  392.090        53846.6        3225.79       0.204945E-004  0.896304E-006   966.186        7.20496        3.46115      -0.113758E+008
  409.103        53846.6        3224.66       0.207877E-004  0.897768E-006   986.436        7.20089        3.45920      -0.113592E+008
  426.115        53846.6        3223.51       0.210561E-004  0.899264E-006   1005.32        7.19669        3.45718      -0.113422E+008
  443.128        53846.6        3222.35       0.213021E-004  0.900775E-006   1022.98        7.19246        3.45514      -0.113250E+008
  460.141        53846.6        3221.18       0.215291E-004  0.902313E-006   1039.54        7.18812        3.45306      -0.113074E+008
  477.154        53846.6        3219.99       0.217394E-004  0.903869E-006   1055.08        7.18373        3.45095      -0.112896E+008
  494.167        53846.6        3218.79       0.219350E-004  0.905446E-006   1069.71        7.17926        3.44881      -0.112715E+008
  511.179        53846.6        3217.59       0.221177E-004  0.907041E-006   1083.49        7.17475        3.44664      -0.112532E+008
  528.192        53846.6        3216.37       0.222893E-004  0.908658E-006   1096.50        7.17015        3.44443      -0.112346E+008
  545.205        53846.6        3215.15       0.224503E-004  0.910284E-006   1108.79        7.16556        3.44222      -0.112159E+008
  562.218        53846.6        3213.91       0.226028E-004  0.911933E-006   1120.43        7.16087        3.43997      -0.111969E+008
  579.231        53846.6        3212.67       0.227469E-004  0.913592E-006   1131.46        7.15617        3.43771      -0.111777E+008
  596.244        53846.6        3211.42       0.228842E-004  0.915270E-006   1141.92        7.15142        3.43543      -0.111584E+008
  613.256        53846.6        3210.17       0.230151E-004  0.916962E-006   1151.85        7.14663        3.43313      -0.111388E+008
  630.269        53846.6        3208.91       0.231404E-004  0.918669E-006   1161.30        7.14180        3.43081      -0.111192E+008
  647.282        53846.6        3207.64       0.232605E-004  0.920389E-006   1170.29        7.13695        3.42848      -0.110993E+008
  664.295        53846.6        3206.13       0.234991E-004  0.921719E-006   1179.48        7.13144        3.42583      -0.110789E+008
  681.308        53846.6        3204.59       0.237401E-004  0.923042E-006   1188.32        7.12594        3.42319      -0.110584E+008
  698.321        53846.6        3203.03       0.239798E-004  0.924372E-006   1196.81        7.12047        3.42057      -0.110377E+008
  715.333        53846.6        3201.57       0.241579E-004  0.925904E-006   1204.63        7.11531        3.41808      -0.110170E+008
  732.346        53846.6        3251.47       0.247738E-004  0.876410E-006   1197.23        7.25927        3.48724      -0.110158E+008
  749.359        53846.6        3404.29       0.264570E-004  0.724034E-006   1163.07        7.73725        3.71686      -0.110512E+008
  766.372        53846.6        3402.75       0.265762E-004  0.726062E-006   1169.19        7.73010        3.71342      -0.110313E+008
  783.385        53846.6        3401.21       0.266935E-004  0.728108E-006   1175.06        7.72290        3.70996      -0.110112E+008
  800.397        53846.6        3399.65       0.268084E-004  0.730165E-006   1180.69        7.71570        3.70650      -0.109911E+008
  817.410        53846.6        3398.10       0.269222E-004  0.732246E-006   1186.10        7.70843        3.70301      -0.109709E+008
  834.423        53846.6        3396.53       0.270341E-004  0.734338E-006   1191.31        7.70115        3.69951      -0.109506E+008
  851.436        53846.6        3394.96       0.271446E-004  0.736447E-006   1196.32        7.69384        3.69600      -0.109303E+008
  868.449        53846.6        3393.39       0.272539E-004  0.738572E-006   1201.14        7.68650        3.69247      -0.109098E+008
  885.462        53846.6        3429.89       0.262668E-004  0.748939E-006   1170.16        7.57936        3.64101      -0.110347E+008
  902.474        53846.6        3427.68       0.263514E-004  0.750908E-006   1174.76        7.57349        3.63819      -0.110201E+008
  919.487        53846.6        3425.07       0.264265E-004  0.752822E-006   1179.32        7.56831        3.63570      -0.110086E+008
  936.500        53846.6        3423.09       0.265144E-004  0.754863E-006   1183.57        7.56193        3.63263      -0.109920E+008
  953.513        53846.6        3420.04       0.265787E-004  0.756735E-006   1188.00        7.55747        3.63049      -0.109838E+008
  970.526        53846.6        3417.44       0.266521E-004  0.758704E-006   1192.17        7.55211        3.62792      -0.109720E+008
  987.538        53846.6        3414.84       0.267250E-004  0.760690E-006   1196.23        7.54672        3.62533      -0.109601E+008
  1004.55        53846.6        3412.18       0.267963E-004  0.762684E-006   1200.19        7.54137        3.62276      -0.109485E+008
  1021.56        53846.6        3409.52       0.268671E-004  0.764696E-006   1204.04        7.53599        3.62017      -0.109370E+008
  1038.58        53846.6        3406.82       0.269367E-004  0.766719E-006   1207.80        7.53062        3.61759      -0.109256E+008
  1055.59        53846.6        3404.11       0.270060E-004  0.768760E-006   1211.46        7.52520        3.61499      -0.109143E+008
  1072.60        53846.6        3401.38       0.270745E-004  0.770815E-006   1215.04        7.51979        3.61239      -0.109031E+008
  1089.62        53846.6        3398.65       0.271429E-004  0.772888E-006   1218.53        7.51432        3.60976      -0.108918E+008
  1106.63        53846.6        3395.89       0.272107E-004  0.774978E-006   1221.93        7.50883        3.60713      -0.108806E+008
  1123.64        53846.6        3393.14       0.272785E-004  0.777086E-006   1225.26        7.50330        3.60447      -0.108694E+008
  1140.65        53846.6        3390.39       0.273462E-004  0.779214E-006   1228.50        7.49771        3.60178      -0.108581E+008
  1157.67        53846.6        3387.62       0.274136E-004  0.781359E-006   1231.66        7.49209        3.59908      -0.108469E+008
  1174.68        53846.6        3384.86       0.274813E-004  0.783525E-006   1234.75        7.48641        3.59636      -0.108355E+008
  1191.69        53846.6        3382.10       0.275490E-004  0.785710E-006   1237.77        7.48068        3.59360      -0.108241E+008
  1208.71        53846.6        3379.05       0.276106E-004  0.787870E-006   1240.81        7.47538        3.59106      -0.108150E+008
  1225.72        53846.6        3376.58       0.276850E-004  0.790143E-006   1243.59        7.46905        3.58802      -0.108011E+008
  1242.73        53846.6        3374.45       0.277674E-004  0.792491E-006   1246.17        7.46209        3.58467      -0.107843E+008
  1259.74        53846.6        3371.08       0.278221E-004  0.794661E-006   1249.13        7.45718        3.58231      -0.107778E+008
  1276.76        53846.6        3368.35       0.278914E-004  0.796954E-006   1251.80        7.45114        3.57941      -0.107659E+008
  1293.77        53846.6        3365.61       0.279609E-004  0.799268E-006   1254.41        7.44506        3.57649      -0.107540E+008
  1310.78        53846.6        3362.63       0.280250E-004  0.801565E-006   1257.04        7.43933        3.57374      -0.107440E+008
  1327.79        53846.6        3360.17       0.281015E-004  0.803965E-006   1259.43        7.43268        3.57054      -0.107297E+008
  1344.81        53846.6        3357.52       0.281739E-004  0.806357E-006   1261.83        7.42630        3.56748      -0.107169E+008
  1361.82        53846.6        3354.77       0.282443E-004  0.808755E-006   1264.22        7.42003        3.56447      -0.107049E+008
  1378.83        53846.6        3352.09       0.283167E-004  0.811187E-006   1266.52        7.41360        3.56138      -0.106923E+008
  1395.85        53846.6        3349.40       0.283896E-004  0.813640E-006   1268.76        7.40712        3.55826      -0.106796E+008
  1412.86        53846.6        3346.75       0.284633E-004  0.816121E-006   1270.95        7.40055        3.55511      -0.106667E+008
  1429.87        53846.6        3344.08       0.285375E-004  0.818623E-006   1273.08        7.39393        3.55193      -0.106538E+008
  1446.88        53846.6        3341.45       0.286127E-004  0.821153E-006   1275.16        7.38723        3.54871      -0.106406E+008
  1463.90        53846.6        3338.81       0.286884E-004  0.823705E-006   1277.18        7.38048        3.54547      -0.106274E+008
  1480.91        53846.6        3336.19       0.287651E-004  0.826286E-006   1279.15        7.37364        3.54218      -0.106140E+008
  1497.92        53846.6        3333.57       0.288423E-004  0.828889E-006   1281.07        7.36676        3.53888      -0.106005E+008
  1514.94        53846.6        3330.98       0.289206E-004  0.831520E-006   1282.93        7.35979        3.53553      -0.105868E+008
  1531.95        53846.6        3328.38       0.289994E-004  0.834176E-006   1284.75        7.35277        3.53216      -0.105730E+008
  1548.96        53846.6        3325.81       0.290794E-004  0.836860E-006   1286.51        7.34567        3.52874      -0.105590E+008
  1565.97        53846.6        3323.24       0.291599E-004  0.839568E-006   1288.23        7.33852        3.52531      -0.105450E+008
  1582.99        53846.6        3320.69       0.292417E-004  0.842305E-006   1289.89        7.33128        3.52184      -0.105307E+008
  1600.00        53846.6        3318.14       0.293240E-004  0.845067E-006   1291.51        7.32401        3.51834      -0.105164E+008
  273.000        55128.7        3249.94       0.147412E-004  0.927109E-006   761.251        7.16838        3.44358      -0.114472E+008
  290.013        55128.7        3249.11       0.153010E-004  0.928235E-006   801.655        7.16532        3.44211      -0.114339E+008
  307.026        55128.7        3234.82       0.183545E-004  0.884774E-006   837.331        7.23930        3.47765      -0.114137E+008
  324.038        55128.7        3233.82       0.188762E-004  0.886074E-006   867.542        7.23565        3.47589      -0.113990E+008
  341.051        55128.7        3232.77       0.193162E-004  0.887407E-006   895.183        7.23202        3.47415      -0.113840E+008
  358.064        55128.7        3231.70       0.197102E-004  0.888774E-006   920.618        7.22826        3.47234      -0.113685E+008
  375.077        55128.7        3230.61       0.200648E-004  0.890170E-006   944.115        7.22439        3.47049      -0.113527E+008
  392.090        55128.7        3229.49       0.203858E-004  0.891598E-006   965.900        7.22039        3.46856      -0.113364E+008
  409.103        55128.7        3228.37       0.206776E-004  0.893050E-006   986.162        7.21631        3.46660      -0.113198E+008
  426.115        55128.7        3227.22       0.209439E-004  0.894521E-006   1005.06        7.21217        3.46461      -0.113029E+008
  443.128        55128.7        3226.07       0.211883E-004  0.896015E-006   1022.73        7.20795        3.46259      -0.112856E+008
  460.141        55128.7        3224.90       0.214138E-004  0.897533E-006   1039.29        7.20364        3.46052      -0.112680E+008
  477.154        55128.7        3223.72       0.216227E-004  0.899071E-006   1054.85        7.19927        3.45842      -0.112502E+008
  494.167        55128.7        3222.52       0.218170E-004  0.900628E-006   1069.48        7.19483        3.45628      -0.112321E+008
  511.179        55128.7        3221.32       0.219987E-004  0.902210E-006   1083.27        7.19030        3.45411      -0.112138E+008
  528.192        55128.7        3220.11       0.221686E-004  0.903800E-006   1096.28        7.18576        3.45193      -0.111953E+008
  545.205        55128.7        3218.89       0.223288E-004  0.905412E-006   1108.59        7.18115        3.44971      -0.111765E+008
  562.218        55128.7        3217.66       0.224797E-004  0.907032E-006   1120.23        7.17654        3.44750      -0.111575E+008
  579.231        55128.7        3216.43       0.226229E-004  0.908673E-006   1131.26        7.17185        3.44525      -0.111384E+008
  596.244        55128.7        3215.18       0.227590E-004  0.910329E-006   1141.72        7.16712        3.44297      -0.111190E+008
  613.256        55128.7        3213.94       0.228889E-004  0.912000E-006   1151.66        7.16236        3.44069      -0.110995E+008
  630.269        55128.7        3212.68       0.230132E-004  0.913686E-006   1161.11        7.15755        3.43838      -0.110798E+008
  647.282        55128.7        3211.42       0.231323E-004  0.915385E-006   1170.10        7.15272        3.43605      -0.110600E+008
  664.295        55128.7        3209.99       0.233295E-004  0.916830E-006   1179.08        7.14742        3.43351      -0.110397E+008
  681.308        55128.7        3208.46       0.235677E-004  0.918143E-006   1187.91        7.14192        3.43087      -0.110192E+008
  698.321        55128.7        3206.91       0.238042E-004  0.919463E-006   1196.39        7.13645        3.42824      -0.109985E+008
  715.333        55128.7        3205.36       0.240246E-004  0.920838E-006   1204.44        7.13109        3.42566      -0.109777E+008
  732.346        55128.7        3408.97       0.261823E-004  0.717455E-006   1156.47        7.76470        3.73004      -0.110341E+008
  749.359        55128.7        3407.44       0.263026E-004  0.719437E-006   1162.85        7.75762        3.72664      -0.110143E+008
  766.372        55128.7        3405.91       0.264205E-004  0.721435E-006   1168.96        7.75052        3.72323      -0.109944E+008
  783.385        55128.7        3404.37       0.265363E-004  0.723449E-006   1174.83        7.74338        3.71980      -0.109744E+008
  800.397        55128.7        3402.83       0.266505E-004  0.725481E-006   1180.46        7.73619        3.71635      -0.109542E+008
  817.410        55128.7        3401.28       0.267627E-004  0.727528E-006   1185.87        7.72899        3.71289      -0.109340E+008
  834.423        55128.7        3399.72       0.268737E-004  0.729593E-006   1191.07        7.72174        3.70940      -0.109138E+008
  851.436        55128.7        3398.16       0.269829E-004  0.731671E-006   1196.08        7.71448        3.70592      -0.108934E+008
  868.449        55128.7        3396.59       0.270910E-004  0.733765E-006   1200.90        7.70719        3.70241      -0.108729E+008
  885.462        55128.7        3395.02       0.271980E-004  0.735876E-006   1205.54        7.69987        3.69890      -0.108524E+008
  902.474        55128.7        3423.62       0.260360E-004  0.744862E-006   1176.64        7.60711        3.65434      -0.110420E+008
  919.487        55128.7        3421.58       0.261218E-004  0.746848E-006   1181.06        7.60087        3.65134      -0.110260E+008
  936.500        55128.7        3419.49       0.262057E-004  0.748841E-006   1185.37        7.59470        3.64838      -0.110105E+008
  953.513        55128.7        3416.98       0.262799E-004  0.750775E-006   1189.66        7.58928        3.64577      -0.109982E+008
  970.526        55128.7        3414.27       0.263492E-004  0.752692E-006   1193.89        7.58417        3.64332      -0.109873E+008
  987.538        55128.7        3412.17       0.264315E-004  0.754736E-006   1197.81        7.57786        3.64029      -0.109715E+008
  1004.55        55128.7        3409.52       0.265012E-004  0.756697E-006   1201.78        7.57255        3.63774      -0.109600E+008
  1021.56        55128.7        3407.22       0.265783E-004  0.758739E-006   1205.54        7.56653        3.63484      -0.109457E+008
  1038.58        55128.7        3404.52       0.266463E-004  0.760728E-006   1209.32        7.56120        3.63228      -0.109344E+008
  1055.59        55128.7        3402.16       0.267215E-004  0.762793E-006   1212.89        7.55520        3.62940      -0.109204E+008
  1072.60        55128.7        3399.33       0.267862E-004  0.764795E-006   1216.51        7.55001        3.62691      -0.109101E+008
  1089.62        55128.7        3397.01       0.268621E-004  0.766905E-006   1219.88        7.54383        3.62394      -0.108956E+008
  1106.63        55128.7        3397.31       0.269958E-004  0.769483E-006   1222.31        7.53291        3.61869      -0.108598E+008
  1123.64        55128.7        3392.34       0.270127E-004  0.771170E-006   1226.36        7.53143        3.61798      -0.108667E+008
  1140.65        55128.7        3388.97       0.270650E-004  0.773155E-006   1229.82        7.52700        3.61586      -0.108605E+008
  1157.67        55128.7        3386.57       0.271392E-004  0.775325E-006   1232.87        7.52077        3.61286      -0.108463E+008
  1174.68        55128.7        3383.99       0.272090E-004  0.777481E-006   1235.91        7.51484        3.61001      -0.108337E+008
  1191.69        55128.7        3381.89       0.272900E-004  0.779739E-006   1238.71        7.50800        3.60673      -0.108169E+008
  1208.71        55128.7        3378.33       0.273381E-004  0.781771E-006   1241.93        7.50368        3.60465      -0.108121E+008
  1225.72        55128.7        3376.55       0.274264E-004  0.784119E-006   1244.48        7.49620        3.60106      -0.107927E+008
  1242.73        55128.7        3373.66       0.274900E-004  0.786303E-006   1247.33        7.49060        3.59837      -0.107823E+008
  1259.74        55128.7        3370.79       0.275541E-004  0.788510E-006   1250.12        7.48492        3.59564      -0.107717E+008
  1276.76        55128.7        3368.19       0.276247E-004  0.790782E-006   1252.75        7.47872        3.59266      -0.107588E+008
  1293.77        55128.7        3366.03       0.277056E-004  0.793147E-006   1255.16        7.47172        3.58930      -0.107422E+008
  1310.78        55128.7        3362.66       0.277591E-004  0.795336E-006   1257.94        7.46672        3.58690      -0.107356E+008
  1327.79        55128.7        3360.76       0.278465E-004  0.797783E-006   1260.13        7.45919        3.58328      -0.107167E+008
  1344.81        55128.7        3358.07       0.279162E-004  0.800124E-006   1262.55        7.45295        3.58028      -0.107043E+008
  1361.82        55128.7        3355.50       0.279890E-004  0.802505E-006   1264.87        7.44646        3.57716      -0.106909E+008
  1378.83        55128.7        3352.53       0.280528E-004  0.804844E-006   1267.28        7.44058        3.57434      -0.106809E+008
  1395.85        55128.7        3349.92       0.281256E-004  0.807264E-006   1269.50        7.43404        3.57120      -0.106676E+008
  1412.86        55128.7        3347.27       0.281977E-004  0.809698E-006   1271.68        7.42753        3.56807      -0.106548E+008
  1429.87        55128.7        3344.78       0.282739E-004  0.812179E-006   1273.76        7.42072        3.56480      -0.106405E+008
  1446.88        55128.7        3342.09       0.283460E-004  0.814654E-006   1275.85        7.41417        3.56165      -0.106279E+008
  1463.90        55128.7        3339.67       0.284247E-004  0.817190E-006   1277.80        7.40715        3.55828      -0.106130E+008
  1480.91        55128.7        3337.14       0.285015E-004  0.819734E-006   1279.73        7.40025        3.55496      -0.105989E+008
  1497.92        55128.7        3334.59       0.285784E-004  0.822298E-006   1281.63        7.39333        3.55164      -0.105849E+008
  1514.94        55128.7        3332.01       0.286550E-004  0.824880E-006   1283.49        7.38642        3.54832      -0.105712E+008
  1531.95        55128.7        3329.55       0.287351E-004  0.827505E-006   1285.25        7.37926        3.54488      -0.105563E+008
  1548.96        55128.7        3326.94       0.288122E-004  0.830131E-006   1287.02        7.37229        3.54153      -0.105428E+008
  1565.97        55128.7        3324.55       0.288949E-004  0.832813E-006   1288.67        7.36494        3.53800      -0.105273E+008
  1582.99        55128.7        3322.07       0.289762E-004  0.835507E-006   1290.31        7.35768        3.53452      -0.105125E+008
  1600.00        55128.7        3319.59       0.290580E-004  0.838225E-006   1291.90        7.35039        3.53101      -0.104977E+008
  273.000        56410.7        3253.79       0.146596E-004  0.921307E-006   760.873        7.18582        3.45196      -0.114080E+008
  290.013        56410.7        3252.97       0.152160E-004  0.922434E-006   801.298        7.18273        3.45047      -0.113947E+008
  307.026        56410.7        3252.12       0.157066E-004  0.923578E-006   836.959        7.17959        3.44896      -0.113807E+008
  324.038        56410.7        3237.49       0.187778E-004  0.881491E-006   867.187        7.25093        3.48323      -0.113596E+008
  341.051        56410.7        3236.44       0.192153E-004  0.882808E-006   894.850        7.24732        3.48150      -0.113446E+008
  358.064        56410.7        3235.37       0.196070E-004  0.884159E-006   920.302        7.24357        3.47970      -0.113292E+008
  375.077        56410.7        3234.29       0.199594E-004  0.885537E-006   943.815        7.23973        3.47785      -0.113133E+008
  392.090        56410.7        3233.18       0.202785E-004  0.886949E-006   965.615        7.23575        3.47594      -0.112970E+008
  409.103        56410.7        3232.05       0.205681E-004  0.888377E-006   985.890        7.23172        3.47401      -0.112804E+008
  426.115        56410.7        3230.92       0.208331E-004  0.889837E-006   1004.80        7.22757        3.47201      -0.112635E+008
  443.128        56410.7        3229.76       0.210759E-004  0.891312E-006   1022.48        7.22337        3.47000      -0.112463E+008
  460.141        56410.7        3228.60       0.212999E-004  0.892811E-006   1039.05        7.21908        3.46793      -0.112287E+008
  477.154        56410.7        3227.42       0.215074E-004  0.894330E-006   1054.62        7.21473        3.46584      -0.112109E+008
  494.167        56410.7        3226.24       0.217003E-004  0.895869E-006   1069.26        7.21031        3.46372      -0.111928E+008
  511.179        56410.7        3225.04       0.218804E-004  0.897424E-006   1083.05        7.20584        3.46157      -0.111745E+008
  528.192        56410.7        3223.83       0.220496E-004  0.899002E-006   1096.07        7.20129        3.45939      -0.111559E+008
  545.205        56410.7        3222.62       0.222082E-004  0.900587E-006   1108.38        7.19674        3.45720      -0.111372E+008
  562.218        56410.7        3221.40       0.223584E-004  0.902196E-006   1120.02        7.19210        3.45497      -0.111182E+008
  579.231        56410.7        3220.17       0.225003E-004  0.903814E-006   1131.06        7.18745        3.45274      -0.110991E+008
  596.244        56410.7        3218.93       0.226355E-004  0.905450E-006   1141.53        7.18274        3.45048      -0.110797E+008
  613.256        56410.7        3217.69       0.227643E-004  0.907100E-006   1151.47        7.17800        3.44820      -0.110602E+008
  630.269        56410.7        3216.43       0.228875E-004  0.908765E-006   1160.92        7.17322        3.44590      -0.110405E+008
  647.282        56410.7        3215.18       0.230057E-004  0.910442E-006   1169.91        7.16842        3.44360      -0.110207E+008
  664.295        56410.7        3213.83       0.231620E-004  0.911998E-006   1178.69        7.16334        3.44116      -0.110005E+008
  681.308        56410.7        3212.31       0.233971E-004  0.913302E-006   1187.51        7.15783        3.43851      -0.109800E+008
  698.321        56410.7        3210.77       0.236308E-004  0.914612E-006   1195.97        7.15236        3.43588      -0.109593E+008
  715.333        56410.7        3230.59       0.241030E-004  0.894329E-006   1198.12        7.21001        3.46358      -0.109471E+008
  732.346        56410.7        3412.10       0.260315E-004  0.712955E-006   1156.25        7.78490        3.73975      -0.109972E+008
  749.359        56410.7        3410.58       0.261507E-004  0.714910E-006   1162.63        7.77786        3.73637      -0.109774E+008
  766.372        56410.7        3409.05       0.262673E-004  0.716879E-006   1168.74        7.77081        3.73297      -0.109575E+008
  783.385        56410.7        3407.52       0.263823E-004  0.718867E-006   1174.60        7.76370        3.72956      -0.109375E+008
  800.397        56410.7        3405.98       0.264946E-004  0.720864E-006   1180.23        7.75659        3.72614      -0.109174E+008
  817.410        56410.7        3404.44       0.266060E-004  0.722885E-006   1185.64        7.74941        3.72269      -0.108972E+008
  834.423        56410.7        3402.89       0.267155E-004  0.724917E-006   1190.84        7.74222        3.71924      -0.108769E+008
  851.436        56410.7        3401.34       0.268235E-004  0.726965E-006   1195.84        7.73500        3.71578      -0.108565E+008
  868.449        56410.7        3399.78       0.269304E-004  0.729029E-006   1200.66        7.72776        3.71230      -0.108361E+008
  885.462        56410.7        3392.07       0.268664E-004  0.730056E-006   1206.60        7.73185        3.71426      -0.108748E+008
  902.474        56410.7        3419.95       0.257310E-004  0.738901E-006   1178.43        7.64037        3.67031      -0.110605E+008
  919.487        56410.7        3417.96       0.258164E-004  0.740868E-006   1182.86        7.63404        3.66727      -0.110443E+008
  936.500        56410.7        3415.88       0.258988E-004  0.742834E-006   1187.18        7.62786        3.66430      -0.110288E+008
  953.513        56410.7        3413.79       0.259806E-004  0.744815E-006   1191.37        7.62164        3.66132      -0.110132E+008
  970.526        56410.7        3411.59       0.260595E-004  0.746792E-006   1195.46        7.61559        3.65841      -0.109984E+008
  987.538        56410.7        3409.39       0.261379E-004  0.748786E-006   1199.43        7.60950        3.65549      -0.109835E+008
  1004.55        56410.7        3407.11       0.262140E-004  0.750781E-006   1203.31        7.60353        3.65262      -0.109692E+008
  1021.56        56410.7        3404.82       0.262897E-004  0.752792E-006   1207.08        7.59752        3.64973      -0.109549E+008
  1038.58        56410.7        3402.47       0.263636E-004  0.754808E-006   1210.77        7.59158        3.64688      -0.109410E+008
  1055.59        56410.7        3400.11       0.264373E-004  0.756842E-006   1214.35        7.58561        3.64401      -0.109271E+008
  1072.60        56410.7        3397.70       0.265097E-004  0.758884E-006   1217.85        7.57968        3.64116      -0.109135E+008
  1089.62        56410.7        3395.30       0.265819E-004  0.760943E-006   1221.26        7.57372        3.63830      -0.108998E+008
  1106.63        56410.7        3392.84       0.266530E-004  0.763011E-006   1224.60        7.56779        3.63545      -0.108864E+008
  1123.64        56410.7        3390.40       0.267244E-004  0.765100E-006   1227.84        7.56178        3.63256      -0.108729E+008
  1140.65        56410.7        3387.89       0.267943E-004  0.767196E-006   1231.02        7.55585        3.62971      -0.108598E+008
  1157.67        56410.7        3385.45       0.268656E-004  0.769321E-006   1234.10        7.54976        3.62679      -0.108461E+008
  1174.68        56410.7        3382.96       0.269359E-004  0.771456E-006   1237.12        7.54371        3.62388      -0.108328E+008
  1191.69        56410.7        3380.46       0.270062E-004  0.773609E-006   1240.06        7.53762        3.62096      -0.108195E+008
  1208.71        56410.7        3377.78       0.270724E-004  0.775748E-006   1242.99        7.53182        3.61817      -0.108076E+008
  1225.72        56410.7        3375.45       0.271467E-004  0.777968E-006   1245.73        7.52534        3.61506      -0.107927E+008
  1242.73        56410.7        3373.61       0.272321E-004  0.780288E-006   1248.24        7.51796        3.61151      -0.107738E+008
  1259.74        56410.7        3370.43       0.272876E-004  0.782401E-006   1251.13        7.51289        3.60907      -0.107659E+008
  1276.76        56410.7        3367.92       0.273584E-004  0.784648E-006   1253.74        7.50659        3.60605      -0.107523E+008
  1293.77        56410.7        3365.40       0.274294E-004  0.786914E-006   1256.28        7.50025        3.60300      -0.107388E+008
  1310.78        56410.7        3362.70       0.274965E-004  0.789168E-006   1258.82        7.49418        3.60009      -0.107267E+008
  1327.79        56410.7        3360.39       0.275725E-004  0.791507E-006   1261.17        7.48742        3.59684      -0.107114E+008
  1344.81        56410.7        3357.91       0.276453E-004  0.793840E-006   1263.51        7.48087        3.59369      -0.106974E+008
  1361.82        56410.7        3355.38       0.277172E-004  0.796184E-006   1265.82        7.47437        3.59057      -0.106838E+008
  1378.83        56410.7        3352.89       0.277903E-004  0.798555E-006   1268.06        7.46776        3.58740      -0.106698E+008
  1395.85        56410.7        3350.39       0.278637E-004  0.800947E-006   1270.24        7.46111        3.58420      -0.106558E+008
  1412.86        56410.7        3347.91       0.279379E-004  0.803363E-006   1272.37        7.45439        3.58097      -0.106416E+008
  1429.87        56410.7        3345.42       0.280124E-004  0.805799E-006   1274.44        7.44763        3.57773      -0.106274E+008
  1446.88        56410.7        3342.95       0.280877E-004  0.808260E-006   1276.46        7.44080        3.57444      -0.106130E+008
  1463.90        56410.7        3340.48       0.281635E-004  0.810743E-006   1278.42        7.43392        3.57114      -0.105986E+008
  1480.91        56410.7        3338.02       0.282400E-004  0.813250E-006   1280.33        7.42697        3.56780      -0.105840E+008
  1497.92        56410.7        3335.57       0.283171E-004  0.815779E-006   1282.19        7.41999        3.56445      -0.105694E+008
  1514.94        56410.7        3333.12       0.283950E-004  0.818333E-006   1284.00        7.41293        3.56105      -0.105546E+008
  1531.95        56410.7        3330.68       0.284734E-004  0.820910E-006   1285.76        7.40582        3.55764      -0.105397E+008
  1548.96        56410.7        3328.25       0.285528E-004  0.823513E-006   1287.47        7.39865        3.55420      -0.105247E+008
  1565.97        56410.7        3325.82       0.286326E-004  0.826139E-006   1289.13        7.39143        3.55073      -0.105097E+008
  1582.99        56410.7        3323.41       0.287135E-004  0.828791E-006   1290.73        7.38415        3.54723      -0.104944E+008
  1600.00        56410.7        3320.99       0.287949E-004  0.831466E-006   1292.30        7.37682        3.54371      -0.104792E+008
  273.000        57692.7        3257.63       0.145792E-004  0.915594E-006   760.495        7.20316        3.46029      -0.113688E+008
  290.013        57692.7        3256.81       0.151323E-004  0.916704E-006   800.947        7.20009        3.45881      -0.113555E+008
  307.026        57692.7        3255.96       0.156197E-004  0.917856E-006   836.629        7.19689        3.45727      -0.113415E+008
  324.038        57692.7        3243.73       0.182784E-004  0.884603E-006   866.997        7.25199        3.48374      -0.113210E+008
  341.051        57692.7        3240.10       0.191155E-004  0.878264E-006   894.518        7.26254        3.48881      -0.113053E+008
  358.064        57692.7        3239.03       0.195049E-004  0.879597E-006   919.988        7.25882        3.48702      -0.112898E+008
  375.077        57692.7        3237.95       0.198553E-004  0.880960E-006   943.518        7.25499        3.48518      -0.112740E+008
  392.090        57692.7        3236.85       0.201724E-004  0.882354E-006   965.333        7.25103        3.48328      -0.112577E+008
  409.103        57692.7        3235.73       0.204606E-004  0.883772E-006   985.620        7.24699        3.48134      -0.112411E+008
  426.115        57692.7        3234.59       0.207236E-004  0.885207E-006   1004.54        7.24289        3.47937      -0.112242E+008
  443.128        57692.7        3233.45       0.209649E-004  0.886665E-006   1022.24        7.23871        3.47736      -0.112069E+008
  460.141        57692.7        3232.29       0.211875E-004  0.888147E-006   1038.82        7.23444        3.47531      -0.111894E+008
  477.154        57692.7        3231.12       0.213935E-004  0.889647E-006   1054.39        7.23011        3.47323      -0.111716E+008
  494.167        57692.7        3229.93       0.215852E-004  0.891167E-006   1069.03        7.22571        3.47112      -0.111535E+008
  511.179        57692.7        3228.74       0.217644E-004  0.892710E-006   1082.84        7.22123        3.46897      -0.111352E+008
  528.192        57692.7        3227.54       0.219319E-004  0.894261E-006   1095.86        7.21674        3.46681      -0.111167E+008
  545.205        57692.7        3226.33       0.220897E-004  0.895834E-006   1108.17        7.21217        3.46462      -0.110979E+008
  562.218        57692.7        3225.12       0.222383E-004  0.897414E-006   1119.82        7.20761        3.46242      -0.110789E+008
  579.231        57692.7        3223.89       0.223794E-004  0.899015E-006   1130.86        7.20297        3.46019      -0.110598E+008
  596.244        57692.7        3222.66       0.225134E-004  0.900631E-006   1141.33        7.19829        3.45794      -0.110404E+008
  613.256        57692.7        3221.42       0.226412E-004  0.902260E-006   1151.27        7.19357        3.45568      -0.110209E+008
  630.269        57692.7        3220.17       0.227635E-004  0.903905E-006   1160.73        7.18881        3.45339      -0.110012E+008
  647.282        57692.7        3218.92       0.228807E-004  0.905562E-006   1169.72        7.18402        3.45109      -0.109814E+008
  664.295        57692.7        3217.66       0.229966E-004  0.907222E-006   1178.31        7.17919        3.44877      -0.109614E+008
  681.308        57692.7        3216.15       0.232287E-004  0.908517E-006   1187.11        7.17368        3.44612      -0.109409E+008
  698.321        57692.7        3214.61       0.234594E-004  0.909818E-006   1195.56        7.16820        3.44349      -0.109202E+008
  715.333        57692.7        3368.42       0.252860E-004  0.754987E-006   1161.64        7.64678        3.67339      -0.109617E+008
  732.346        57692.7        3415.21       0.258826E-004  0.708518E-006   1156.03        7.80500        3.74940      -0.109604E+008
  749.359        57692.7        3413.70       0.260005E-004  0.710444E-006   1162.40        7.79802        3.74605      -0.109406E+008
  766.372        57692.7        3412.18       0.261163E-004  0.712388E-006   1168.52        7.79099        3.74267      -0.109207E+008
  783.385        57692.7        3410.65       0.262293E-004  0.714342E-006   1174.37        7.78395        3.73929      -0.109007E+008
  800.397        57692.7        3409.12       0.263410E-004  0.716316E-006   1180.00        7.77686        3.73588      -0.108806E+008
  817.410        57692.7        3407.59       0.264513E-004  0.718308E-006   1185.41        7.76972        3.73245      -0.108604E+008
  834.423        57692.7        3406.05       0.265595E-004  0.720311E-006   1190.61        7.76258        3.72902      -0.108401E+008
  851.436        57692.7        3404.50       0.266664E-004  0.722329E-006   1195.61        7.75541        3.72558      -0.108197E+008
  868.449        57692.7        3402.95       0.267721E-004  0.724363E-006   1200.42        7.74821        3.72212      -0.107993E+008
  885.462        57692.7        3389.05       0.265356E-004  0.724249E-006   1207.68        7.76424        3.72982      -0.108974E+008
  902.474        57692.7        3416.51       0.254333E-004  0.733001E-006   1180.16        7.67351        3.68623      -0.110770E+008
  919.487        57692.7        3414.69       0.255206E-004  0.734971E-006   1184.57        7.66686        3.68304      -0.110596E+008
  936.500        57692.7        3413.19       0.256142E-004  0.737017E-006   1188.73        7.65954        3.67952      -0.110395E+008
  953.513        57692.7        3411.11       0.256946E-004  0.738970E-006   1192.94        7.65333        3.67654      -0.110240E+008
  970.526        57692.7        3408.85       0.257706E-004  0.740905E-006   1197.06        7.64742        3.67370      -0.110098E+008
  987.538        57692.7        3407.07       0.258564E-004  0.742945E-006   1200.92        7.64054        3.67040      -0.109917E+008
  1004.55        57692.7        3404.79       0.259311E-004  0.744910E-006   1204.82        7.63459        3.66754      -0.109775E+008
  1021.56        57692.7        3402.83       0.260123E-004  0.746949E-006   1208.50        7.62798        3.66436      -0.109606E+008
  1038.58        57692.7        3400.48       0.260849E-004  0.748934E-006   1212.20        7.62207        3.66152      -0.109468E+008
  1055.59        57692.7        3398.43       0.261637E-004  0.750990E-006   1215.70        7.61555        3.65839      -0.109305E+008
  1072.60        57692.7        3395.96       0.262330E-004  0.752986E-006   1219.24        7.60979        3.65562      -0.109175E+008
  1089.62        57692.7        3393.91       0.263116E-004  0.755076E-006   1222.54        7.60318        3.65245      -0.109011E+008
  1106.63        57692.7        3391.13       0.263740E-004  0.757051E-006   1225.99        7.59790        3.64991      -0.108904E+008
  1123.64        57692.7        3389.68       0.264658E-004  0.759284E-006   1228.92        7.59009        3.64616      -0.108689E+008
  1140.65        57692.7        3386.76       0.265246E-004  0.761267E-006   1232.25        7.58499        3.64371      -0.108594E+008
  1157.67        57692.7        3384.60       0.266008E-004  0.763408E-006   1235.24        7.57841        3.64055      -0.108435E+008
  1174.68        57692.7        3382.29       0.266734E-004  0.765537E-006   1238.20        7.57209        3.63751      -0.108288E+008
  1191.69        57692.7        3380.36       0.267549E-004  0.767754E-006   1240.96        7.56501        3.63411      -0.108109E+008
  1208.71        57692.7        3377.12       0.268069E-004  0.769756E-006   1244.09        7.56028        3.63184      -0.108036E+008
  1225.72        57692.7        3375.48       0.268950E-004  0.772058E-006   1246.60        7.55261        3.62816      -0.107833E+008
  1242.73        57692.7        3372.91       0.269625E-004  0.774216E-006   1249.36        7.54657        3.62526      -0.107704E+008
  1259.74        57692.7        3370.28       0.270286E-004  0.776381E-006   1252.07        7.54060        3.62239      -0.107581E+008
  1276.76        57692.7        3367.90       0.271008E-004  0.778611E-006   1254.63        7.53412        3.61928      -0.107436E+008
  1293.77        57692.7        3365.89       0.271816E-004  0.780923E-006   1257.00        7.52695        3.61583      -0.107259E+008
  1310.78        57692.7        3362.78       0.272377E-004  0.783065E-006   1259.69        7.52167        3.61330      -0.107173E+008
  1327.79        57692.7        3361.01       0.273244E-004  0.785456E-006   1261.85        7.51401        3.60961      -0.106976E+008
  1344.81        57692.7        3358.56       0.273962E-004  0.787751E-006   1264.19        7.50747        3.60647      -0.106834E+008
  1361.82        57692.7        3356.21       0.274704E-004  0.790082E-006   1266.43        7.50074        3.60324      -0.106684E+008
  1378.83        57692.7        3353.42       0.275350E-004  0.792361E-006   1268.78        7.49470        3.60034      -0.106570E+008
  1395.85        57692.7        3351.00       0.276082E-004  0.794720E-006   1270.94        7.48800        3.59712      -0.106425E+008
  1412.86        57692.7        3348.52       0.276808E-004  0.797092E-006   1273.06        7.48134        3.59392      -0.106284E+008
  1429.87        57692.7        3346.19       0.277571E-004  0.799510E-006   1275.08        7.47438        3.59057      -0.106129E+008
  1446.88        57692.7        3343.68       0.278297E-004  0.801918E-006   1277.11        7.46768        3.58736      -0.105990E+008
  1463.90        57692.7        3341.41       0.279082E-004  0.804387E-006   1279.00        7.46055        3.58393      -0.105830E+008
  1480.91        57692.7        3339.04       0.279849E-004  0.806861E-006   1280.88        7.45353        3.58056      -0.105678E+008
  1497.92        57692.7        3336.64       0.280615E-004  0.809353E-006   1282.72        7.44651        3.57719      -0.105528E+008
  1514.94        57692.7        3334.21       0.281378E-004  0.811861E-006   1284.52        7.43950        3.57382      -0.105380E+008
  1531.95        57692.7        3331.89       0.282174E-004  0.814410E-006   1286.23        7.43226        3.57034      -0.105221E+008
  1548.96        57692.7        3329.43       0.282940E-004  0.816958E-006   1287.95        7.42521        3.56695      -0.105075E+008
  1565.97        57692.7        3327.17       0.283759E-004  0.819561E-006   1289.55        7.41780        3.56339      -0.104911E+008
  1582.99        57692.7        3324.83       0.284564E-004  0.822173E-006   1291.13        7.41047        3.55988      -0.104754E+008
  1600.00        57692.7        3322.47       0.285373E-004  0.824807E-006   1292.67        7.40313        3.55635      -0.104598E+008
  273.000        58974.8        3261.44       0.144998E-004  0.909967E-006   760.122        7.22040        3.46857      -0.113296E+008
  290.013        58974.8        3260.63       0.150498E-004  0.911057E-006   800.598        7.21736        3.46711      -0.113163E+008
  307.026        58974.8        3259.78       0.155345E-004  0.912181E-006   836.302        7.21421        3.46559      -0.113024E+008
  324.038        58974.8        3258.91       0.159635E-004  0.913353E-006   868.054        7.21090        3.46400      -0.112878E+008
  341.051        58974.8        3245.54       0.187394E-004  0.878811E-006   894.308        7.26831        3.49159      -0.112665E+008
  358.064        58974.8        3242.68       0.194041E-004  0.875090E-006   919.676        7.27399        3.49431      -0.112506E+008
  375.077        58974.8        3241.60       0.197525E-004  0.876437E-006   943.224        7.27017        3.49248      -0.112347E+008
  392.090        58974.8        3240.50       0.200677E-004  0.877815E-006   965.051        7.26623        3.49058      -0.112185E+008
  409.103        58974.8        3239.39       0.203538E-004  0.879209E-006   985.354        7.26224        3.48867      -0.112019E+008
  426.115        58974.8        3238.26       0.206155E-004  0.880634E-006   1004.29        7.25813        3.48669      -0.111849E+008
  443.128        58974.8        3237.12       0.208552E-004  0.882073E-006   1021.99        7.25398        3.48470      -0.111677E+008
  460.141        58974.8        3235.96       0.210763E-004  0.883537E-006   1038.58        7.24973        3.48266      -0.111502E+008
  477.154        58974.8        3234.79       0.212810E-004  0.885020E-006   1054.16        7.24542        3.48059      -0.111323E+008
  494.167        58974.8        3233.62       0.214714E-004  0.886521E-006   1068.81        7.24104        3.47848      -0.111143E+008
  511.179        58974.8        3232.43       0.216490E-004  0.888039E-006   1082.62        7.23662        3.47636      -0.110960E+008
  528.192        58974.8        3231.23       0.218157E-004  0.889578E-006   1095.65        7.23211        3.47419      -0.110774E+008
  545.205        58974.8        3230.03       0.219721E-004  0.891125E-006   1107.97        7.22760        3.47203      -0.110587E+008
  562.218        58974.8        3228.82       0.221201E-004  0.892695E-006   1119.62        7.22301        3.46982      -0.110397E+008
  579.231        58974.8        3227.60       0.222599E-004  0.894273E-006   1130.67        7.21841        3.46761      -0.110205E+008
  596.244        58974.8        3226.37       0.223929E-004  0.895870E-006   1141.14        7.21375        3.46537      -0.110012E+008
  613.256        58974.8        3225.14       0.225197E-004  0.897479E-006   1151.08        7.20905        3.46312      -0.109817E+008
  630.269        58974.8        3223.90       0.226410E-004  0.899104E-006   1160.54        7.20432        3.46084      -0.109620E+008
  647.282        58974.8        3222.65       0.227572E-004  0.900740E-006   1169.54        7.19956        3.45856      -0.109422E+008
  664.295        58974.8        3221.40       0.228690E-004  0.902390E-006   1178.11        7.19476        3.45625      -0.109222E+008
  681.308        58974.8        3219.97       0.230624E-004  0.903787E-006   1186.72        7.18946        3.45370      -0.109018E+008
  698.321        58974.8        3218.44       0.232901E-004  0.905079E-006   1195.15        7.18398        3.45107      -0.108811E+008
  715.333        58974.8        3419.80       0.256162E-004  0.702259E-006   1149.15        7.83191        3.76233      -0.109432E+008
  732.346        58974.8        3418.30       0.257356E-004  0.704144E-006   1155.81        7.82500        3.75901      -0.109236E+008
  749.359        58974.8        3416.80       0.258528E-004  0.706047E-006   1162.19        7.81804        3.75566      -0.109038E+008
  766.372        58974.8        3415.29       0.259668E-004  0.707958E-006   1168.30        7.81108        3.75232      -0.108839E+008
  783.385        58974.8        3413.77       0.260796E-004  0.709892E-006   1174.16        7.80404        3.74894      -0.108639E+008
  800.397        58974.8        3412.25       0.261897E-004  0.711834E-006   1179.78        7.79702        3.74557      -0.108438E+008
  817.410        58974.8        3410.72       0.262986E-004  0.713796E-006   1185.18        7.78994        3.74216      -0.108236E+008
  834.423        58974.8        3409.18       0.264057E-004  0.715771E-006   1190.38        7.78284        3.73875      -0.108033E+008
  851.436        58974.8        3407.64       0.265114E-004  0.717760E-006   1195.38        7.77571        3.73533      -0.107829E+008
  868.449        58974.8        3406.10       0.266158E-004  0.719764E-006   1200.19        7.76856        3.73190      -0.107625E+008
  885.462        58974.8        3386.27       0.262136E-004  0.718508E-006   1208.72        7.79651        3.74532      -0.109176E+008
  902.474        58974.8        3382.51       0.262537E-004  0.720161E-006   1213.74        7.79334        3.74380      -0.109187E+008
  919.487        58974.8        3411.73       0.252339E-004  0.729156E-006   1186.20        7.69936        3.69865      -0.110721E+008
  936.500        58974.8        3410.03       0.253216E-004  0.731136E-006   1190.44        7.69244        3.69533      -0.110538E+008
  953.513        58974.8        3408.32       0.254085E-004  0.733131E-006   1194.55        7.68550        3.69200      -0.110354E+008
  970.526        58974.8        3406.48       0.254921E-004  0.735116E-006   1198.56        7.67878        3.68877      -0.110179E+008
  987.538        58974.8        3404.64       0.255751E-004  0.737115E-006   1202.46        7.67204        3.68553      -0.110004E+008
  1004.55        58974.8        3402.69       0.256555E-004  0.739111E-006   1206.26        7.66546        3.68237      -0.109837E+008
  1021.56        58974.8        3400.74       0.257354E-004  0.741122E-006   1209.96        7.65885        3.67919      -0.109668E+008
  1038.58        58974.8        3398.71       0.258132E-004  0.743132E-006   1213.57        7.65237        3.67608      -0.109506E+008
  1055.59        58974.8        3396.67       0.258907E-004  0.745159E-006   1217.08        7.64586        3.67295      -0.109344E+008
  1072.60        58974.8        3394.56       0.259665E-004  0.747188E-006   1220.51        7.63944        3.66987      -0.109186E+008
  1089.62        58974.8        3392.45       0.260421E-004  0.749234E-006   1223.84        7.63298        3.66677      -0.109027E+008
  1106.63        58974.8        3390.26       0.261160E-004  0.751283E-006   1227.11        7.62662        3.66371      -0.108874E+008
  1123.64        58974.8        3388.11       0.261906E-004  0.753356E-006   1230.28        7.62016        3.66061      -0.108717E+008
  1140.65        58974.8        3385.83       0.262624E-004  0.755421E-006   1233.40        7.61389        3.65760      -0.108569E+008
  1157.67        58974.8        3383.69       0.263372E-004  0.757529E-006   1236.40        7.60734        3.65445      -0.108411E+008
  1174.68        58974.8        3381.44       0.264097E-004  0.759635E-006   1239.35        7.60093        3.65137      -0.108259E+008
  1191.69        58974.8        3379.19       0.264823E-004  0.761758E-006   1242.22        7.59448        3.64827      -0.108108E+008
  1208.71        58974.8        3376.84       0.265527E-004  0.763880E-006   1245.05        7.58819        3.64525      -0.107964E+008
  1225.72        58974.8        3374.65       0.266268E-004  0.766049E-006   1247.76        7.58155        3.64206      -0.107806E+008
  1242.73        58974.8        3373.05       0.267146E-004  0.768343E-006   1250.19        7.57378        3.63833      -0.107599E+008
  1259.74        58974.8        3370.06       0.267711E-004  0.770406E-006   1253.03        7.56852        3.63580      -0.107505E+008
  1276.76        58974.8        3367.76       0.268432E-004  0.772609E-006   1255.57        7.56197        3.63265      -0.107355E+008
  1293.77        58974.8        3365.45       0.269156E-004  0.774831E-006   1258.05        7.55537        3.62948      -0.107204E+008
  1310.78        58974.8        3363.02       0.269853E-004  0.777049E-006   1260.50        7.54897        3.62641      -0.107064E+008
  1327.79        58974.8        3360.83       0.270609E-004  0.779328E-006   1262.81        7.54208        3.62310      -0.106903E+008
  1344.81        58974.8        3358.52       0.271340E-004  0.781607E-006   1265.11        7.53537        3.61987      -0.106751E+008
  1361.82        58974.8        3356.19       0.272071E-004  0.783901E-006   1267.34        7.52864        3.61664      -0.106599E+008
  1378.83        58974.8        3353.87       0.272808E-004  0.786217E-006   1269.52        7.52185        3.61338      -0.106447E+008
  1395.85        58974.8        3351.55       0.273548E-004  0.788552E-006   1271.65        7.51503        3.61010      -0.106294E+008
  1412.86        58974.8        3349.24       0.274292E-004  0.790908E-006   1273.71        7.50815        3.60680      -0.106140E+008
  1429.87        58974.8        3346.92       0.275040E-004  0.793283E-006   1275.73        7.50124        3.60348      -0.105986E+008
  1446.88        58974.8        3344.60       0.275794E-004  0.795680E-006   1277.69        7.49427        3.60013      -0.105831E+008
  1463.90        58974.8        3342.29       0.276552E-004  0.798098E-006   1279.60        7.48727        3.59677      -0.105676E+008
  1480.91        58974.8        3339.98       0.277316E-004  0.800537E-006   1281.45        7.48021        3.59338      -0.105519E+008
  1497.92        58974.8        3337.67       0.278084E-004  0.802997E-006   1283.26        7.47311        3.58997      -0.105363E+008
  1514.94        58974.8        3335.37       0.278859E-004  0.805480E-006   1285.01        7.46595        3.58653      -0.105205E+008
  1531.95        58974.8        3333.07       0.279639E-004  0.807984E-006   1286.72        7.45876        3.58307      -0.105046E+008
  1548.96        58974.8        3330.77       0.280427E-004  0.810512E-006   1288.37        7.45151        3.57959      -0.104887E+008
  1565.97        58974.8        3328.48       0.281219E-004  0.813061E-006   1289.98        7.44422        3.57609      -0.104727E+008
  1582.99        58974.8        3326.19       0.282019E-004  0.815634E-006   1291.54        7.43687        3.57256      -0.104565E+008
  1600.00        58974.8        3323.91       0.282825E-004  0.818229E-006   1293.05        7.42948        3.56901      -0.104404E+008
  273.000        60256.8        3265.24       0.144215E-004  0.904425E-006   759.751        7.23753        3.47680      -0.112905E+008
  290.013        60256.8        3264.43       0.149681E-004  0.905513E-006   800.249        7.23447        3.47533      -0.112772E+008
  307.026        60256.8        3263.59       0.154499E-004  0.906631E-006   835.975        7.23130        3.47381      -0.112632E+008
  324.038        60256.8        3262.72       0.158765E-004  0.907769E-006   867.749        7.22807        3.47225      -0.112487E+008
  341.051        60256.8        3251.92       0.182275E-004  0.881572E-006   894.161        7.27033        3.49255      -0.112281E+008
  358.064        60256.8        3247.64       0.191007E-004  0.874178E-006   919.437        7.28247        3.49838      -0.112117E+008
  375.077        60256.8        3245.23       0.196508E-004  0.871967E-006   942.930        7.28528        3.49974      -0.111955E+008
  392.090        60256.8        3244.14       0.199640E-004  0.873324E-006   964.774        7.28138        3.49786      -0.111792E+008
  409.103        60256.8        3243.03       0.202489E-004  0.874712E-006   985.087        7.27736        3.49593      -0.111626E+008
  426.115        60256.8        3241.91       0.205086E-004  0.876114E-006   1004.03        7.27329        3.49398      -0.111457E+008
  443.128        60256.8        3240.77       0.207468E-004  0.877536E-006   1021.75        7.26916        3.49199      -0.111285E+008
  460.141        60256.8        3239.62       0.209666E-004  0.878983E-006   1038.35        7.26494        3.48996      -0.111109E+008
  477.154        60256.8        3238.46       0.211699E-004  0.880447E-006   1053.93        7.26065        3.48790      -0.110931E+008
  494.167        60256.8        3237.28       0.213590E-004  0.881931E-006   1068.59        7.25629        3.48581      -0.110751E+008
  511.179        60256.8        3236.10       0.215357E-004  0.883437E-006   1082.41        7.25185        3.48368      -0.110568E+008
  528.192        60256.8        3234.91       0.217010E-004  0.884951E-006   1095.45        7.24740        3.48154      -0.110382E+008
  545.205        60256.8        3233.71       0.218565E-004  0.886486E-006   1107.77        7.24288        3.47937      -0.110195E+008
  562.218        60256.8        3232.51       0.220030E-004  0.888028E-006   1119.42        7.23836        3.47719      -0.110005E+008
  579.231        60256.8        3231.29       0.221419E-004  0.889589E-006   1130.47        7.23377        3.47499      -0.109814E+008
  596.244        60256.8        3230.07       0.222739E-004  0.891166E-006   1140.95        7.22913        3.47276      -0.109620E+008
  613.256        60256.8        3228.84       0.223997E-004  0.892756E-006   1150.90        7.22446        3.47052      -0.109425E+008
  630.269        60256.8        3227.61       0.225201E-004  0.894362E-006   1160.35        7.21974        3.46825      -0.109228E+008
  647.282        60256.8        3226.37       0.226354E-004  0.895978E-006   1169.35        7.21501        3.46598      -0.109030E+008
  664.295        60256.8        3225.12       0.227462E-004  0.897607E-006   1177.92        7.21024        3.46369      -0.108830E+008
  681.308        60256.8        3223.77       0.228982E-004  0.899111E-006   1186.33        7.20517        3.46125      -0.108628E+008
  698.321        60256.8        3338.40       0.245238E-004  0.782354E-006   1164.05        7.56395        3.63360      -0.108912E+008
  715.333        60256.8        3422.87       0.254724E-004  0.697973E-006   1148.94        7.85175        3.77186      -0.109064E+008
  732.346        60256.8        3421.38       0.255907E-004  0.699831E-006   1155.60        7.84488        3.76856      -0.108868E+008
  749.359        60256.8        3419.88       0.257062E-004  0.701703E-006   1161.97        7.83799        3.76525      -0.108670E+008
  766.372        60256.8        3418.38       0.258198E-004  0.703594E-006   1168.08        7.83104        3.76191      -0.108471E+008
  783.385        60256.8        3416.87       0.259307E-004  0.705495E-006   1173.94        7.82408        3.75857      -0.108271E+008
  800.397        60256.8        3415.35       0.260404E-004  0.707416E-006   1179.56        7.81707        3.75520      -0.108070E+008
  817.410        60256.8        3413.83       0.261480E-004  0.709350E-006   1184.96        7.81004        3.75182      -0.107868E+008
  834.423        60256.8        3412.30       0.262539E-004  0.711296E-006   1190.15        7.80298        3.74843      -0.107665E+008
  851.436        60256.8        3410.77       0.263585E-004  0.713257E-006   1195.15        7.79590        3.74503      -0.107462E+008
  868.449        60256.8        3409.24       0.264618E-004  0.715232E-006   1199.96        7.78880        3.74162      -0.107257E+008
  885.462        60256.8        3383.71       0.259003E-004  0.712834E-006   1209.73        7.82860        3.76074      -0.109354E+008
  902.474        60256.8        3380.23       0.259463E-004  0.714502E-006   1214.71        7.82498        3.75900      -0.109339E+008
  919.487        60256.8        3409.01       0.249546E-004  0.723413E-006   1187.76        7.73166        3.71417      -0.110826E+008
  936.500        60256.8        3407.75       0.250503E-004  0.725451E-006   1191.89        7.72385        3.71042      -0.110608E+008
  953.513        60256.8        3406.05       0.251361E-004  0.727420E-006   1196.01        7.71689        3.70708      -0.110424E+008
  970.526        60256.8        3404.21       0.252180E-004  0.729375E-006   1200.04        7.71020        3.70386      -0.110251E+008
  987.538        60256.8        3402.68       0.253064E-004  0.731406E-006   1203.85        7.70284        3.70032      -0.110052E+008
  1004.55        60256.8        3400.75       0.253854E-004  0.733373E-006   1207.67        7.69626        3.69717      -0.109884E+008
  1021.56        60256.8        3399.08       0.254700E-004  0.735407E-006   1211.28        7.68911        3.69373      -0.109694E+008
  1038.58        60256.8        3397.05       0.255465E-004  0.737389E-006   1214.90        7.68264        3.69062      -0.109533E+008
  1055.59        60256.8        3395.28       0.256284E-004  0.739435E-006   1218.34        7.67563        3.68725      -0.109349E+008
  1072.60        60256.8        3393.13       0.257018E-004  0.741425E-006   1221.79        7.66932        3.68422      -0.109195E+008
  1089.62        60256.8        3391.32       0.257826E-004  0.743496E-006   1225.04        7.66230        3.68085      -0.109014E+008
  1106.63        60256.8        3388.83       0.258481E-004  0.745453E-006   1228.42        7.65659        3.67811      -0.108886E+008
  1123.64        60256.8        3387.50       0.259396E-004  0.747648E-006   1231.32        7.64855        3.67424      -0.108663E+008
  1140.65        60256.8        3384.98       0.260043E-004  0.749633E-006   1234.53        7.64281        3.67149      -0.108537E+008
  1157.67        60256.8        3383.05       0.260823E-004  0.751746E-006   1237.46        7.63588        3.66816      -0.108362E+008
  1174.68        60256.8        3380.97       0.261572E-004  0.753849E-006   1240.36        7.62919        3.66494      -0.108197E+008
  1191.69        60256.8        3379.20       0.262390E-004  0.756026E-006   1243.08        7.62188        3.66143      -0.108008E+008
  1208.71        60256.8        3376.27       0.262947E-004  0.758003E-006   1246.12        7.61674        3.65896      -0.107912E+008
  1225.72        60256.8        3374.74       0.263823E-004  0.760260E-006   1248.60        7.60889        3.65519      -0.107701E+008
  1242.73        60256.8        3372.47       0.264531E-004  0.762394E-006   1251.27        7.60242        3.65208      -0.107551E+008
  1259.74        60256.8        3370.06       0.265210E-004  0.764522E-006   1253.91        7.59616        3.64908      -0.107411E+008
  1276.76        60256.8        3367.89       0.265946E-004  0.766711E-006   1256.41        7.58941        3.64584      -0.107250E+008
  1293.77        60256.8        3366.02       0.266753E-004  0.768974E-006   1258.73        7.58207        3.64231      -0.107065E+008
  1310.78        60256.8        3363.16       0.267337E-004  0.771075E-006   1261.35        7.57651        3.63964      -0.106960E+008
  1327.79        60256.8        3361.49       0.268197E-004  0.773411E-006   1263.47        7.56871        3.63589      -0.106756E+008
  1344.81        60256.8        3359.27       0.268933E-004  0.775664E-006   1265.73        7.56190        3.63262      -0.106598E+008
  1361.82        60256.8        3357.12       0.269687E-004  0.777949E-006   1267.91        7.55492        3.62926      -0.106433E+008
  1378.83        60256.8        3354.51       0.270340E-004  0.780172E-006   1270.20        7.54871        3.62628      -0.106305E+008
  1395.85        60256.8        3352.25       0.271076E-004  0.782475E-006   1272.30        7.54185        3.62299      -0.106149E+008
  1412.86        60256.8        3349.94       0.271806E-004  0.784790E-006   1274.37        7.53502        3.61971      -0.105995E+008
  1429.87        60256.8        3347.77       0.272570E-004  0.787148E-006   1276.33        7.52792        3.61629      -0.105830E+008
  1446.88        60256.8        3345.42       0.273299E-004  0.789496E-006   1278.30        7.52107        3.61301      -0.105679E+008
  1463.90        60256.8        3343.28       0.274081E-004  0.791901E-006   1280.15        7.51382        3.60952      -0.105509E+008
  1480.91        60256.8        3341.06       0.274847E-004  0.794310E-006   1281.97        7.50668        3.60609      -0.105347E+008
  1497.92        60256.8        3338.80       0.275610E-004  0.796735E-006   1283.76        7.49955        3.60267      -0.105186E+008
  1514.94        60256.8        3336.51       0.276370E-004  0.799174E-006   1285.51        7.49245        3.59926      -0.105029E+008
  1531.95        60256.8        3334.33       0.277160E-004  0.801653E-006   1287.17        7.48511        3.59573      -0.104861E+008
  1548.96        60256.8        3332.01       0.277923E-004  0.804129E-006   1288.83        7.47798        3.59230      -0.104705E+008
  1565.97        60256.8        3329.87       0.278733E-004  0.806657E-006   1290.38        7.47050        3.58871      -0.104533E+008
  1582.99        60256.8        3327.65       0.279531E-004  0.809194E-006   1291.91        7.46310        3.58516      -0.104367E+008
  1600.00        60256.8        3325.42       0.280330E-004  0.811749E-006   1293.40        7.45570        3.58160      -0.104202E+008
  273.000        61538.8        3269.01       0.143442E-004  0.898963E-006   759.383        7.25457        3.48498      -0.112514E+008
  290.013        61538.8        3268.21       0.148877E-004  0.900037E-006   799.906        7.25152        3.48352      -0.112381E+008
  307.026        61538.8        3267.37       0.153669E-004  0.901124E-006   835.654        7.24843        3.48203      -0.112242E+008
  324.038        61538.8        3266.52       0.157903E-004  0.902313E-006   867.443        7.24498        3.48038      -0.112096E+008
  341.051        61538.8        3265.63       0.161678E-004  0.903451E-006   895.928        7.24171        3.47881      -0.111946E+008
  358.064        61538.8        3253.88       0.186097E-004  0.876328E-006   919.267        7.28552        3.49985      -0.111733E+008
  375.077        61538.8        3249.94       0.193860E-004  0.870289E-006   942.665        7.29520        3.50450      -0.111566E+008
  392.090        61538.8        3247.77       0.198617E-004  0.868890E-006   964.498        7.29644        3.50509      -0.111400E+008
  409.103        61538.8        3246.66       0.201446E-004  0.870255E-006   984.824        7.29246        3.50319      -0.111235E+008
  426.115        61538.8        3245.54       0.204030E-004  0.871647E-006   1003.78        7.28839        3.50123      -0.111065E+008
  443.128        61538.8        3244.41       0.206398E-004  0.873052E-006   1021.50        7.28428        3.49925      -0.110893E+008
  460.141        61538.8        3243.26       0.208581E-004  0.874481E-006   1038.11        7.28007        3.49723      -0.110718E+008
  477.154        61538.8        3242.10       0.210601E-004  0.875929E-006   1053.71        7.27580        3.49518      -0.110540E+008
  494.167        61538.8        3240.94       0.212479E-004  0.877394E-006   1068.38        7.27147        3.49310      -0.110359E+008
  511.179        61538.8        3239.76       0.214232E-004  0.878876E-006   1082.20        7.26708        3.49099      -0.110176E+008
  528.192        61538.8        3238.57       0.215876E-004  0.880380E-006   1095.24        7.26261        3.48885      -0.109991E+008
  545.205        61538.8        3237.38       0.217417E-004  0.881889E-006   1107.57        7.25816        3.48671      -0.109803E+008
  562.218        61538.8        3236.18       0.218876E-004  0.883421E-006   1119.23        7.25361        3.48452      -0.109614E+008
  579.231        61538.8        3234.97       0.220253E-004  0.884961E-006   1130.28        7.24905        3.48233      -0.109422E+008
  596.244        61538.8        3233.75       0.221563E-004  0.886519E-006   1140.76        7.24444        3.48011      -0.109229E+008
  613.256        61538.8        3232.53       0.222812E-004  0.888090E-006   1150.71        7.23979        3.47788      -0.109034E+008
  630.269        61538.8        3231.30       0.224006E-004  0.889675E-006   1160.17        7.23510        3.47563      -0.108837E+008
  647.282        61538.8        3230.06       0.225149E-004  0.891272E-006   1169.17        7.23038        3.47336      -0.108639E+008
  664.295        61538.8        3228.82       0.226249E-004  0.892882E-006   1177.74        7.22563        3.47108      -0.108439E+008
  681.308        61538.8        3227.56       0.227359E-004  0.894489E-006   1185.94        7.22083        3.46877      -0.108238E+008
  698.321        61538.8        3427.41       0.252103E-004  0.691926E-006   1141.77        7.87829        3.78461      -0.108892E+008
  715.333        61538.8        3425.93       0.253306E-004  0.693747E-006   1148.73        7.87149        3.78134      -0.108697E+008
  732.346        61538.8        3424.44       0.254479E-004  0.695582E-006   1155.39        7.86465        3.77806      -0.108500E+008
  749.359        61538.8        3422.95       0.255626E-004  0.697431E-006   1161.76        7.85778        3.77476      -0.108302E+008
  766.372        61538.8        3421.45       0.256743E-004  0.699288E-006   1167.86        7.85092        3.77146      -0.108103E+008
  783.385        61538.8        3419.95       0.257849E-004  0.701170E-006   1173.72        7.84397        3.76812      -0.107904E+008
  800.397        61538.8        3418.44       0.258927E-004  0.703057E-006   1179.34        7.83703        3.76479      -0.107703E+008
  817.410        61538.8        3416.93       0.259994E-004  0.704966E-006   1184.74        7.83003        3.76142      -0.107501E+008
  834.423        61538.8        3415.41       0.261042E-004  0.706884E-006   1189.93        7.82302        3.75806      -0.107298E+008
  851.436        61538.8        3413.88       0.262077E-004  0.708818E-006   1194.92        7.81599        3.75468      -0.107095E+008
  868.449        61538.8        3412.35       0.263099E-004  0.710765E-006   1199.73        7.80892        3.75129      -0.106890E+008
  885.462        61538.8        3381.38       0.255960E-004  0.707234E-006   1210.70        7.86048        3.77605      -0.109506E+008
  902.474        61538.8        3378.16       0.256474E-004  0.708914E-006   1215.64        7.85642        3.77410      -0.109468E+008
  919.487        61538.8        3406.45       0.246811E-004  0.717730E-006   1189.29        7.76389        3.72965      -0.110914E+008
  936.500        61538.8        3405.07       0.247728E-004  0.719719E-006   1193.47        7.75632        3.72601      -0.110707E+008
  953.513        61538.8        3403.69       0.248639E-004  0.721721E-006   1197.50        7.74872        3.72236      -0.110499E+008
  970.526        61538.8        3402.17       0.249512E-004  0.723710E-006   1201.45        7.74139        3.71884      -0.110302E+008
  987.538        61538.8        3400.64       0.250380E-004  0.725712E-006   1205.27        7.73404        3.71531      -0.110104E+008
  1004.55        61538.8        3398.98       0.251218E-004  0.727706E-006   1209.01        7.72690        3.71188      -0.109914E+008
  1021.56        61538.8        3397.33       0.252052E-004  0.729714E-006   1212.64        7.71974        3.70844      -0.109724E+008
  1038.58        61538.8        3395.57       0.252862E-004  0.731717E-006   1216.18        7.71275        3.70509      -0.109542E+008
  1055.59        61538.8        3393.81       0.253668E-004  0.733735E-006   1219.62        7.70573        3.70171      -0.109359E+008
  1072.60        61538.8        3391.97       0.254455E-004  0.735753E-006   1222.99        7.69884        3.69840      -0.109181E+008
  1089.62        61538.8        3390.12       0.255240E-004  0.737785E-006   1226.26        7.69193        3.69508      -0.109003E+008
  1106.63        61538.8        3388.18       0.256003E-004  0.739815E-006   1229.46        7.68516        3.69183      -0.108832E+008
  1123.64        61538.8        3386.29       0.256776E-004  0.741871E-006   1232.56        7.67826        3.68852      -0.108656E+008
  1140.65        61538.8        3385.25       0.257741E-004  0.744106E-006   1235.28        7.66964        3.68438      -0.108410E+008
  1157.67        61538.8        3382.34       0.258286E-004  0.745998E-006   1238.55        7.66468        3.68199      -0.108316E+008
  1174.68        61538.8        3380.32       0.259031E-004  0.748077E-006   1241.44        7.65792        3.67875      -0.108148E+008
  1191.69        61538.8        3378.30       0.259777E-004  0.750173E-006   1244.25        7.65113        3.67548      -0.107980E+008
  1208.71        61538.8        3376.25       0.260517E-004  0.752279E-006   1246.99        7.64436        3.67223      -0.107813E+008
  1225.72        61538.8        3374.18       0.261255E-004  0.754400E-006   1249.66        7.63758        3.66897      -0.107648E+008
  1242.73        61538.8        3372.53       0.262090E-004  0.756617E-006   1252.12        7.62995        3.66531      -0.107447E+008
  1259.74        61538.8        3370.00       0.262726E-004  0.758683E-006   1254.81        7.62399        3.66245      -0.107318E+008
  1276.76        61538.8        3367.88       0.263459E-004  0.760847E-006   1257.29        7.61718        3.65917      -0.107154E+008
  1293.77        61538.8        3365.77       0.264194E-004  0.763027E-006   1259.71        7.61034        3.65589      -0.106989E+008
  1310.78        61538.8        3363.58       0.264915E-004  0.765212E-006   1262.09        7.60359        3.65265      -0.106830E+008
  1327.79        61538.8        3361.50       0.265665E-004  0.767436E-006   1264.36        7.59660        3.64929      -0.106661E+008
  1344.81        61538.8        3359.35       0.266399E-004  0.769662E-006   1266.60        7.58971        3.64598      -0.106498E+008
  1361.82        61538.8        3357.21       0.267141E-004  0.771911E-006   1268.78        7.58275        3.64264      -0.106333E+008
  1378.83        61538.8        3355.05       0.267882E-004  0.774175E-006   1270.90        7.57579        3.63929      -0.106169E+008
  1395.85        61538.8        3352.90       0.268625E-004  0.776457E-006   1272.97        7.56879        3.63593      -0.106005E+008
  1412.86        61538.8        3350.73       0.269372E-004  0.778757E-006   1274.98        7.56176        3.63255      -0.105840E+008
  1429.87        61538.8        3348.57       0.270122E-004  0.781075E-006   1276.94        7.55469        3.62916      -0.105675E+008
  1446.88        61538.8        3346.40       0.270876E-004  0.783413E-006   1278.85        7.54759        3.62575      -0.105510E+008
  1463.90        61538.8        3344.24       0.271633E-004  0.785770E-006   1280.71        7.54046        3.62232      -0.105344E+008
  1480.91        61538.8        3342.07       0.272395E-004  0.788146E-006   1282.51        7.53328        3.61887      -0.105178E+008
  1497.92        61538.8        3339.90       0.273161E-004  0.790542E-006   1284.26        7.52607        3.61541      -0.105011E+008
  1514.94        61538.8        3337.73       0.273932E-004  0.792958E-006   1285.97        7.51882        3.61192      -0.104844E+008
  1531.95        61538.8        3335.56       0.274707E-004  0.795394E-006   1287.62        7.51153        3.60842      -0.104676E+008
  1548.96        61538.8        3333.39       0.275488E-004  0.797851E-006   1289.23        7.50419        3.60490      -0.104508E+008
  1565.97        61538.8        3331.22       0.276274E-004  0.800329E-006   1290.79        7.49683        3.60136      -0.104339E+008
  1582.99        61538.8        3329.06       0.277066E-004  0.802828E-006   1292.30        7.48941        3.59780      -0.104170E+008
  1600.00        61538.8        3326.89       0.277863E-004  0.805348E-006   1293.76        7.48196        3.59422      -0.104000E+008
  273.000        62820.9        3272.77       0.142680E-004  0.893583E-006   759.017        7.27151        3.49312      -0.112123E+008
  290.013        62820.9        3271.97       0.148085E-004  0.894629E-006   799.563        7.26852        3.49168      -0.111990E+008
  307.026        62820.9        3271.14       0.152847E-004  0.895720E-006   835.333        7.26538        3.49018      -0.111851E+008
  324.038        62820.9        3270.28       0.157059E-004  0.896867E-006   867.144        7.26204        3.48857      -0.111706E+008
  341.051        62820.9        3269.40       0.160809E-004  0.898019E-006   895.645        7.25868        3.48696      -0.111556E+008
  358.064        62820.9        3259.38       0.182376E-004  0.876246E-006   919.061        7.29289        3.50339      -0.111348E+008
  375.077        62820.9        3255.68       0.189690E-004  0.871010E-006   942.430        7.30081        3.50720      -0.111181E+008
  392.090        62820.9        3252.36       0.196128E-004  0.866873E-006   964.208        7.30699        3.51017      -0.111012E+008
  409.103        62820.9        3250.28       0.200418E-004  0.865856E-006   984.563        7.30746        3.51039      -0.110843E+008
  426.115        62820.9        3249.16       0.202985E-004  0.867228E-006   1003.53        7.30343        3.50845      -0.110674E+008
  443.128        62820.9        3248.03       0.205340E-004  0.868620E-006   1021.26        7.29931        3.50648      -0.110502E+008
  460.141        62820.9        3246.89       0.207509E-004  0.870033E-006   1037.88        7.29513        3.50447      -0.110326E+008
  477.154        62820.9        3245.74       0.209517E-004  0.871463E-006   1053.48        7.29088        3.50243      -0.110148E+008
  494.167        62820.9        3244.58       0.211383E-004  0.872912E-006   1068.16        7.28656        3.50035      -0.109968E+008
  511.179        62820.9        3243.40       0.213126E-004  0.874382E-006   1081.99        7.28217        3.49824      -0.109785E+008
  528.192        62820.9        3242.22       0.214755E-004  0.875860E-006   1095.04        7.27777        3.49613      -0.109600E+008
  545.205        62820.9        3241.03       0.216289E-004  0.877359E-006   1107.37        7.27328        3.49397      -0.109412E+008
  562.218        62820.9        3239.84       0.217733E-004  0.878865E-006   1119.03        7.26880        3.49182      -0.109223E+008
  579.231        62820.9        3238.63       0.219101E-004  0.880388E-006   1130.09        7.26426        3.48964      -0.109031E+008
  596.244        62820.9        3237.42       0.220402E-004  0.881928E-006   1140.57        7.25966        3.48743      -0.108838E+008
  613.256        62820.9        3236.20       0.221641E-004  0.883480E-006   1150.53        7.25504        3.48521      -0.108643E+008
  630.269        62820.9        3234.98       0.222826E-004  0.885047E-006   1159.99        7.25037        3.48296      -0.108446E+008
  647.282        62820.9        3233.75       0.223961E-004  0.886624E-006   1168.99        7.24568        3.48071      -0.108248E+008
  664.295        62820.9        3232.51       0.225050E-004  0.888214E-006   1177.56        7.24095        3.47844      -0.108048E+008
  681.308        62820.9        3324.04       0.239344E-004  0.794328E-006   1162.12        7.53084        3.61770      -0.108257E+008
  698.321        62820.9        3430.44       0.250715E-004  0.687783E-006   1141.56        7.89789        3.79402      -0.108525E+008
  715.333        62820.9        3428.97       0.251907E-004  0.689579E-006   1148.52        7.89112        3.79077      -0.108330E+008
  732.346        62820.9        3427.49       0.253066E-004  0.691387E-006   1155.18        7.88434        3.78751      -0.108133E+008
  749.359        62820.9        3426.00       0.254201E-004  0.693210E-006   1161.55        7.87752        3.78424      -0.107935E+008
  766.372        62820.9        3424.51       0.255314E-004  0.695048E-006   1167.65        7.87066        3.78094      -0.107736E+008
  783.385        62820.9        3423.02       0.256400E-004  0.696895E-006   1173.50        7.86379        3.77764      -0.107536E+008
  800.397        62820.9        3421.51       0.257471E-004  0.698761E-006   1179.12        7.85688        3.77432      -0.107336E+008
  817.410        62820.9        3420.01       0.258529E-004  0.700644E-006   1184.52        7.84992        3.77098      -0.107134E+008
  834.423        62820.9        3418.49       0.259566E-004  0.702536E-006   1189.71        7.84295        3.76763      -0.106931E+008
  851.436        62820.9        3416.98       0.260589E-004  0.704442E-006   1194.70        7.83596        3.76427      -0.106728E+008
  868.449        62820.9        3415.45       0.261600E-004  0.706362E-006   1199.51        7.82894        3.76090      -0.106523E+008
  885.462        62820.9        3379.28       0.253006E-004  0.701709E-006   1211.63        7.89214        3.79126      -0.109633E+008
  902.474        62820.9        3376.30       0.253570E-004  0.703401E-006   1216.53        7.88766        3.78911      -0.109574E+008
  919.487        62820.9        3373.35       0.254132E-004  0.705116E-006   1221.27        7.88306        3.78690      -0.109511E+008
  936.500        62820.9        3402.98       0.245102E-004  0.714133E-006   1194.87        7.78781        3.74114      -0.110757E+008
  953.513        62820.9        3401.85       0.246053E-004  0.716159E-006   1198.84        7.77969        3.73724      -0.110530E+008
  970.526        62820.9        3400.34       0.246915E-004  0.718122E-006   1202.80        7.77234        3.73371      -0.110332E+008
  987.538        62820.9        3399.05       0.247822E-004  0.720146E-006   1206.56        7.76448        3.72994      -0.110116E+008
  1004.55        62820.9        3397.41       0.248648E-004  0.722113E-006   1210.30        7.75734        3.72651      -0.109927E+008
  1021.56        62820.9        3395.99       0.249520E-004  0.724140E-006   1213.86        7.74970        3.72284      -0.109719E+008
  1038.58        62820.9        3394.25       0.250318E-004  0.726116E-006   1217.41        7.74271        3.71948      -0.109536E+008
  1055.59        62820.9        3392.72       0.251160E-004  0.728149E-006   1220.79        7.73524        3.71589      -0.109335E+008
  1072.60        62820.9        3390.86       0.251929E-004  0.730133E-006   1224.17        7.72841        3.71261      -0.109160E+008
  1089.62        62820.9        3389.26       0.252753E-004  0.732183E-006   1227.36        7.72103        3.70906      -0.108963E+008
  1106.63        62820.9        3387.03       0.253437E-004  0.734124E-006   1230.67        7.71488        3.70611      -0.108817E+008
  1123.64        62820.9        3385.74       0.254329E-004  0.736265E-006   1233.58        7.70680        3.70223      -0.108593E+008
  1140.65        62820.9        3383.65       0.255044E-004  0.738266E-006   1236.66        7.70029        3.69910      -0.108433E+008
  1157.67        62820.9        3381.91       0.255837E-004  0.740351E-006   1239.54        7.69305        3.69562      -0.108245E+008
  1174.68        62820.9        3380.06       0.256605E-004  0.742430E-006   1242.38        7.68600        3.69223      -0.108064E+008
  1191.69        62820.9        3378.43       0.257424E-004  0.744567E-006   1245.06        7.67848        3.68862      -0.107865E+008
  1208.71        62820.9        3375.78       0.258014E-004  0.746523E-006   1248.01        7.67293        3.68595      -0.107748E+008
  1225.72        62820.9        3374.36       0.258884E-004  0.748734E-006   1250.46        7.66492        3.68211      -0.107531E+008
  1242.73        62820.9        3372.34       0.259620E-004  0.750847E-006   1253.05        7.65804        3.67880      -0.107360E+008
  1259.74        62820.9        3370.14       0.260315E-004  0.752939E-006   1255.64        7.65150        3.67566      -0.107205E+008
  1276.76        62820.9        3368.16       0.261063E-004  0.755091E-006   1258.07        7.64449        3.67229      -0.107032E+008
  1293.77        62820.9        3366.41       0.261867E-004  0.757306E-006   1260.36        7.63699        3.66869      -0.106838E+008
  1310.78        62820.9        3363.79       0.262473E-004  0.759369E-006   1262.90        7.63114        3.66588      -0.106715E+008
  1327.79        62820.9        3362.22       0.263324E-004  0.761653E-006   1264.99        7.62322        3.66208      -0.106505E+008
  1344.81        62820.9        3360.20       0.264074E-004  0.763867E-006   1267.19        7.61613        3.65867      -0.106332E+008
  1361.82        62820.9        3357.94       0.264772E-004  0.766054E-006   1269.41        7.60946        3.65546      -0.106178E+008
  1378.83        62820.9        3356.03       0.265554E-004  0.768325E-006   1271.44        7.60209        3.65192      -0.105994E+008
  1395.85        62820.9        3353.68       0.266237E-004  0.770530E-006   1273.58        7.59551        3.64877      -0.105847E+008
  1412.86        62820.9        3351.53       0.266969E-004  0.772792E-006   1275.60        7.58852        3.64541      -0.105682E+008
  1429.87        62820.9        3349.50       0.267734E-004  0.775094E-006   1277.51        7.58127        3.64193      -0.105507E+008
  1446.88        62820.9        3347.30       0.268465E-004  0.777386E-006   1279.43        7.57428        3.63857      -0.105345E+008
  1463.90        62820.9        3345.30       0.269243E-004  0.779731E-006   1281.22        7.56691        3.63503      -0.105167E+008
  1480.91        62820.9        3343.10       0.269982E-004  0.782060E-006   1283.04        7.55984        3.63163      -0.105004E+008
  1497.92        62820.9        3341.09       0.270767E-004  0.784442E-006   1284.73        7.55241        3.62806      -0.104825E+008
  1514.94        62820.9        3338.93       0.271524E-004  0.786816E-006   1286.43        7.54521        3.62460      -0.104658E+008
  1531.95        62820.9        3336.87       0.272309E-004  0.789229E-006   1288.04        7.53778        3.62103      -0.104482E+008
  1548.96        62820.9        3334.68       0.273067E-004  0.791638E-006   1289.66        7.53055        3.61756      -0.104316E+008
  1565.97        62820.9        3332.65       0.273869E-004  0.794096E-006   1291.16        7.52300        3.61393      -0.104137E+008
  1582.99        62820.9        3330.47       0.274638E-004  0.796546E-006   1292.68        7.51569        3.61042      -0.103970E+008
  1600.00        62820.9        3328.44       0.275449E-004  0.799044E-006   1294.09        7.50807        3.60676      -0.103790E+008
  273.000        64102.9        3276.51       0.141927E-004  0.888280E-006   758.654        7.28835        3.50121      -0.111733E+008
  290.013        64102.9        3275.71       0.147300E-004  0.889325E-006   799.223        7.28534        3.49976      -0.111601E+008
  307.026        64102.9        3274.88       0.152036E-004  0.890390E-006   835.015        7.28225        3.49828      -0.111461E+008
  324.038        64102.9        3274.03       0.156225E-004  0.891518E-006   866.845        7.27894        3.49669      -0.111316E+008
  341.051        64102.9        3273.16       0.159951E-004  0.892664E-006   895.364        7.27557        3.49507      -0.111166E+008
  358.064        64102.9        3264.42       0.179412E-004  0.874786E-006   918.831        7.30289        3.50819      -0.110963E+008
  375.077        64102.9        3261.46       0.185544E-004  0.871492E-006   942.202        7.30713        3.51023      -0.110797E+008
  392.090        64102.9        3257.97       0.192168E-004  0.867122E-006   963.912        7.31341        3.51325      -0.110627E+008
  409.103        64102.9        3254.86       0.197937E-004  0.863763E-006   984.244        7.31818        3.51554      -0.110455E+008
  426.115        64102.9        3252.77       0.201954E-004  0.862864E-006   1003.28        7.31837        3.51563      -0.110283E+008
  443.128        64102.9        3251.64       0.204294E-004  0.864240E-006   1021.03        7.31428        3.51367      -0.110111E+008
  460.141        64102.9        3250.51       0.206450E-004  0.865636E-006   1037.65        7.31011        3.51166      -0.109936E+008
  477.154        64102.9        3249.36       0.208445E-004  0.867049E-006   1053.26        7.30588        3.50963      -0.109758E+008
  494.167        64102.9        3248.20       0.210298E-004  0.868481E-006   1067.95        7.30159        3.50757      -0.109577E+008
  511.179        64102.9        3247.03       0.212027E-004  0.869928E-006   1081.78        7.29725        3.50549      -0.109394E+008
  528.192        64102.9        3245.86       0.213649E-004  0.871396E-006   1094.84        7.29282        3.50336      -0.109209E+008
  545.205        64102.9        3244.67       0.215168E-004  0.872869E-006   1107.17        7.28841        3.50124      -0.109021E+008
  562.218        64102.9        3243.48       0.216607E-004  0.874368E-006   1118.84        7.28389        3.49907      -0.108832E+008
  579.231        64102.9        3242.28       0.217964E-004  0.875869E-006   1129.90        7.27939        3.49691      -0.108641E+008
  596.244        64102.9        3241.07       0.219255E-004  0.877390E-006   1140.39        7.27482        3.49471      -0.108447E+008
  613.256        64102.9        3239.86       0.220484E-004  0.878924E-006   1150.34        7.27022        3.49250      -0.108252E+008
  630.269        64102.9        3238.64       0.221661E-004  0.880473E-006   1159.81        7.26556        3.49026      -0.108056E+008
  647.282        64102.9        3237.42       0.222785E-004  0.882030E-006   1168.81        7.26090        3.48802      -0.107857E+008
  664.295        64102.9        3236.18       0.223867E-004  0.883602E-006   1177.39        7.25620        3.48576      -0.107658E+008
  681.308        64102.9        3434.92       0.248131E-004  0.681937E-006   1134.07        7.92407        3.80660      -0.108352E+008
  698.321        64102.9        3433.46       0.249344E-004  0.683696E-006   1141.36        7.91738        3.80339      -0.108158E+008
  715.333        64102.9        3431.99       0.250525E-004  0.685469E-006   1148.31        7.91066        3.80016      -0.107963E+008
  732.346        64102.9        3430.52       0.251672E-004  0.687250E-006   1154.97        7.90392        3.79692      -0.107766E+008
  749.359        64102.9        3429.04       0.252802E-004  0.689054E-006   1161.34        7.89711        3.79365      -0.107568E+008
  766.372        64102.9        3427.56       0.253898E-004  0.690861E-006   1167.44        7.89032        3.79039      -0.107369E+008
  783.385        64102.9        3426.07       0.254980E-004  0.692690E-006   1173.30        7.88346        3.78709      -0.107170E+008
  800.397        64102.9        3424.57       0.256037E-004  0.694526E-006   1178.91        7.87661        3.78380      -0.106969E+008
  817.410        64102.9        3423.07       0.257082E-004  0.696382E-006   1184.31        7.86970        3.78048      -0.106767E+008
  834.423        64102.9        3421.57       0.258108E-004  0.698248E-006   1189.49        7.86278        3.77716      -0.106564E+008
  851.436        64102.9        3420.06       0.259121E-004  0.700128E-006   1194.48        7.85583        3.77382      -0.106361E+008
  868.449        64102.9        3418.54       0.260121E-004  0.702021E-006   1199.28        7.84885        3.77047      -0.106157E+008
  885.462        64102.9        3377.41       0.250141E-004  0.696262E-006   1212.52        7.92354        3.80635      -0.109736E+008
  902.474        64102.9        3376.97       0.251382E-004  0.698401E-006   1216.85        7.91390        3.80172      -0.109432E+008
  919.487        64102.9        3371.91       0.251355E-004  0.699688E-006   1222.09        7.91369        3.80161      -0.109575E+008
  936.500        64102.9        3401.07       0.242541E-004  0.708619E-006   1196.22        7.81911        3.75618      -0.110789E+008
  953.513        64102.9        3399.92       0.243472E-004  0.710614E-006   1200.21        7.81103        3.75230      -0.110565E+008
  970.526        64102.9        3398.66       0.244374E-004  0.712601E-006   1204.10        7.80316        3.74852      -0.110349E+008
  987.538        64102.9        3397.39       0.245271E-004  0.714601E-006   1207.87        7.79528        3.74473      -0.110132E+008
  1004.55        64102.9        3395.99       0.246135E-004  0.716589E-006   1211.55        7.78764        3.74106      -0.109924E+008
  1021.56        64102.9        3394.59       0.246996E-004  0.718590E-006   1215.11        7.77998        3.73738      -0.109716E+008
  1038.58        64102.9        3393.07       0.247830E-004  0.720584E-006   1218.60        7.77253        3.73380      -0.109516E+008
  1055.59        64102.9        3391.56       0.248661E-004  0.722591E-006   1221.98        7.76505        3.73021      -0.109315E+008
  1072.60        64102.9        3389.95       0.249471E-004  0.724594E-006   1225.28        7.75773        3.72669      -0.109121E+008
  1089.62        64102.9        3388.33       0.250278E-004  0.726612E-006   1228.49        7.75039        3.72317      -0.108926E+008
  1106.63        64102.9        3386.61       0.251060E-004  0.728622E-006   1231.64        7.74325        3.71974      -0.108739E+008
  1123.64        64102.9        3384.95       0.251855E-004  0.730660E-006   1234.68        7.73595        3.71623      -0.108547E+008
  1140.65        64102.9        3384.11       0.252836E-004  0.732879E-006   1237.34        7.72691        3.71189      -0.108287E+008
  1157.67        64102.9        3381.42       0.253401E-004  0.734741E-006   1240.55        7.72165        3.70936      -0.108176E+008
  1174.68        64102.9        3379.60       0.254162E-004  0.736794E-006   1243.38        7.71456        3.70596      -0.107994E+008
  1191.69        64102.9        3377.78       0.254923E-004  0.738862E-006   1246.13        7.70745        3.70254      -0.107811E+008
  1208.71        64102.9        3376.00       0.255694E-004  0.740954E-006   1248.79        7.70022        3.69907      -0.107624E+008
  1225.72        64102.9        3374.05       0.256428E-004  0.743027E-006   1251.44        7.69331        3.69574      -0.107451E+008
  1242.73        64102.9        3372.84       0.257333E-004  0.745264E-006   1253.74        7.68487        3.69169      -0.107216E+008
  1259.74        64102.9        3370.23       0.257921E-004  0.747241E-006   1256.47        7.67918        3.68896      -0.107095E+008
  1276.76        64102.9        3368.29       0.258664E-004  0.749367E-006   1258.90        7.67213        3.68557      -0.106918E+008
  1293.77        64102.9        3366.35       0.259408E-004  0.751508E-006   1261.26        7.66505        3.68217      -0.106742E+008
  1310.78        64102.9        3364.38       0.260149E-004  0.753662E-006   1263.57        7.65798        3.67877      -0.106566E+008
  1327.79        64102.9        3362.42       0.260892E-004  0.755832E-006   1265.81        7.65088        3.67536      -0.106390E+008
  1344.81        64102.9        3360.40       0.261628E-004  0.758010E-006   1268.00        7.64383        3.67198      -0.106217E+008
  1361.82        64102.9        3358.44       0.262378E-004  0.760216E-006   1270.12        7.63665        3.66853      -0.106040E+008
  1378.83        64102.9        3356.43       0.263122E-004  0.762431E-006   1272.19        7.62951        3.66510      -0.105865E+008
  1395.85        64102.9        3354.43       0.263869E-004  0.764662E-006   1274.21        7.62234        3.66165      -0.105690E+008
  1412.86        64102.9        3352.41       0.264616E-004  0.766910E-006   1276.17        7.61516        3.65820      -0.105516E+008
  1429.87        64102.9        3350.38       0.265367E-004  0.769175E-006   1278.08        7.60794        3.65474      -0.105341E+008
  1446.88        64102.9        3348.35       0.266120E-004  0.771457E-006   1279.94        7.60071        3.65126      -0.105166E+008
  1463.90        64102.9        3346.32       0.266876E-004  0.773757E-006   1281.75        7.59344        3.64777      -0.104991E+008
  1480.91        64102.9        3344.28       0.267635E-004  0.776074E-006   1283.50        7.58615        3.64427      -0.104815E+008
  1497.92        64102.9        3342.24       0.268398E-004  0.778409E-006   1285.21        7.57882        3.64075      -0.104640E+008
  1514.94        64102.9        3340.20       0.269164E-004  0.780763E-006   1286.87        7.57147        3.63722      -0.104464E+008
  1531.95        64102.9        3338.15       0.269935E-004  0.783135E-006   1288.47        7.56409        3.63367      -0.104288E+008
  1548.96        64102.9        3336.10       0.270710E-004  0.785527E-006   1290.03        7.55667        3.63011      -0.104112E+008
  1565.97        64102.9        3334.05       0.271489E-004  0.787937E-006   1291.55        7.54922        3.62653      -0.103935E+008
  1582.99        64102.9        3332.00       0.272273E-004  0.790368E-006   1293.01        7.54173        3.62293      -0.103758E+008
  1600.00        64102.9        3329.95       0.273062E-004  0.792817E-006   1294.43        7.53422        3.61932      -0.103580E+008
  273.000        65385.0        3280.24       0.141184E-004  0.883055E-006   758.293        7.30510        3.50926      -0.111344E+008
  290.013        65385.0        3279.44       0.146527E-004  0.884085E-006   798.886        7.30210        3.50781      -0.111211E+008
  307.026        65385.0        3278.62       0.151235E-004  0.885144E-006   834.696        7.29900        3.50633      -0.111072E+008
  324.038        65385.0        3277.77       0.155399E-004  0.886261E-006   866.548        7.29570        3.50474      -0.110927E+008
  341.051        65385.0        3276.91       0.159101E-004  0.887416E-006   895.084        7.29225        3.50308      -0.110777E+008
  358.064        65385.0        3276.02       0.162413E-004  0.888566E-006   920.815        7.28883        3.50144      -0.110622E+008
  375.077        65385.0        3264.94       0.184834E-004  0.866527E-006   941.921        7.32316        3.51793      -0.110406E+008
  392.090        65385.0        3262.56       0.189763E-004  0.864804E-006   963.637        7.32474        3.51869      -0.110240E+008
  409.103        65385.0        3260.21       0.194365E-004  0.863271E-006   983.891        7.32599        3.51929      -0.110070E+008
  426.115        65385.0        3257.41       0.199380E-004  0.860853E-006   1002.92        7.32894        3.52071      -0.109896E+008
  443.128        65385.0        3255.24       0.203261E-004  0.859909E-006   1020.79        7.32917        3.52082      -0.109720E+008
  460.141        65385.0        3254.11       0.205403E-004  0.861289E-006   1037.42        7.32503        3.51883      -0.109545E+008
  477.154        65385.0        3252.96       0.207388E-004  0.862692E-006   1053.04        7.32078        3.51679      -0.109367E+008
  494.167        65385.0        3251.81       0.209229E-004  0.864105E-006   1067.73        7.31652        3.51474      -0.109187E+008
  511.179        65385.0        3250.65       0.210947E-004  0.865537E-006   1081.57        7.31219        3.51266      -0.109004E+008
  528.192        65385.0        3249.48       0.212555E-004  0.866983E-006   1094.63        7.30782        3.51056      -0.108818E+008
  545.205        65385.0        3248.30       0.214067E-004  0.868444E-006   1106.98        7.30339        3.50844      -0.108631E+008
  562.218        65385.0        3247.11       0.215492E-004  0.869918E-006   1118.65        7.29893        3.50629      -0.108442E+008
  579.231        65385.0        3245.91       0.216843E-004  0.871409E-006   1129.71        7.29442        3.50412      -0.108250E+008
  596.244        65385.0        3244.71       0.218122E-004  0.872907E-006   1140.20        7.28989        3.50195      -0.108057E+008
  613.256        65385.0        3243.50       0.219342E-004  0.874422E-006   1150.16        7.28532        3.49975      -0.107862E+008
  630.269        65385.0        3242.29       0.220508E-004  0.875950E-006   1159.63        7.28070        3.49753      -0.107665E+008
  647.282        65385.0        3241.07       0.221625E-004  0.877491E-006   1168.63        7.27604        3.49530      -0.107467E+008
  664.295        65385.0        3349.05       0.237233E-004  0.767004E-006   1149.34        7.62740        3.66408      -0.107775E+008
  681.308        65385.0        3437.91       0.246787E-004  0.677928E-006   1133.87        7.94344        3.81590      -0.107986E+008
  698.321        65385.0        3436.46       0.247991E-004  0.679664E-006   1141.15        7.93678        3.81270      -0.107791E+008
  715.333        65385.0        3435.00       0.249156E-004  0.681408E-006   1148.11        7.93012        3.80951      -0.107596E+008
  732.346        65385.0        3433.53       0.250297E-004  0.683170E-006   1154.76        7.92340        3.80628      -0.107399E+008
  749.359        65385.0        3432.06       0.251409E-004  0.684942E-006   1161.13        7.91667        3.80305      -0.107202E+008
  766.372        65385.0        3430.58       0.252500E-004  0.686731E-006   1167.23        7.90989        3.79979      -0.107003E+008
  783.385        65385.0        3429.10       0.253569E-004  0.688533E-006   1173.08        7.90309        3.79652      -0.106803E+008
  800.397        65385.0        3427.61       0.254618E-004  0.690347E-006   1178.70        7.89626        3.79324      -0.106602E+008
  817.410        65385.0        3426.12       0.255655E-004  0.692179E-006   1184.09        7.88938        3.78993      -0.106401E+008
  834.423        65385.0        3424.62       0.256670E-004  0.694019E-006   1189.28        7.88250        3.78663      -0.106198E+008
  851.436        65385.0        3423.12       0.257673E-004  0.695873E-006   1194.26        7.87559        3.78331      -0.105994E+008
  868.449        65385.0        3421.61       0.258662E-004  0.697741E-006   1199.06        7.86866        3.77998      -0.105790E+008
  885.462        65385.0        3377.91       0.247956E-004  0.691315E-006   1212.87        7.95011        3.81911      -0.109606E+008
  902.474        65385.0        3375.05       0.248510E-004  0.692954E-006   1217.76        7.94559        3.81694      -0.109538E+008
  919.487        65385.0        3370.67       0.248658E-004  0.694337E-006   1222.87        7.94408        3.81621      -0.109616E+008
  936.500        65385.0        3399.39       0.240051E-004  0.703187E-006   1197.51        7.85012        3.77108      -0.110802E+008
  953.513        65385.0        3398.34       0.240989E-004  0.705176E-006   1201.48        7.84183        3.76709      -0.110571E+008
  970.526        65385.0        3400.07       0.242534E-004  0.707759E-006   1204.43        7.82744        3.76018      -0.110116E+008
  987.538        65385.0        3396.45       0.242901E-004  0.709243E-006   1208.95        7.82469        3.75886      -0.110088E+008
  1004.55        65385.0        3394.66       0.243666E-004  0.711122E-006   1212.76        7.81791        3.75560      -0.109912E+008
  1021.56        65385.0        3393.78       0.244628E-004  0.713204E-006   1216.17        7.80914        3.75139      -0.109663E+008
  1038.58        65385.0        3392.58       0.245517E-004  0.715233E-006   1219.56        7.80104        3.74750      -0.109439E+008
  1055.59        65385.0        3391.06       0.246334E-004  0.717211E-006   1222.95        7.79359        3.74392      -0.109239E+008
  1072.60        65385.0        3389.77       0.247201E-004  0.719251E-006   1226.15        7.78562        3.74009      -0.109020E+008
  1089.62        65385.0        3387.99       0.247958E-004  0.721205E-006   1229.42        7.77865        3.73674      -0.108839E+008
  1106.63        65385.0        3386.42       0.248760E-004  0.723216E-006   1232.53        7.77122        3.73317      -0.108641E+008
  1123.64        65385.0        3384.65       0.249517E-004  0.725202E-006   1235.61        7.76417        3.72979      -0.108458E+008
  1140.65        65385.0        3383.02       0.250305E-004  0.727230E-006   1238.55        7.75680        3.72625      -0.108263E+008
  1157.67        65385.0        3381.35       0.251085E-004  0.729266E-006   1241.42        7.74948        3.72273      -0.108071E+008
  1174.68        65385.0        3379.54       0.251833E-004  0.731288E-006   1244.25        7.74242        3.71934      -0.107889E+008
  1191.69        65385.0        3377.59       0.252549E-004  0.733296E-006   1247.05        7.73562        3.71607      -0.107718E+008
  1208.71        65385.0        3375.79       0.253303E-004  0.735352E-006   1249.72        7.72846        3.71263      -0.107533E+008
  1225.72        65385.0        3374.43       0.254156E-004  0.737511E-006   1252.16        7.72038        3.70875      -0.107313E+008
  1242.73        65385.0        3372.60       0.254905E-004  0.739592E-006   1254.69        7.71323        3.70531      -0.107130E+008
  1259.74        65385.0        3370.64       0.255627E-004  0.741663E-006   1257.20        7.70629        3.70198      -0.106956E+008
  1276.76        65385.0        3368.71       0.256357E-004  0.743756E-006   1259.62        7.69927        3.69861      -0.106780E+008
  1293.77        65385.0        3367.06       0.257153E-004  0.745920E-006   1261.88        7.69165        3.69495      -0.106580E+008
  1310.78        65385.0        3365.15       0.257893E-004  0.748049E-006   1264.17        7.68452        3.69152      -0.106401E+008
  1327.79        65385.0        3363.28       0.258642E-004  0.750202E-006   1266.38        7.67728        3.68805      -0.106218E+008
  1344.81        65385.0        3361.34       0.259380E-004  0.752358E-006   1268.55        7.67015        3.68462      -0.106040E+008
  1361.82        65385.0        3359.44       0.260130E-004  0.754539E-006   1270.64        7.66288        3.68113      -0.105858E+008
  1378.83        65385.0        3357.49       0.260871E-004  0.756727E-006   1272.70        7.65570        3.67768      -0.105680E+008
  1395.85        65385.0        3355.58       0.261626E-004  0.758941E-006   1274.68        7.64839        3.67417      -0.105497E+008
  1412.86        65385.0        3353.58       0.262363E-004  0.761154E-006   1276.64        7.64123        3.67073      -0.105322E+008
  1429.87        65385.0        3351.65       0.263118E-004  0.763397E-006   1278.52        7.63391        3.66721      -0.105140E+008
  1446.88        65385.0        3349.64       0.263862E-004  0.765645E-006   1280.36        7.62668        3.66374      -0.104964E+008
  1463.90        65385.0        3347.70       0.264624E-004  0.767922E-006   1282.14        7.61930        3.66019      -0.104782E+008
  1480.91        65385.0        3345.68       0.265372E-004  0.770203E-006   1283.89        7.61203        3.65670      -0.104606E+008
  1497.92        65385.0        3343.74       0.266141E-004  0.772516E-006   1285.56        7.60459        3.65313      -0.104424E+008
  1514.94        65385.0        3341.77       0.266910E-004  0.774843E-006   1287.18        7.59715        3.64955      -0.104242E+008
  1531.95        65385.0        3339.78       0.267677E-004  0.777184E-006   1288.77        7.58973        3.64599      -0.104063E+008
  1548.96        65385.0        3337.73       0.268436E-004  0.779534E-006   1290.33        7.58237        3.64245      -0.103887E+008
  1565.97        65385.0        3335.61       0.269182E-004  0.781888E-006   1291.86        7.57512        3.63897      -0.103717E+008
  1582.99        65385.0        3333.65       0.269970E-004  0.784292E-006   1293.29        7.56753        3.63533      -0.103533E+008
  1600.00        65385.0        3331.61       0.270744E-004  0.786700E-006   1294.71        7.56007        3.63174      -0.103356E+008
  273.000        66667.0        3283.94       0.140450E-004  0.877902E-006   757.934        7.32175        3.51726      -0.110955E+008
  290.013        66667.0        3283.15       0.145764E-004  0.878919E-006   798.549        7.31877        3.51582      -0.110822E+008
  307.026        66667.0        3282.33       0.150446E-004  0.879964E-006   834.383        7.31569        3.51434      -0.110683E+008
  324.038        66667.0        3281.49       0.154583E-004  0.881092E-006   866.253        7.31231        3.51272      -0.110538E+008
  341.051        66667.0        3280.62       0.158269E-004  0.882188E-006   894.807        7.30904        3.51115      -0.110388E+008
  358.064        66667.0        3279.74       0.161557E-004  0.883353E-006   920.553        7.30552        3.50946      -0.110233E+008
  375.077        66667.0        3271.27       0.179995E-004  0.867790E-006   941.708        7.32854        3.52052      -0.110027E+008
  392.090        66667.0        3267.24       0.187263E-004  0.862607E-006   963.365        7.33587        3.52404      -0.109853E+008
  409.103        66667.0        3265.89       0.190366E-004  0.863242E-006   983.532        7.33322        3.52277      -0.109687E+008
  426.115        66667.0        3263.86       0.194215E-004  0.862519E-006   1002.39        7.33292        3.52262      -0.109514E+008
  443.128        66667.0        3260.00       0.200526E-004  0.858076E-006   1020.37        7.33943        3.52575      -0.109334E+008
  460.141        66667.0        3257.69       0.204369E-004  0.856992E-006   1037.20        7.33987        3.52596      -0.109155E+008
  477.154        66667.0        3256.55       0.206339E-004  0.858373E-006   1052.83        7.33568        3.52395      -0.108977E+008
  494.167        66667.0        3255.40       0.208171E-004  0.859776E-006   1067.52        7.33140        3.52189      -0.108797E+008
  511.179        66667.0        3254.25       0.209874E-004  0.861185E-006   1081.37        7.32712        3.51984      -0.108614E+008
  528.192        66667.0        3253.08       0.211475E-004  0.862620E-006   1094.44        7.32274        3.51773      -0.108429E+008
  545.205        66667.0        3251.91       0.212973E-004  0.864059E-006   1106.78        7.31837        3.51563      -0.108241E+008
  562.218        66667.0        3250.72       0.214392E-004  0.865524E-006   1118.46        7.31388        3.51347      -0.108052E+008
  579.231        66667.0        3249.53       0.215729E-004  0.866989E-006   1129.53        7.30943        3.51134      -0.107860E+008
  596.244        66667.0        3248.34       0.217002E-004  0.868476E-006   1140.02        7.30489        3.50916      -0.107667E+008
  613.256        66667.0        3247.13       0.218212E-004  0.869972E-006   1149.98        7.30034        3.50697      -0.107472E+008
  630.269        66667.0        3245.92       0.219370E-004  0.871483E-006   1159.45        7.29574        3.50476      -0.107276E+008
  647.282        66667.0        3250.78       0.219749E-004  0.867508E-006   1166.21        7.31054        3.51187      -0.107110E+008
  664.295        66667.0        3442.34       0.244235E-004  0.672275E-006   1126.04        7.96927        3.82831      -0.107812E+008
  681.308        66667.0        3440.90       0.245463E-004  0.673975E-006   1133.67        7.96269        3.82515      -0.107619E+008
  698.321        66667.0        3439.45       0.246649E-004  0.675681E-006   1140.95        7.95611        3.82199      -0.107425E+008
  715.333        66667.0        3437.99       0.247815E-004  0.677414E-006   1147.91        7.94942        3.81878      -0.107230E+008
  732.346        66667.0        3436.53       0.248938E-004  0.679144E-006   1154.56        7.94279        3.81559      -0.107033E+008
  749.359        66667.0        3435.07       0.250050E-004  0.680904E-006   1160.93        7.93604        3.81235      -0.106835E+008
  766.372        66667.0        3433.60       0.251122E-004  0.682660E-006   1167.03        7.92934        3.80913      -0.106637E+008
  783.385        66667.0        3432.12       0.252186E-004  0.684442E-006   1172.88        7.92255        3.80587      -0.106437E+008
  800.397        66667.0        3430.64       0.253220E-004  0.686226E-006   1178.49        7.91579        3.80262      -0.106236E+008
  817.410        66667.0        3429.15       0.254245E-004  0.688034E-006   1183.88        7.90896        3.79934      -0.106034E+008
  834.423        66667.0        3427.66       0.255252E-004  0.689850E-006   1189.07        7.90211        3.79605      -0.105832E+008
  851.436        66667.0        3426.22       0.256215E-004  0.691637E-006   1194.02        7.89543        3.79284      -0.105629E+008
  868.449        66667.0        3425.24       0.256959E-004  0.693139E-006   1198.60        7.89001        3.79024      -0.105428E+008
  885.462        66667.0        3374.33       0.244670E-004  0.685606E-006   1214.17        7.98551        3.83612      -0.109869E+008
  902.474        66667.0        3374.80       0.246146E-004  0.687894E-006   1218.30        7.97378        3.83048      -0.109479E+008
  919.487        66667.0        3369.60       0.246035E-004  0.689061E-006   1223.61        7.97424        3.83070      -0.109639E+008
  936.500        66667.0        3367.23       0.246705E-004  0.690812E-006   1228.10        7.96853        3.82796      -0.109522E+008
  953.513        66667.0        3397.00       0.238583E-004  0.699828E-006   1202.67        7.87226        3.78171      -0.110554E+008
  970.526        66667.0        3397.05       0.239747E-004  0.702040E-006   1206.16        7.86147        3.77653      -0.110234E+008
  987.538        66667.0        3394.90       0.240420E-004  0.703798E-006   1210.22        7.85558        3.77370      -0.110090E+008
  1004.55        66667.0        3394.42       0.241462E-004  0.705926E-006   1213.62        7.84593        3.76906      -0.109810E+008
  1021.56        66667.0        3392.52       0.242183E-004  0.707766E-006   1217.37        7.83942        3.76593      -0.109644E+008
  1038.58        66667.0        3391.45       0.243088E-004  0.709796E-006   1220.73        7.83103        3.76190      -0.109410E+008
  1055.59        66667.0        3389.90       0.243884E-004  0.711739E-006   1224.14        7.82367        3.75837      -0.109214E+008
  1072.60        66667.0        3389.40       0.244912E-004  0.713916E-006   1227.09        7.81401        3.75373      -0.108932E+008
  1089.62        66667.0        3387.08       0.245534E-004  0.715726E-006   1230.55        7.80825        3.75096      -0.108796E+008
  1106.63        66667.0        3385.79       0.246384E-004  0.717766E-006   1233.56        7.80024        3.74711      -0.108576E+008
  1123.64        66667.0        3384.08       0.247141E-004  0.719733E-006   1236.63        7.79309        3.74368      -0.108390E+008
  1140.65        66667.0        3382.68       0.247967E-004  0.721780E-006   1239.50        7.78525        3.73991      -0.108177E+008
  1157.67        66667.0        3380.93       0.248714E-004  0.723767E-006   1242.40        7.77814        3.73650      -0.107992E+008
  1174.68        66667.0        3380.73       0.249813E-004  0.726093E-006   1244.68        7.76771        3.73149      -0.107680E+008
  1191.69        66667.0        3377.65       0.250260E-004  0.727834E-006   1247.88        7.76334        3.72939      -0.107602E+008
  1208.71        66667.0        3376.11       0.251057E-004  0.729910E-006   1250.46        7.75569        3.72571      -0.107397E+008
  1225.72        66667.0        3374.26       0.251785E-004  0.731938E-006   1253.08        7.74865        3.72233      -0.107217E+008
  1242.73        66667.0        3374.24       0.252935E-004  0.734359E-006   1254.97        7.73777        3.71710      -0.106887E+008
  1259.74        66667.0        3370.77       0.253296E-004  0.736085E-006   1258.02        7.73402        3.71530      -0.106838E+008
  1276.76        66667.0        3370.13       0.254308E-004  0.738408E-006   1259.99        7.72439        3.71068      -0.106557E+008
  1293.77        66667.0        3367.20       0.254796E-004  0.740277E-006   1262.70        7.71943        3.70830      -0.106462E+008
  1310.78        66667.0        3365.44       0.255553E-004  0.742401E-006   1264.94        7.71205        3.70475      -0.106272E+008
  1327.79        66667.0        3363.57       0.256290E-004  0.744520E-006   1267.15        7.70485        3.70129      -0.106090E+008
  1344.81        66667.0        3362.02       0.257104E-004  0.746720E-006   1269.18        7.69696        3.69750      -0.105880E+008
  1361.82        66667.0        3359.88       0.257781E-004  0.748816E-006   1271.37        7.69025        3.69428      -0.105720E+008
  1378.83        66667.0        3358.02       0.258528E-004  0.750985E-006   1273.39        7.68293        3.69076      -0.105535E+008
  1395.85        66667.0        3356.14       0.259275E-004  0.753169E-006   1275.36        7.67561        3.68725      -0.105351E+008
  1412.86        66667.0        3354.52       0.260084E-004  0.755419E-006   1277.19        7.66776        3.68347      -0.105145E+008
  1429.87        66667.0        3352.36       0.260773E-004  0.757581E-006   1279.15        7.66092        3.68019      -0.104983E+008
  1446.88        66667.0        3350.71       0.261582E-004  0.759859E-006   1280.87        7.65307        3.67642      -0.104779E+008
  1463.90        66667.0        3348.55       0.262278E-004  0.762056E-006   1282.72        7.64616        3.67310      -0.104616E+008
  1480.91        66667.0        3346.60       0.263025E-004  0.764310E-006   1284.44        7.63882        3.66957      -0.104435E+008
  1497.92        66667.0        3344.71       0.263792E-004  0.766596E-006   1286.09        7.63132        3.66597      -0.104249E+008
  1514.94        66667.0        3343.00       0.264605E-004  0.768933E-006   1287.62        7.62345        3.66219      -0.104047E+008
  1531.95        66667.0        3340.85       0.265319E-004  0.771203E-006   1289.27        7.61639        3.65880      -0.103881E+008
  1548.96        66667.0        3339.07       0.266125E-004  0.773563E-006   1290.73        7.60859        3.65505      -0.103684E+008
  1565.97        66667.0        3336.97       0.266859E-004  0.775880E-006   1292.26        7.60136        3.65157      -0.103513E+008
  1582.99        66667.0        3335.29       0.267700E-004  0.778297E-006   1293.58        7.59330        3.64770      -0.103307E+008
  1600.00        66667.0        3333.08       0.268416E-004  0.780629E-006   1295.06        7.58622        3.64430      -0.103145E+008
  273.000        67949.0        3287.63       0.139726E-004  0.872823E-006   757.577        7.33832        3.52521      -0.110566E+008
  290.013        67949.0        3286.84       0.145011E-004  0.873821E-006   798.217        7.33537        3.52380      -0.110433E+008
  307.026        67949.0        3286.03       0.149663E-004  0.874887E-006   834.070        7.33217        3.52226      -0.110294E+008
  324.038        67949.0        3285.19       0.153779E-004  0.875979E-006   865.958        7.32888        3.52068      -0.110149E+008
  341.051        67949.0        3284.34       0.157438E-004  0.877106E-006   894.529        7.32547        3.51904      -0.109999E+008
  358.064        67949.0        3283.45       0.160713E-004  0.878215E-006   920.295        7.32212        3.51743      -0.109845E+008
  375.077        67949.0        3282.56       0.163646E-004  0.879401E-006   943.659        7.31849        3.51569      -0.109686E+008
  392.090        67949.0        3273.44       0.182607E-004  0.863423E-006   963.080        7.34201        3.52699      -0.109474E+008
  409.103        67949.0        3270.98       0.187293E-004  0.861772E-006   983.211        7.34312        3.52752      -0.109303E+008
  426.115        67949.0        3268.67       0.191505E-004  0.860497E-006   1002.04        7.34378        3.52784      -0.109129E+008
  443.128        67949.0        3265.90       0.196184E-004  0.858399E-006   1019.79        7.34588        3.52885      -0.108951E+008
  460.141        67949.0        3262.60       0.201425E-004  0.855389E-006   1036.70        7.34970        3.53068      -0.108769E+008
  477.154        67949.0        3260.13       0.205304E-004  0.854110E-006   1052.61        7.35047        3.53105      -0.108588E+008
  494.167        67949.0        3258.99       0.207122E-004  0.855492E-006   1067.31        7.34624        3.52902      -0.108407E+008
  511.179        67949.0        3257.83       0.208820E-004  0.856896E-006   1081.17        7.34192        3.52694      -0.108224E+008
  528.192        67949.0        3256.67       0.210406E-004  0.858307E-006   1094.24        7.33759        3.52486      -0.108039E+008
  545.205        67949.0        3255.50       0.211898E-004  0.859736E-006   1106.59        7.33320        3.52276      -0.107852E+008
  562.218        67949.0        3254.32       0.213304E-004  0.861177E-006   1118.27        7.32877        3.52063      -0.107662E+008
  579.231        67949.0        3253.14       0.214631E-004  0.862626E-006   1129.34        7.32434        3.51850      -0.107471E+008
  596.244        67949.0        3251.95       0.215897E-004  0.864100E-006   1139.84        7.31980        3.51632      -0.107278E+008
  613.256        67949.0        3250.75       0.217098E-004  0.865578E-006   1149.80        7.31528        3.51415      -0.107083E+008
  630.269        67949.0        3251.67       0.217987E-004  0.865131E-006   1158.49        7.31764        3.51528      -0.106898E+008
  647.282        67949.0        3263.59       0.217513E-004  0.854753E-006   1162.67        7.35541        3.53342      -0.106772E+008
  664.295        67949.0        3445.30       0.242937E-004  0.668396E-006   1125.84        7.98839        3.83750      -0.107446E+008
  681.308        67949.0        3443.86       0.244150E-004  0.670068E-006   1133.46        7.98188        3.83437      -0.107253E+008
  698.321        67949.0        3442.42       0.245332E-004  0.671759E-006   1140.75        7.97529        3.83121      -0.107059E+008
  715.333        67949.0        3440.97       0.246477E-004  0.673457E-006   1147.70        7.96871        3.82805      -0.106863E+008
  732.346        67949.0        3439.52       0.247606E-004  0.675182E-006   1154.36        7.96202        3.82483      -0.106667E+008
  749.359        67949.0        3438.06       0.248699E-004  0.676910E-006   1160.73        7.95536        3.82163      -0.106469E+008
  766.372        67949.0        3436.60       0.249768E-004  0.678650E-006   1166.83        7.94867        3.81842      -0.106271E+008
  783.385        67949.0        3435.21       0.250774E-004  0.680342E-006   1172.63        7.94222        3.81532      -0.106071E+008
  800.397        67949.0        3434.34       0.251524E-004  0.681699E-006   1177.98        7.93732        3.81296      -0.105874E+008
  817.410        67949.0        3433.42       0.252273E-004  0.683096E-006   1183.12        7.93224        3.81052      -0.105676E+008
  834.423        67949.0        3432.48       0.253020E-004  0.684528E-006   1188.06        7.92701        3.80801      -0.105477E+008
  851.436        67949.0        3431.42       0.253817E-004  0.686071E-006   1192.87        7.92126        3.80525      -0.105276E+008
  868.449        67949.0        3430.52       0.254509E-004  0.687486E-006   1197.42        7.91614        3.80279      -0.105076E+008
  885.462        67949.0        3373.00       0.242031E-004  0.680378E-006   1214.95        8.01630        3.85091      -0.109911E+008
  902.474        67949.0        3370.92       0.242781E-004  0.682127E-006   1219.69        8.01011        3.84793      -0.109771E+008
  919.487        67949.0        3370.61       0.244011E-004  0.684243E-006   1223.85        8.00004        3.84309      -0.109456E+008
  936.500        67949.0        3366.51       0.244189E-004  0.685618E-006   1228.77        7.99814        3.84218      -0.109510E+008
  953.513        67949.0        3395.84       0.236240E-004  0.694558E-006   1203.80        7.90242        3.79620      -0.110520E+008
  970.526        67949.0        3394.92       0.237175E-004  0.696538E-006   1207.61        7.89381        3.79206      -0.110279E+008
  987.538        67949.0        3394.53       0.238224E-004  0.698646E-006   1211.12        7.88398        3.78734      -0.109995E+008
  1004.55        67949.0        3393.40       0.239107E-004  0.700609E-006   1214.74        7.87579        3.78341      -0.109769E+008
  1021.56        67949.0        3391.47       0.239809E-004  0.702414E-006   1218.50        7.86937        3.78032      -0.109606E+008
  1038.58        67949.0        3390.46       0.240714E-004  0.704431E-006   1221.85        7.86085        3.77623      -0.109368E+008
  1055.59        67949.0        3390.51       0.241852E-004  0.706686E-006   1224.74        7.84998        3.77101      -0.109044E+008
  1072.60        67949.0        3389.16       0.242678E-004  0.708657E-006   1227.98        7.84218        3.76726      -0.108831E+008
  1089.62        67949.0        3386.33       0.243171E-004  0.710326E-006   1231.61        7.83761        3.76506      -0.108737E+008
  1106.63        67949.0        3385.58       0.244128E-004  0.712452E-006   1234.46        7.82844        3.76066      -0.108475E+008
  1123.64        67949.0        3383.48       0.244784E-004  0.714306E-006   1237.66        7.82218        3.75765      -0.108321E+008
  1140.65        67949.0        3382.10       0.245601E-004  0.716329E-006   1240.53        7.81431        3.75387      -0.108107E+008
  1157.67        67949.0        3380.49       0.246364E-004  0.718314E-006   1243.39        7.80694        3.75033      -0.107912E+008
  1174.68        67949.0        3380.11       0.247409E-004  0.720576E-006   1245.74        7.79687        3.74550      -0.107616E+008
  1191.69        67949.0        3377.36       0.247918E-004  0.722352E-006   1248.82        7.79186        3.74309      -0.107511E+008
  1208.71        67949.0        3376.45       0.248844E-004  0.724530E-006   1251.19        7.78290        3.73878      -0.107257E+008
  1225.72        67949.0        3374.73       0.249589E-004  0.726553E-006   1253.77        7.77562        3.73529      -0.107067E+008
  1242.73        67949.0        3372.68       0.250259E-004  0.728522E-006   1256.38        7.76901        3.73211      -0.106903E+008
  1259.74        67949.0        3371.67       0.251168E-004  0.730723E-006   1258.56        7.76020        3.72788      -0.106655E+008
  1276.76        67949.0        3370.15       0.251964E-004  0.732833E-006   1260.85        7.75241        3.72414      -0.106446E+008
  1293.77        67949.0        3367.38       0.252474E-004  0.734699E-006   1263.51        7.74719        3.72163      -0.106339E+008
  1310.78        67949.0        3366.30       0.253375E-004  0.736930E-006   1265.50        7.73845        3.71743      -0.106094E+008
  1327.79        67949.0        3364.51       0.254114E-004  0.739030E-006   1267.69        7.73114        3.71392      -0.105907E+008
  1344.81        67949.0        3362.71       0.254854E-004  0.741143E-006   1269.81        7.72382        3.71040      -0.105719E+008
  1361.82        67949.0        3361.08       0.255638E-004  0.743310E-006   1271.81        7.71610        3.70670      -0.105516E+008
  1378.83        67949.0        3358.72       0.256255E-004  0.745342E-006   1274.02        7.70985        3.70369      -0.105373E+008
  1395.85        67949.0        3356.76       0.256966E-004  0.747471E-006   1276.02        7.70275        3.70028      -0.105197E+008
  1412.86        67949.0        3355.09       0.257749E-004  0.749677E-006   1277.86        7.69503        3.69657      -0.104996E+008
  1429.87        67949.0        3353.78       0.258622E-004  0.751974E-006   1279.51        7.68656        3.69250      -0.104765E+008
  1446.88        67949.0        3351.51       0.259271E-004  0.754091E-006   1281.46        7.67997        3.68934      -0.104613E+008
  1463.90        67949.0        3350.06       0.260118E-004  0.756391E-006   1283.05        7.67174        3.68538      -0.104392E+008
  1480.91        67949.0        3347.71       0.260756E-004  0.758527E-006   1284.93        7.66524        3.68226      -0.104245E+008
  1497.92        67949.0        3346.31       0.261622E-004  0.760871E-006   1286.39        7.65684        3.67823      -0.104019E+008
  1514.94        67949.0        3343.97       0.262270E-004  0.763044E-006   1288.16        7.65025        3.67506      -0.103871E+008
  1531.95        67949.0        3341.99       0.263009E-004  0.765308E-006   1289.74        7.64291        3.67154      -0.103692E+008
  1548.96        67949.0        3340.23       0.263802E-004  0.767632E-006   1291.19        7.63514        3.66780      -0.103494E+008
  1565.97        67949.0        3338.71       0.264661E-004  0.770024E-006   1292.50        7.62684        3.66382      -0.103275E+008
  1582.99        67949.0        3336.56       0.265373E-004  0.772308E-006   1294.00        7.61974        3.66040      -0.103109E+008
  1600.00        67949.0        3334.86       0.266196E-004  0.774699E-006   1295.28        7.61175        3.65657      -0.102905E+008
  273.000        69231.1        3310.22       0.154251E-004  0.842615E-006   760.538        7.50727        3.60638      -0.110186E+008
  290.013        69231.1        3290.51       0.144266E-004  0.868802E-006   797.886        7.35185        3.53171      -0.110045E+008
  307.026        69231.1        3289.70       0.148895E-004  0.869832E-006   833.761        7.34875        3.53023      -0.109906E+008
  324.038        69231.1        3288.88       0.152983E-004  0.870953E-006   865.668        7.34531        3.52857      -0.109761E+008
  341.051        69231.1        3288.01       0.156629E-004  0.872008E-006   894.257        7.34213        3.52705      -0.109611E+008
  358.064        69231.1        3287.15       0.159874E-004  0.873185E-006   920.034        7.33849        3.52530      -0.109457E+008
  375.077        69231.1        3286.26       0.162795E-004  0.874324E-006   943.414        7.33500        3.52362      -0.109298E+008
  392.090        69231.1        3278.01       0.180350E-004  0.860700E-006   962.815        7.35437        3.53292      -0.109089E+008
  409.103        69231.1        3275.66       0.184828E-004  0.859332E-006   982.916        7.35495        3.53320      -0.108918E+008
  426.115        69231.1        3272.11       0.190775E-004  0.855745E-006   1001.82        7.35943        3.53536      -0.108740E+008
  443.128        69231.1        3270.59       0.193636E-004  0.856150E-006   1019.41        7.35707        3.53422      -0.108566E+008
  460.141        69231.1        3267.92       0.197938E-004  0.854439E-006   1036.13        7.35846        3.53489      -0.108386E+008
  477.154        69231.1        3265.21       0.202120E-004  0.852764E-006   1052.00        7.35984        3.53555      -0.108203E+008
  494.167        69231.1        3262.55       0.206087E-004  0.851260E-006   1067.11        7.36098        3.53610      -0.108018E+008
  511.179        69231.1        3261.40       0.207771E-004  0.852642E-006   1080.97        7.35671        3.53405      -0.107835E+008
  528.192        69231.1        3260.25       0.209350E-004  0.854043E-006   1094.04        7.35237        3.53196      -0.107650E+008
  545.205        69231.1        3259.08       0.210829E-004  0.855450E-006   1106.40        7.34804        3.52988      -0.107463E+008
  562.218        69231.1        3257.91       0.212228E-004  0.856880E-006   1118.09        7.34360        3.52775      -0.107273E+008
  579.231        69231.1        3256.73       0.213546E-004  0.858313E-006   1129.16        7.33918        3.52563      -0.107082E+008
  596.244        69231.1        3255.54       0.214800E-004  0.859764E-006   1139.66        7.33470        3.52347      -0.106889E+008
  613.256        69231.1        3254.35       0.215994E-004  0.861227E-006   1149.63        7.33018        3.52130      -0.106694E+008
  630.269        69231.1        3264.77       0.215726E-004  0.852143E-006   1154.85        7.36374        3.53743      -0.106562E+008
  647.282        69231.1        3449.66       0.240407E-004  0.662923E-006   1117.64        8.01390        3.84975      -0.107271E+008
  664.295        69231.1        3448.24       0.241653E-004  0.664564E-006   1125.64        8.00743        3.84665      -0.107080E+008
  681.308        69231.1        3446.81       0.242864E-004  0.666224E-006   1133.27        8.00091        3.84351      -0.106887E+008
  698.321        69231.1        3445.38       0.244035E-004  0.667892E-006   1140.55        7.99437        3.84037      -0.106693E+008
  715.333        69231.1        3443.94       0.245174E-004  0.669573E-006   1147.51        7.98780        3.83721      -0.106498E+008
  732.346        69231.1        3442.91       0.246085E-004  0.670971E-006   1153.97        7.98258        3.83471      -0.106304E+008
  749.359        69231.1        3442.14       0.246844E-004  0.672199E-006   1160.02        7.97817        3.83259      -0.106110E+008
  766.372        69231.1        3441.22       0.247669E-004  0.673577E-006   1165.88        7.97303        3.83012      -0.105915E+008
  783.385        69231.1        3440.47       0.248360E-004  0.674796E-006   1171.40        7.96869        3.82803      -0.105720E+008
  800.397        69231.1        3439.34       0.249247E-004  0.676356E-006   1176.88        7.96269        3.82515      -0.105521E+008
  817.410        69231.1        3438.65       0.249868E-004  0.677553E-006   1181.92        7.95848        3.82313      -0.105325E+008
  834.423        69231.1        3437.63       0.250658E-004  0.679046E-006   1186.92        7.95284        3.82042      -0.105125E+008
  851.436        69231.1        3436.73       0.251362E-004  0.680439E-006   1191.66        7.94771        3.81796      -0.104926E+008
  868.449        69231.1        3435.74       0.252103E-004  0.681923E-006   1196.27        7.94215        3.81528      -0.104725E+008
  885.462        69231.1        3371.73       0.239435E-004  0.675203E-006   1215.72        8.04709        3.86570      -0.109945E+008
  902.474        69231.1        3370.05       0.240283E-004  0.677007E-006   1220.38        8.04004        3.86231      -0.109766E+008
  919.487        69231.1        3368.00       0.241019E-004  0.678748E-006   1224.97        8.03378        3.85930      -0.109622E+008
  936.500        69231.1        3365.94       0.241744E-004  0.680501E-006   1229.41        8.02750        3.85629      -0.109479E+008
  953.513        69231.1        3379.28       0.211947E-004  0.691286E-006   1222.93        7.92354        3.80635      -0.109829E+008
  970.526        69231.1        3394.04       0.234902E-004  0.691344E-006   1208.67        7.92348        3.80632      -0.110222E+008
  987.538        69231.1        3393.13       0.235822E-004  0.693313E-006   1212.35        7.91483        3.80216      -0.109981E+008
  1004.55        69231.1        3392.11       0.236715E-004  0.695274E-006   1215.95        7.90640        3.79811      -0.109747E+008
  1021.56        69231.1        3391.10       0.237608E-004  0.697250E-006   1219.42        7.89793        3.79404      -0.109511E+008
  1038.58        69231.1        3389.67       0.238407E-004  0.699150E-006   1222.91        7.89036        3.79041      -0.109307E+008
  1055.59        69231.1        3388.82       0.239332E-004  0.701188E-006   1226.10        7.88147        3.78614      -0.109056E+008
  1072.60        69231.1        3387.59       0.240168E-004  0.703155E-006   1229.31        7.87344        3.78228      -0.108836E+008
  1089.62        69231.1        3386.34       0.241003E-004  0.705135E-006   1232.42        7.86538        3.77841      -0.108615E+008
  1106.63        69231.1        3384.98       0.241809E-004  0.707102E-006   1235.48        7.85758        3.77466      -0.108403E+008
  1123.64        69231.1        3383.68       0.242631E-004  0.709098E-006   1238.41        7.84960        3.77083      -0.108185E+008
  1140.65        69231.1        3382.30       0.243434E-004  0.711090E-006   1241.29        7.84177        3.76706      -0.107972E+008
  1157.67        69231.1        3380.85       0.244222E-004  0.713082E-006   1244.09        7.83406        3.76336      -0.107765E+008
  1174.68        69231.1        3379.47       0.245027E-004  0.715104E-006   1246.79        7.82617        3.75957      -0.107550E+008
  1191.69        69231.1        3377.88       0.245784E-004  0.717093E-006   1249.48        7.81872        3.75599      -0.107353E+008
  1208.71        69231.1        3376.24       0.246531E-004  0.719087E-006   1252.11        7.81134        3.75245      -0.107158E+008
  1225.72        69231.1        3374.79       0.247324E-004  0.721136E-006   1254.59        7.80352        3.74869      -0.106947E+008
  1242.73        69231.1        3373.04       0.248048E-004  0.723136E-006   1257.11        7.79632        3.74523      -0.106760E+008
  1259.74        69231.1        3371.60       0.248845E-004  0.725215E-006   1259.44        7.78843        3.74144      -0.106548E+008
  1276.76        69231.1        3370.25       0.249664E-004  0.727329E-006   1261.67        7.78033        3.73755      -0.106327E+008
  1293.77        69231.1        3368.32       0.250353E-004  0.729335E-006   1264.04        7.77342        3.73423      -0.106152E+008
  1310.78        69231.1        3366.58       0.251088E-004  0.731397E-006   1266.27        7.76608        3.73070      -0.105962E+008
  1327.79        69231.1        3364.96       0.251853E-004  0.733499E-006   1268.40        7.75846        3.72704      -0.105761E+008
  1344.81        69231.1        3363.22       0.252593E-004  0.735593E-006   1270.50        7.75104        3.72348      -0.105569E+008
  1361.82        69231.1        3361.53       0.253347E-004  0.737711E-006   1272.53        7.74351        3.71986      -0.105373E+008
  1378.83        69231.1        3359.78       0.254091E-004  0.739833E-006   1274.52        7.73607        3.71629      -0.105181E+008
  1395.85        69231.1        3358.04       0.254840E-004  0.741974E-006   1276.44        7.72856        3.71268      -0.104987E+008
  1412.86        69231.1        3356.24       0.255579E-004  0.744117E-006   1278.33        7.72116        3.70912      -0.104798E+008
  1429.87        69231.1        3354.50       0.256335E-004  0.746291E-006   1280.13        7.71359        3.70549      -0.104603E+008
  1446.88        69231.1        3352.69       0.257077E-004  0.748464E-006   1281.92        7.70615        3.70192      -0.104414E+008
  1463.90        69231.1        3350.92       0.257834E-004  0.750664E-006   1283.62        7.69858        3.69828      -0.104220E+008
  1480.91        69231.1        3349.09       0.258580E-004  0.752868E-006   1285.30        7.69111        3.69469      -0.104031E+008
  1497.92        69231.1        3347.30       0.259340E-004  0.755097E-006   1286.91        7.68352        3.69105      -0.103838E+008
  1514.94        69231.1        3345.46       0.260092E-004  0.757332E-006   1288.49        7.67601        3.68744      -0.103649E+008
  1531.95        69231.1        3343.65       0.260855E-004  0.759591E-006   1290.01        7.66840        3.68378      -0.103456E+008
  1548.96        69231.1        3341.81       0.261613E-004  0.761859E-006   1291.49        7.66084        3.68015      -0.103267E+008
  1565.97        69231.1        3339.98       0.262381E-004  0.764150E-006   1292.92        7.65321        3.67648      -0.103075E+008
  1582.99        69231.1        3338.13       0.263149E-004  0.766454E-006   1294.30        7.64558        3.67282      -0.102885E+008
  1600.00        69231.1        3336.28       0.263921E-004  0.768775E-006   1295.64        7.63793        3.66914      -0.102694E+008
  273.000        70513.1        3313.79       0.153623E-004  0.838343E-006   760.150        7.52047        3.61272      -0.109800E+008
  290.013        70513.1        3312.91       0.159415E-004  0.839219E-006   798.517        7.51833        3.61169      -0.109668E+008
  307.026        70513.1        3312.00       0.164512E-004  0.840135E-006   832.827        7.51602        3.61058      -0.109529E+008
  324.038        70513.1        3311.06       0.169016E-004  0.841091E-006   863.722        7.51354        3.60939      -0.109384E+008
  341.051        70513.1        3310.11       0.173015E-004  0.842083E-006   891.716        7.51091        3.60813      -0.109235E+008
  358.064        70513.1        3290.82       0.159055E-004  0.868156E-006   919.781        7.35504        3.53325      -0.109069E+008
  375.077        70513.1        3289.94       0.161954E-004  0.869318E-006   943.172        7.35142        3.53151      -0.108910E+008
  392.090        70513.1        3282.41       0.178334E-004  0.857621E-006   962.555        7.36741        3.53919      -0.108704E+008
  409.103        70513.1        3280.35       0.182389E-004  0.856869E-006   982.622        7.36678        3.53889      -0.108534E+008
  426.115        70513.1        3278.28       0.186203E-004  0.856167E-006   1001.35        7.36619        3.53861      -0.108361E+008
  443.128        70513.1        3275.23       0.191181E-004  0.853728E-006   1019.04        7.36867        3.53980      -0.108181E+008
  460.141        70513.1        3272.73       0.195215E-004  0.852389E-006   1035.68        7.36932        3.54011      -0.108001E+008
  477.154        70513.1        3270.32       0.198948E-004  0.851325E-006   1051.41        7.36948        3.54018      -0.107819E+008
  494.167        70513.1        3267.83       0.202643E-004  0.850183E-006   1066.38        7.36986        3.54037      -0.107634E+008
  511.179        70513.1        3265.20       0.206402E-004  0.848870E-006   1080.68        7.37060        3.54072      -0.107447E+008
  528.192        70513.1        3263.81       0.208304E-004  0.849824E-006   1093.85        7.36711        3.53904      -0.107261E+008
  545.205        70513.1        3262.65       0.209778E-004  0.851223E-006   1106.21        7.36274        3.53694      -0.107074E+008
  562.218        70513.1        3261.48       0.211164E-004  0.852631E-006   1117.90        7.35836        3.53484      -0.106885E+008
  579.231        70513.1        3260.30       0.212474E-004  0.854049E-006   1128.98        7.35395        3.53272      -0.106694E+008
  596.244        70513.1        3259.12       0.213719E-004  0.855483E-006   1139.48        7.34949        3.53058      -0.106500E+008
  613.256        70513.1        3265.02       0.214039E-004  0.850470E-006   1146.88        7.36858        3.53975      -0.106346E+008
  630.269        70513.1        3386.44       0.228643E-004  0.757429E-006   1136.12        7.64250        3.67134      -0.106545E+008
  647.282        70513.1        3413.44       0.231838E-004  0.736902E-006   1139.10        7.70891        3.70324      -0.106452E+008
  664.295        70513.1        3451.31       0.240323E-004  0.660688E-006   1125.38        8.02684        3.85597      -0.106715E+008
  681.308        70513.1        3450.31       0.241321E-004  0.662024E-006   1132.81        8.02182        3.85356      -0.106525E+008
  698.321        70513.1        3449.59       0.242140E-004  0.663161E-006   1139.76        8.01775        3.85160      -0.106335E+008
  715.333        70513.1        3448.90       0.242916E-004  0.664296E-006   1146.37        8.01369        3.84965      -0.106144E+008
  732.346        70513.1        3448.16       0.243690E-004  0.665488E-006   1152.71        8.00935        3.84757      -0.105952E+008
  749.359        70513.1        3447.12       0.244574E-004  0.666902E-006   1158.89        8.00395        3.84497      -0.105757E+008
  766.372        70513.1        3446.38       0.245265E-004  0.668071E-006   1164.67        7.99978        3.84297      -0.105564E+008
  783.385        70513.1        3445.38       0.246144E-004  0.669573E-006   1170.33        7.99387        3.84013      -0.105367E+008
  800.397        70513.1        3444.55       0.246867E-004  0.670879E-006   1175.68        7.98900        3.83779      -0.105170E+008
  817.410        70513.1        3443.73       0.247546E-004  0.672158E-006   1180.79        7.98430        3.83554      -0.104973E+008
  834.423        70513.1        3442.83       0.248262E-004  0.673530E-006   1185.74        7.97916        3.83306      -0.104775E+008
  851.436        70513.1        3441.86       0.249013E-004  0.674993E-006   1190.54        7.97356        3.83038      -0.104575E+008
  868.449        70513.1        3440.90       0.249740E-004  0.676449E-006   1195.14        7.96802        3.82771      -0.104374E+008
  885.462        70513.1        3370.69       0.236927E-004  0.670115E-006   1216.44        8.07752        3.88031      -0.109954E+008
  902.474        70513.1        3369.37       0.237859E-004  0.671968E-006   1221.03        8.06968        3.87655      -0.109742E+008
  919.487        70513.1        3367.57       0.238650E-004  0.673732E-006   1225.56        8.06290        3.87329      -0.109575E+008
  936.500        70513.1        3365.53       0.239367E-004  0.675462E-006   1230.00        8.05661        3.87027      -0.109431E+008
  953.513        70513.1        3378.96       0.210127E-004  0.686044E-006   1223.65        7.95359        3.82078      -0.109750E+008
  970.526        70513.1        3378.20       0.210930E-004  0.687954E-006   1227.54        7.94459        3.81646      -0.109501E+008
  987.538        70513.1        3377.38       0.211720E-004  0.689861E-006   1231.31        7.93573        3.81220      -0.109257E+008
  1004.55        70513.1        3376.51       0.212499E-004  0.691767E-006   1234.96        7.92700        3.80801      -0.109017E+008
  1021.56        70513.1        3375.57       0.213267E-004  0.693673E-006   1238.51        7.91837        3.80386      -0.108781E+008
  1038.58        70513.1        3389.58       0.236279E-004  0.694067E-006   1223.73        7.91837        3.80386      -0.109188E+008
  1055.59        70513.1        3388.49       0.237138E-004  0.696027E-006   1227.01        7.91004        3.79986      -0.108957E+008
  1072.60        70513.1        3387.35       0.237983E-004  0.697988E-006   1230.19        7.90181        3.79591      -0.108730E+008
  1089.62        70513.1        3386.16       0.238816E-004  0.699952E-006   1233.29        7.89366        3.79199      -0.108506E+008
  1106.63        70513.1        3384.92       0.239638E-004  0.701919E-006   1236.31        7.88559        3.78811      -0.108284E+008
  1123.64        70513.1        3383.64       0.240450E-004  0.703890E-006   1239.25        7.87759        3.78427      -0.108066E+008
  1140.65        70513.1        3382.32       0.241253E-004  0.705867E-006   1242.10        7.86966        3.78046      -0.107850E+008
  1157.67        70513.1        3381.03       0.242064E-004  0.707864E-006   1244.86        7.86163        3.77660      -0.107630E+008
  1174.68        70513.1        3379.62       0.242847E-004  0.709847E-006   1247.58        7.85385        3.77287      -0.107420E+008
  1191.69        70513.1        3377.80       0.243540E-004  0.711758E-006   1250.35        7.84693        3.76954      -0.107241E+008
  1208.71        70513.1        3376.42       0.244331E-004  0.713777E-006   1252.89        7.83903        3.76575      -0.107026E+008
  1225.72        70513.1        3375.30       0.245185E-004  0.715867E-006   1255.26        7.83052        3.76166      -0.106790E+008
  1242.73        70513.1        3373.60       0.245907E-004  0.717846E-006   1257.76        7.82325        3.75817      -0.106600E+008
  1259.74        70513.1        3372.18       0.246697E-004  0.719901E-006   1260.09        7.81534        3.75437      -0.106386E+008
  1276.76        70513.1        3370.55       0.247439E-004  0.721924E-006   1262.42        7.80787        3.75078      -0.106188E+008
  1293.77        70513.1        3368.77       0.248147E-004  0.723928E-006   1264.74        7.80070        3.74733      -0.106003E+008
  1310.78        70513.1        3367.54       0.248987E-004  0.726068E-006   1266.79        7.79229        3.74330      -0.105771E+008
  1327.79        70513.1        3365.88       0.249729E-004  0.728130E-006   1268.93        7.78479        3.73969      -0.105574E+008
  1344.81        70513.1        3364.22       0.250473E-004  0.730206E-006   1271.01        7.77727        3.73608      -0.105377E+008
  1361.82        70513.1        3362.47       0.251200E-004  0.732278E-006   1273.06        7.76990        3.73254      -0.105186E+008
  1378.83        70513.1        3360.74       0.251934E-004  0.734370E-006   1275.04        7.76247        3.72897      -0.104994E+008
  1395.85        70513.1        3359.10       0.252691E-004  0.736496E-006   1276.93        7.75481        3.72529      -0.104793E+008
  1412.86        70513.1        3357.34       0.253425E-004  0.738614E-006   1278.80        7.74737        3.72171      -0.104601E+008
  1429.87        70513.1        3355.67       0.254183E-004  0.740766E-006   1280.59        7.73971        3.71804      -0.104402E+008
  1446.88        70513.1        3353.89       0.254919E-004  0.742911E-006   1282.35        7.73225        3.71446      -0.104210E+008
  1463.90        70513.1        3352.19       0.255678E-004  0.745090E-006   1284.04        7.72460        3.71078      -0.104012E+008
  1480.91        70513.1        3350.39       0.256416E-004  0.747263E-006   1285.71        7.71711        3.70718      -0.103821E+008
  1497.92        70513.1        3348.68       0.257178E-004  0.749470E-006   1287.29        7.70944        3.70349      -0.103623E+008
  1514.94        70513.1        3346.86       0.257921E-004  0.751674E-006   1288.86        7.70192        3.69989      -0.103432E+008
  1531.95        70513.1        3345.13       0.258686E-004  0.753910E-006   1290.35        7.69423        3.69619      -0.103235E+008
  1548.96        70513.1        3343.30       0.259435E-004  0.756144E-006   1291.82        7.68668        3.69256      -0.103045E+008
  1565.97        70513.1        3341.54       0.260204E-004  0.758411E-006   1293.22        7.67896        3.68885      -0.102848E+008
  1582.99        70513.1        3339.72       0.260962E-004  0.760680E-006   1294.59        7.67135        3.68520      -0.102656E+008
  1600.00        70513.1        3337.91       0.261729E-004  0.762971E-006   1295.91        7.66367        3.68151      -0.102462E+008
  273.000        71795.2        3317.34       0.153002E-004  0.834127E-006   759.764        7.53360        3.61902      -0.109415E+008
  290.013        71795.2        3316.47       0.158768E-004  0.834998E-006   798.157        7.53145        3.61799      -0.109283E+008
  307.026        71795.2        3315.56       0.163843E-004  0.835902E-006   832.490        7.52916        3.61689      -0.109144E+008
  324.038        71795.2        3314.63       0.168312E-004  0.836917E-006   863.404        7.52639        3.61556      -0.108999E+008
  341.051        71795.2        3313.67       0.172307E-004  0.837831E-006   891.419        7.52406        3.61444      -0.108850E+008
  358.064        71795.2        3312.71       0.175836E-004  0.838938E-006   916.940        7.52090        3.61293      -0.108695E+008
  375.077        71795.2        3311.71       0.179037E-004  0.839898E-006   940.314        7.51838        3.61171      -0.108537E+008
  392.090        71795.2        3310.70       0.181899E-004  0.840979E-006   961.812        7.51533        3.61025      -0.108375E+008
  409.103        71795.2        3284.65       0.180498E-004  0.853596E-006   982.353        7.38021        3.54534      -0.108149E+008
  426.115        71795.2        3282.77       0.184035E-004  0.853300E-006   1001.05        7.37876        3.54464      -0.107976E+008
  443.128        71795.2        3280.22       0.188275E-004  0.851839E-006   1018.63        7.37948        3.54499      -0.107799E+008
  460.141        71795.2        3277.85       0.192097E-004  0.850789E-006   1035.18        7.37949        3.54499      -0.107619E+008
  477.154        71795.2        3275.44       0.195797E-004  0.849771E-006   1050.84        7.37947        3.54498      -0.107436E+008
  494.167        71795.2        3272.79       0.199698E-004  0.848386E-006   1065.77        7.38018        3.54533      -0.107251E+008
  511.179        71795.2        3270.45       0.203020E-004  0.847633E-006   1079.89        7.37980        3.54514      -0.107064E+008
  528.192        71795.2        3267.91       0.206509E-004  0.846595E-006   1093.44        7.37998        3.54523      -0.106875E+008
  545.205        71795.2        3266.20       0.208734E-004  0.847035E-006   1106.02        7.37742        3.54400      -0.106686E+008
  562.218        71795.2        3265.04       0.210112E-004  0.848428E-006   1117.72        7.37305        3.54190      -0.106497E+008
  579.231        71795.2        3263.87       0.211414E-004  0.849834E-006   1128.80        7.36865        3.53978      -0.106305E+008
  596.244        71795.2        3264.62       0.212413E-004  0.849485E-006   1138.61        7.37073        3.54078      -0.106123E+008
  613.256        71795.2        3278.28       0.211779E-004  0.837387E-006   1143.23        7.41612        3.56259      -0.106014E+008
  630.269        71795.2        3418.00       0.228980E-004  0.729839E-006   1130.53        7.73789        3.71716      -0.106275E+008
  647.282        71795.2        3416.66       0.230271E-004  0.731869E-006   1138.90        7.73042        3.71357      -0.106082E+008
  664.295        71795.2        3415.31       0.231521E-004  0.733916E-006   1146.85        7.72292        3.70997      -0.105887E+008
  681.308        71795.2        3455.59       0.238926E-004  0.656568E-006   1131.52        8.04905        3.86664      -0.106174E+008
  698.321        71795.2        3454.80       0.239796E-004  0.657788E-006   1138.52        8.04443        3.86442      -0.105984E+008
  715.333        71795.2        3454.10       0.240557E-004  0.658892E-006   1145.13        8.04047        3.86252      -0.105794E+008
  732.346        71795.2        3453.18       0.241425E-004  0.660226E-006   1151.56        8.03531        3.86004      -0.105600E+008
  749.359        71795.2        3452.50       0.242128E-004  0.661356E-006   1157.59        8.03121        3.85807      -0.105408E+008
  766.372        71795.2        3451.49       0.242919E-004  0.662673E-006   1163.48        8.02627        3.85570      -0.105213E+008
  783.385        71795.2        3450.75       0.243674E-004  0.663982E-006   1169.05        8.02118        3.85325      -0.105018E+008
  800.397        71795.2        3449.69       0.244522E-004  0.665478E-006   1174.51        8.01524        3.85040      -0.104820E+008
  817.410        71795.2        3448.90       0.245193E-004  0.666737E-006   1179.63        8.01055        3.84814      -0.104623E+008
  834.423        71795.2        3447.93       0.245947E-004  0.668162E-006   1184.62        8.00502        3.84549      -0.104424E+008
  851.436        71795.2        3446.97       0.246685E-004  0.669598E-006   1189.42        7.99946        3.84281      -0.104224E+008
  868.449        71795.2        3445.99       0.247420E-004  0.671062E-006   1194.04        7.99377        3.84008      -0.104024E+008
  885.462        71795.2        3369.85       0.234502E-004  0.665113E-006   1217.12        8.10758        3.89476      -0.109940E+008
  902.474        71795.2        3368.86       0.235509E-004  0.667008E-006   1221.63        8.09902        3.89064      -0.109698E+008
  919.487        71795.2        3367.07       0.236291E-004  0.668750E-006   1226.17        8.09223        3.88738      -0.109531E+008
  936.500        71795.2        3365.27       0.237058E-004  0.670501E-006   1230.57        8.08546        3.88413      -0.109365E+008
  953.513        71795.2        3378.77       0.208346E-004  0.680888E-006   1224.34        7.98332        3.83506      -0.109655E+008
  970.526        71795.2        3378.16       0.209160E-004  0.682810E-006   1228.18        7.97395        3.83056      -0.109394E+008
  987.538        71795.2        3377.33       0.209938E-004  0.684688E-006   1231.96        7.96516        3.82634      -0.109152E+008
  1004.55        71795.2        3376.70       0.210742E-004  0.686631E-006   1235.55        7.95579        3.82184      -0.108891E+008
  1021.56        71795.2        3375.65       0.211483E-004  0.688481E-006   1239.14        7.94749        3.81785      -0.108666E+008
  1038.58        71795.2        3374.83       0.212253E-004  0.690400E-006   1242.55        7.93859        3.81357      -0.108420E+008
  1055.59        71795.2        3373.78       0.212990E-004  0.692276E-006   1245.91        7.93023        3.80956      -0.108194E+008
  1072.60        71795.2        3372.75       0.213728E-004  0.694169E-006   1249.15        7.92180        3.80551      -0.107965E+008
  1089.62        71795.2        3371.72       0.214465E-004  0.696078E-006   1252.29        7.91332        3.80144      -0.107734E+008
  1106.63        71795.2        3370.57       0.215184E-004  0.697968E-006   1255.37        7.90514        3.79750      -0.107513E+008
  1123.64        71795.2        3369.51       0.215915E-004  0.699893E-006   1258.32        7.89670        3.79345      -0.107284E+008
  1140.65        71795.2        3382.46       0.239124E-004  0.700720E-006   1242.88        7.89734        3.79376      -0.107715E+008
  1157.67        71795.2        3381.17       0.239920E-004  0.702688E-006   1245.64        7.88934        3.78992      -0.107496E+008
  1174.68        71795.2        3379.75       0.240690E-004  0.704642E-006   1248.36        7.88160        3.78620      -0.107287E+008
  1191.69        71795.2        3378.48       0.241492E-004  0.706641E-006   1250.95        7.87351        3.78231      -0.107065E+008
  1208.71        71795.2        3377.00       0.242248E-004  0.708609E-006   1253.53        7.86586        3.77864      -0.106860E+008
  1225.72        71795.2        3375.66       0.243038E-004  0.710622E-006   1255.98        7.85787        3.77480      -0.106642E+008
  1242.73        71795.2        3374.14       0.243790E-004  0.712610E-006   1258.42        7.85024        3.77113      -0.106438E+008
  1259.74        71795.2        3372.72       0.244565E-004  0.714634E-006   1260.75        7.84236        3.76735      -0.106225E+008
  1276.76        71795.2        3371.12       0.245299E-004  0.716631E-006   1263.08        7.83488        3.76375      -0.106026E+008
  1293.77        71795.2        3369.69       0.246077E-004  0.718682E-006   1265.27        7.82696        3.75995      -0.105813E+008
  1310.78        71795.2        3367.99       0.246794E-004  0.720688E-006   1267.49        7.81962        3.75642      -0.105620E+008
  1327.79        71795.2        3366.57       0.247578E-004  0.722770E-006   1269.55        7.81164        3.75259      -0.105405E+008
  1344.81        71795.2        3364.88       0.248301E-004  0.724806E-006   1271.64        7.80423        3.74903      -0.105211E+008
  1361.82        71795.2        3363.38       0.249072E-004  0.726900E-006   1273.60        7.79637        3.74526      -0.105001E+008
  1378.83        71795.2        3361.70       0.249804E-004  0.728970E-006   1275.56        7.78887        3.74165      -0.104804E+008
  1395.85        71795.2        3360.12       0.250562E-004  0.731076E-006   1277.43        7.78113        3.73793      -0.104600E+008
  1412.86        71795.2        3358.42       0.251295E-004  0.733172E-006   1279.28        7.77361        3.73432      -0.104404E+008
  1429.87        71795.2        3356.80       0.252051E-004  0.735300E-006   1281.05        7.76590        3.73062      -0.104201E+008
  1446.88        71795.2        3355.13       0.252798E-004  0.737433E-006   1282.78        7.75827        3.72695      -0.104002E+008
  1463.90        71795.2        3353.43       0.253542E-004  0.739576E-006   1284.46        7.75066        3.72330      -0.103804E+008
  1480.91        71795.2        3351.73       0.254291E-004  0.741736E-006   1286.09        7.74302        3.71962      -0.103606E+008
  1497.92        71795.2        3350.02       0.255038E-004  0.743907E-006   1287.68        7.73539        3.71596      -0.103409E+008
  1514.94        71795.2        3348.31       0.255791E-004  0.746096E-006   1289.21        7.72772        3.71228      -0.103210E+008
  1531.95        71795.2        3346.56       0.256540E-004  0.748294E-006   1290.70        7.72009        3.70861      -0.103014E+008
  1548.96        71795.2        3344.82       0.257294E-004  0.750509E-006   1292.14        7.71243        3.70493      -0.102817E+008
  1565.97        71795.2        3343.08       0.258051E-004  0.752740E-006   1293.53        7.70474        3.70124      -0.102621E+008
  1582.99        71795.2        3330.91       0.234825E-004  0.754869E-006   1313.55        7.68218        3.69040      -0.101711E+008
  1600.00        71795.2        3329.31       0.235545E-004  0.757084E-006   1314.84        7.67420        3.68657      -0.101512E+008
  273.000        73077.2        3320.88       0.152387E-004  0.829965E-006   759.382        7.54666        3.62530      -0.109031E+008
  290.013        73077.2        3320.01       0.158125E-004  0.830841E-006   797.800        7.54445        3.62424      -0.108898E+008
  307.026        73077.2        3319.11       0.163169E-004  0.831774E-006   832.153        7.54201        3.62306      -0.108759E+008
  324.038        73077.2        3318.18       0.167629E-004  0.832729E-006   863.089        7.53947        3.62184      -0.108615E+008
  341.051        73077.2        3317.23       0.171601E-004  0.833659E-006   891.122        7.53703        3.62067      -0.108465E+008
  358.064        73077.2        3316.26       0.175118E-004  0.834736E-006   916.661        7.53396        3.61920      -0.108311E+008
  375.077        73077.2        3315.27       0.178305E-004  0.835685E-006   940.052        7.53145        3.61799      -0.108153E+008
  392.090        73077.2        3314.26       0.181153E-004  0.836755E-006   961.563        7.52842        3.61653      -0.107991E+008
  409.103        73077.2        3313.25       0.183726E-004  0.837855E-006   981.431        7.52525        3.61501      -0.107825E+008
  426.115        73077.2        3286.91       0.182350E-004  0.849763E-006   1000.77        7.39264        3.55131      -0.107592E+008
  443.128        73077.2        3284.71       0.186092E-004  0.848990E-006   1018.30        7.39202        3.55101      -0.107415E+008
  460.141        73077.2        3282.33       0.189887E-004  0.847989E-006   1034.81        7.39186        3.55094      -0.107235E+008
  477.154        73077.2        3280.08       0.193340E-004  0.847250E-006   1050.39        7.39141        3.55072      -0.107053E+008
  494.167        73077.2        3277.72       0.196815E-004  0.846409E-006   1065.19        7.39106        3.55055      -0.106868E+008
  511.179        73077.2        3275.73       0.199647E-004  0.846279E-006   1079.13        7.38939        3.54975      -0.106682E+008
  528.192        73077.2        3273.07       0.203271E-004  0.845108E-006   1092.62        7.38967        3.54988      -0.106492E+008
  545.205        73077.2        3270.61       0.206524E-004  0.844302E-006   1105.46        7.38938        3.54974      -0.106301E+008
  562.218        73077.2        3268.58       0.209073E-004  0.844276E-006   1117.54        7.38767        3.54892      -0.106109E+008
  579.231        73077.2        3267.42       0.210367E-004  0.845665E-006   1128.62        7.38328        3.54681      -0.105918E+008
  596.244        73077.2        3278.27       0.210116E-004  0.836073E-006   1134.83        7.41986        3.56438      -0.105795E+008
  613.256        73077.2        3422.51       0.226131E-004  0.722936E-006   1121.53        7.76662        3.73096      -0.106098E+008
  630.269        73077.2        3421.19       0.227452E-004  0.724916E-006   1130.34        7.75924        3.72742      -0.105906E+008
  647.282        73077.2        3419.86       0.228728E-004  0.726914E-006   1138.70        7.75181        3.72385      -0.105712E+008
  664.295        73077.2        3418.80       0.229874E-004  0.728643E-006   1146.52        7.74562        3.72088      -0.105520E+008
  681.308        73077.2        3460.79       0.236585E-004  0.651213E-006   1130.27        8.07608        3.87963      -0.105824E+008
  698.321        73077.2        3459.98       0.237442E-004  0.652404E-006   1137.27        8.07156        3.87745      -0.105634E+008
  715.333        73077.2        3458.96       0.238384E-004  0.653790E-006   1144.05        8.06604        3.87480      -0.105441E+008
  732.346        73077.2        3458.40       0.239051E-004  0.654811E-006   1150.31        8.06238        3.87304      -0.105251E+008
  749.359        73077.2        3457.34       0.239972E-004  0.656279E-006   1156.53        8.05642        3.87018      -0.105056E+008
  766.372        73077.2        3456.47       0.240658E-004  0.657425E-006   1162.36        8.05231        3.86821      -0.104862E+008
  783.385        73077.2        3455.48       0.241598E-004  0.659022E-006   1168.06        8.04555        3.86496      -0.104664E+008
  800.397        73077.2        3454.50       0.242421E-004  0.660477E-006   1173.50        8.03969        3.86214      -0.104467E+008
  817.410        73077.2        3453.64       0.243069E-004  0.661690E-006   1178.65        8.03523        3.86000      -0.104270E+008
  834.423        73077.2        3452.95       0.243675E-004  0.662881E-006   1183.53        8.03077        3.85786      -0.104074E+008
  851.436        73077.2        3451.98       0.244422E-004  0.664326E-006   1188.34        8.02504        3.85510      -0.103874E+008
  868.449        73077.2        3451.03       0.245142E-004  0.665762E-006   1192.96        8.01938        3.85238      -0.103674E+008
  885.462        73077.2        3369.22       0.232157E-004  0.660196E-006   1217.75        8.13729        3.90903      -0.109904E+008
  902.474        73077.2        3368.51       0.233230E-004  0.662129E-006   1222.21        8.12805        3.90459      -0.109636E+008
  919.487        73077.2        3366.94       0.234056E-004  0.663889E-006   1226.70        8.12081        3.90111      -0.109450E+008
  936.500        73077.2        3365.15       0.234814E-004  0.665616E-006   1231.10        8.11404        3.89786      -0.109284E+008
  953.513        73077.2        3378.72       0.206604E-004  0.675818E-006   1224.98        8.01275        3.84920      -0.109546E+008
  970.526        73077.2        3378.08       0.207404E-004  0.677709E-006   1228.84        8.00346        3.84474      -0.109289E+008
  987.538        73077.2        3377.47       0.208203E-004  0.679618E-006   1232.56        7.99410        3.84024      -0.109028E+008
  1004.55        73077.2        3376.65       0.208969E-004  0.681487E-006   1236.21        7.98525        3.83599      -0.108785E+008
  1021.56        73077.2        3375.91       0.209745E-004  0.683389E-006   1239.72        7.97617        3.83163      -0.108533E+008
  1038.58        73077.2        3374.99       0.210491E-004  0.685258E-006   1243.16        7.96754        3.82748      -0.108297E+008
  1055.59        73077.2        3373.80       0.211198E-004  0.687073E-006   1246.56        7.95956        3.82365      -0.108084E+008
  1072.60        73077.2        3373.14       0.211978E-004  0.689032E-006   1249.70        7.95021        3.81916      -0.107822E+008
  1089.62        73077.2        3372.17       0.212712E-004  0.690927E-006   1252.83        7.94163        3.81503      -0.107587E+008
  1106.63        73077.2        3371.30       0.213460E-004  0.692859E-006   1255.83        7.93276        3.81078      -0.107343E+008
  1123.64        73077.2        3369.91       0.214135E-004  0.694677E-006   1258.88        7.92518        3.80713      -0.107143E+008
  1140.65        73077.2        3368.97       0.214871E-004  0.696616E-006   1261.71        7.91645        3.80294      -0.106904E+008
  1157.67        73077.2        3367.84       0.215581E-004  0.698523E-006   1264.51        7.90817        3.79896      -0.106680E+008
  1174.68        73077.2        3366.67       0.216287E-004  0.700435E-006   1267.23        7.89995        3.79501      -0.106458E+008
  1191.69        73077.2        3365.48       0.216988E-004  0.702352E-006   1269.87        7.89177        3.79108      -0.106238E+008
  1208.71        73077.2        3364.26       0.217687E-004  0.704277E-006   1272.44        7.88363        3.78717      -0.106020E+008
  1225.72        73077.2        3363.01       0.218383E-004  0.706208E-006   1274.93        7.87553        3.78328      -0.105803E+008
  1242.73        73077.2        3361.74       0.219076E-004  0.708147E-006   1277.36        7.86746        3.77940      -0.105588E+008
  1259.74        73077.2        3360.44       0.219768E-004  0.710095E-006   1279.72        7.85942        3.77554      -0.105374E+008
  1276.76        73077.2        3359.12       0.220458E-004  0.712050E-006   1282.02        7.85140        3.77169      -0.105161E+008
  1293.77        73077.2        3357.79       0.221146E-004  0.714015E-006   1284.25        7.84341        3.76785      -0.104950E+008
  1310.78        73077.2        3356.43       0.221834E-004  0.715989E-006   1286.42        7.83543        3.76402      -0.104739E+008
  1327.79        73077.2        3355.05       0.222522E-004  0.717972E-006   1288.53        7.82747        3.76020      -0.104530E+008
  1344.81        73077.2        3353.66       0.223209E-004  0.719966E-006   1290.58        7.81952        3.75638      -0.104321E+008
  1361.82        73077.2        3352.25       0.223896E-004  0.721971E-006   1292.58        7.81159        3.75256      -0.104113E+008
  1378.83        73077.2        3350.83       0.224584E-004  0.723986E-006   1294.51        7.80365        3.74875      -0.103906E+008
  1395.85        73077.2        3349.39       0.225272E-004  0.726012E-006   1296.39        7.79573        3.74495      -0.103700E+008
  1412.86        73077.2        3347.94       0.225961E-004  0.728051E-006   1298.22        7.78780        3.74114      -0.103494E+008
  1429.87        73077.2        3346.47       0.226651E-004  0.730101E-006   1299.99        7.77988        3.73733      -0.103288E+008
  1446.88        73077.2        3345.00       0.227343E-004  0.732163E-006   1301.71        7.77195        3.73353      -0.103084E+008
  1463.90        73077.2        3343.51       0.228036E-004  0.734238E-006   1303.37        7.76402        3.72972      -0.102879E+008
  1480.91        73077.2        3342.01       0.228731E-004  0.736326E-006   1304.99        7.75609        3.72591      -0.102675E+008
  1497.92        73077.2        3340.50       0.229428E-004  0.738427E-006   1306.55        7.74815        3.72209      -0.102471E+008
  1514.94        73077.2        3338.99       0.230127E-004  0.740541E-006   1308.07        7.74020        3.71827      -0.102268E+008
  1531.95        73077.2        3337.46       0.230829E-004  0.742670E-006   1309.54        7.73224        3.71445      -0.102065E+008
  1548.96        73077.2        3335.93       0.231533E-004  0.744812E-006   1310.96        7.72427        3.71062      -0.101862E+008
  1565.97        73077.2        3334.38       0.232239E-004  0.746968E-006   1312.33        7.71629        3.70679      -0.101659E+008
  1582.99        73077.2        3332.83       0.232949E-004  0.749139E-006   1313.66        7.70830        3.70295      -0.101457E+008
  1600.00        73077.2        3331.29       0.233664E-004  0.751328E-006   1314.93        7.70026        3.69908      -0.101253E+008
  273.000        74359.2        3324.41       0.151779E-004  0.825856E-006   759.001        7.55965        3.63154      -0.108646E+008
  290.013        74359.2        3323.54       0.157493E-004  0.826718E-006   797.444        7.55747        3.63049      -0.108514E+008
  307.026        74359.2        3322.64       0.162525E-004  0.827598E-006   831.821        7.55522        3.62941      -0.108375E+008
  324.038        74359.2        3321.72       0.166953E-004  0.828600E-006   862.776        7.55245        3.62808      -0.108230E+008
  341.051        74359.2        3320.77       0.170914E-004  0.829492E-006   890.828        7.55015        3.62697      -0.108081E+008
  358.064        74359.2        3319.81       0.174411E-004  0.830574E-006   916.385        7.54702        3.62547      -0.107927E+008
  375.077        74359.2        3318.81       0.177581E-004  0.831523E-006   939.790        7.54447        3.62425      -0.107769E+008
  392.090        74359.2        3317.83       0.180386E-004  0.832703E-006   961.312        7.54091        3.62254      -0.107606E+008
  409.103        74359.2        3316.80       0.182975E-004  0.833676E-006   981.195        7.53827        3.62127      -0.107441E+008
  426.115        74359.2        3315.78       0.185298E-004  0.834795E-006   999.623        7.53498        3.61969      -0.107272E+008
  443.128        74359.2        3289.20       0.183927E-004  0.846104E-006   1017.97        7.40471        3.55711      -0.107031E+008
  460.141        74359.2        3287.35       0.186993E-004  0.846021E-006   1034.36        7.40285        3.55621      -0.106853E+008
  477.154        74359.2        3284.92       0.190663E-004  0.845050E-006   1049.91        7.40261        3.55610      -0.106670E+008
  494.167        74359.2        3282.68       0.193928E-004  0.844433E-006   1064.61        7.40188        3.55575      -0.106486E+008
  511.179        74359.2        3280.39       0.197156E-004  0.843843E-006   1078.58        7.40092        3.55529      -0.106299E+008
  528.192        74359.2        3277.46       0.201148E-004  0.842312E-006   1092.12        7.40165        3.55564      -0.106107E+008
  545.205        74359.2        3275.69       0.203414E-004  0.842602E-006   1104.62        7.39947        3.55459      -0.105918E+008
  562.218        74359.2        3273.29       0.206459E-004  0.841995E-006   1116.81        7.39878        3.55426      -0.105725E+008
  579.231        74359.2        3277.75       0.208491E-004  0.835316E-006   1126.04        7.42132        3.56509      -0.105571E+008
  596.244        74359.2        3291.66       0.207860E-004  0.822918E-006   1131.19        7.46879        3.58789      -0.105468E+008
  613.256        74359.2        3425.68       0.224640E-004  0.718118E-006   1121.34        7.78781        3.74114      -0.105728E+008
  630.269        74359.2        3424.87       0.225784E-004  0.719550E-006   1129.89        7.78281        3.73874      -0.105541E+008
  647.282        74359.2        3425.19       0.226518E-004  0.719839E-006   1137.44        7.78296        3.73881      -0.105360E+008
  664.295        74359.2        3424.27       0.227618E-004  0.721427E-006   1145.20        7.77724        3.73607      -0.105169E+008
  681.308        74359.2        3424.53       0.228291E-004  0.721799E-006   1151.97        7.77699        3.73595      -0.104985E+008
  698.321        74359.2        3465.05       0.235171E-004  0.647173E-006   1136.09        8.09817        3.89024      -0.105283E+008
  715.333        74359.2        3464.25       0.235993E-004  0.648372E-006   1142.77        8.09350        3.88799      -0.105093E+008
  732.346        74359.2        3463.40       0.236812E-004  0.649624E-006   1149.17        8.08856        3.88562      -0.104900E+008
  749.359        74359.2        3462.55       0.237604E-004  0.650887E-006   1155.30        8.08358        3.88323      -0.104707E+008
  766.372        74359.2        3461.56       0.238416E-004  0.652230E-006   1161.21        8.07824        3.88066      -0.104512E+008
  783.385        74359.2        3460.74       0.239170E-004  0.653529E-006   1166.82        8.07305        3.87817      -0.104317E+008
  800.397        74359.2        3459.73       0.239999E-004  0.654990E-006   1172.28        8.06705        3.87529      -0.104119E+008
  817.410        74359.2        3458.87       0.240695E-004  0.656275E-006   1177.45        8.06204        3.87288      -0.103922E+008
  834.423        74359.2        3457.92       0.241444E-004  0.657684E-006   1182.46        8.05636        3.87015      -0.103724E+008
  851.436        74359.2        3456.97       0.242178E-004  0.659105E-006   1187.27        8.05065        3.86741      -0.103524E+008
  868.449        74359.2        3456.01       0.242905E-004  0.660546E-006   1191.91        8.04485        3.86462      -0.103324E+008
  885.462        74359.2        3368.78       0.229891E-004  0.655365E-006   1218.34        8.16663        3.92312      -0.109847E+008
  902.474        74359.2        3368.32       0.231019E-004  0.657329E-006   1222.74        8.15679        3.91840      -0.109556E+008
  919.487        74359.2        3366.76       0.231833E-004  0.659065E-006   1227.24        8.14956        3.91492      -0.109370E+008
  936.500        74359.2        3365.15       0.232630E-004  0.660805E-006   1231.60        8.14239        3.91148      -0.109187E+008
  953.513        74359.2        3363.55       0.233419E-004  0.662559E-006   1235.81        8.13520        3.90802      -0.109003E+008
  970.526        74359.2        3378.21       0.205697E-004  0.672712E-006   1229.44        8.03246        3.85867      -0.109162E+008
  987.538        74359.2        3377.57       0.206482E-004  0.674590E-006   1233.17        8.02318        3.85421      -0.108905E+008
  1004.55        74359.2        3376.85       0.207253E-004  0.676460E-006   1236.80        8.01408        3.84984      -0.108654E+008
  1021.56        74359.2        3376.13       0.208020E-004  0.678340E-006   1240.30        8.00498        3.84547      -0.108402E+008
  1038.58        74359.2        3375.31       0.208772E-004  0.680210E-006   1243.72        7.99610        3.84120      -0.108157E+008
  1055.59        74359.2        3374.49       0.209520E-004  0.682090E-006   1247.02        7.98721        3.83693      -0.107912E+008
  1072.60        74359.2        3373.58       0.210255E-004  0.683962E-006   1250.24        7.97851        3.83275      -0.107673E+008
  1089.62        74359.2        3372.67       0.210988E-004  0.685846E-006   1253.35        7.96980        3.82857      -0.107434E+008
  1106.63        74359.2        3371.65       0.211705E-004  0.687715E-006   1256.40        7.96133        3.82450      -0.107204E+008
  1123.64        74359.2        3370.69       0.212430E-004  0.689612E-006   1259.33        7.95269        3.82035      -0.106967E+008
  1140.65        74359.2        3369.84       0.213168E-004  0.691546E-006   1262.14        7.94377        3.81606      -0.106720E+008
  1157.67        74359.2        3368.57       0.213849E-004  0.693393E-006   1264.97        7.93586        3.81226      -0.106509E+008
  1174.68        74359.2        3367.59       0.214570E-004  0.695321E-006   1267.64        7.92721        3.80811      -0.106272E+008
  1191.69        74359.2        3366.33       0.215252E-004  0.697194E-006   1270.30        7.91924        3.80428      -0.106059E+008
  1208.71        74359.2        3365.27       0.215963E-004  0.699129E-006   1272.83        7.91074        3.80020      -0.105827E+008
  1225.72        74359.2        3363.97       0.216640E-004  0.701019E-006   1275.34        7.90281        3.79639      -0.105616E+008
  1242.73        74359.2        3362.92       0.217356E-004  0.702984E-006   1277.70        7.89421        3.79226      -0.105381E+008
  1259.74        74359.2        3361.51       0.218019E-004  0.704872E-006   1280.10        7.88652        3.78856      -0.105179E+008
  1276.76        74359.2        3360.34       0.218720E-004  0.706835E-006   1282.35        7.87816        3.78455      -0.104953E+008
  1293.77        74359.2        3358.95       0.219391E-004  0.708757E-006   1284.60        7.87034        3.78079      -0.104747E+008
  1310.78        74359.2        3357.77       0.220092E-004  0.710741E-006   1286.72        7.86200        3.77678      -0.104522E+008
  1327.79        74359.2        3356.32       0.220758E-004  0.712677E-006   1288.85        7.85425        3.77306      -0.104320E+008
  1344.81        74359.2        3355.10       0.221458E-004  0.714681E-006   1290.85        7.84594        3.76907      -0.104097E+008
  1361.82        74359.2        3353.62       0.222124E-004  0.716636E-006   1292.86        7.83822        3.76536      -0.103896E+008
  1378.83        74359.2        3352.33       0.222819E-004  0.718651E-006   1294.76        7.83002        3.76142      -0.103678E+008
  1395.85        74359.2        3350.85       0.223491E-004  0.720636E-006   1296.65        7.82223        3.75768      -0.103476E+008
  1412.86        74359.2        3349.52       0.224186E-004  0.722672E-006   1298.44        7.81406        3.75376      -0.103259E+008
  1429.87        74359.2        3348.03       0.224860E-004  0.724681E-006   1300.22        7.80627        3.75001      -0.103058E+008
  1446.88        74359.2        3346.67       0.225557E-004  0.726737E-006   1301.90        7.79812        3.74610      -0.102843E+008
  1463.90        74359.2        3345.15       0.226233E-004  0.728771E-006   1303.57        7.79032        3.74235      -0.102642E+008
  1480.91        74359.2        3343.77       0.226933E-004  0.730851E-006   1305.15        7.78217        3.73843      -0.102429E+008
  1497.92        74359.2        3342.23       0.227614E-004  0.732911E-006   1306.73        7.77435        3.73468      -0.102228E+008
  1514.94        74359.2        3340.82       0.228316E-004  0.735016E-006   1308.21        7.76621        3.73077      -0.102016E+008
  1531.95        74359.2        3339.27       0.229002E-004  0.737103E-006   1309.68        7.75837        3.72700      -0.101816E+008
  1548.96        74359.2        3337.83       0.229708E-004  0.739233E-006   1311.07        7.75022        3.72309      -0.101605E+008
  1565.97        74359.2        3336.27       0.230399E-004  0.741348E-006   1312.45        7.74235        3.71930      -0.101405E+008
  1582.99        74359.2        3334.81       0.231110E-004  0.743505E-006   1313.74        7.73419        3.71539      -0.101194E+008
  1600.00        74359.2        3333.24       0.231808E-004  0.745649E-006   1315.02        7.72629        3.71159      -0.100995E+008
  273.000        75641.3        3327.92       0.151176E-004  0.821800E-006   758.620        7.57257        3.63774      -0.108263E+008
  290.013        75641.3        3327.06       0.156865E-004  0.822659E-006   797.087        7.57037        3.63669      -0.108130E+008
  307.026        75641.3        3326.16       0.161867E-004  0.823567E-006   831.487        7.56797        3.63554      -0.107991E+008
  324.038        75641.3        3325.24       0.166297E-004  0.824461E-006   862.467        7.56563        3.63441      -0.107847E+008
  341.051        75641.3        3324.30       0.170206E-004  0.825491E-006   890.536        7.56269        3.63300      -0.107697E+008
  358.064        75641.3        3323.33       0.173711E-004  0.826464E-006   916.110        7.56001        3.63171      -0.107543E+008
  375.077        75641.3        3322.35       0.176863E-004  0.827419E-006   939.530        7.55740        3.63046      -0.107385E+008
  392.090        75641.3        3321.36       0.179665E-004  0.828544E-006   961.066        7.55404        3.62884      -0.107223E+008
  409.103        75641.3        3320.35       0.182208E-004  0.829645E-006   980.958        7.55079        3.62728      -0.107057E+008
  426.115        75641.3        3319.32       0.184543E-004  0.830661E-006   999.399        7.54792        3.62591      -0.106889E+008
  443.128        75641.3        3318.29       0.186648E-004  0.831797E-006   1016.55        7.54453        3.62427      -0.106717E+008
  460.141        75641.3        3291.51       0.185259E-004  0.842599E-006   1034.05        7.41647        3.56276      -0.106469E+008
  477.154        75641.3        3289.44       0.188431E-004  0.842247E-006   1049.51        7.41506        3.56208      -0.106287E+008
  494.167        75641.3        3287.31       0.191544E-004  0.841855E-006   1064.14        7.41376        3.56145      -0.106103E+008
  511.179        75641.3        3284.46       0.195509E-004  0.840444E-006   1078.24        7.41414        3.56164      -0.105914E+008
  528.192        75641.3        3282.22       0.198527E-004  0.840023E-006   1091.50        7.41292        3.56105      -0.105724E+008
  545.205        75641.3        3280.03       0.201354E-004  0.839695E-006   1104.12        7.41174        3.56049      -0.105534E+008
  562.218        75641.3        3278.30       0.203463E-004  0.840112E-006   1115.96        7.40923        3.55928      -0.105343E+008
  579.231        75641.3        3291.60       0.206188E-004  0.821758E-006   1122.26        7.47215        3.58950      -0.105247E+008
  596.244        75641.3        3430.13       0.221829E-004  0.711470E-006   1111.86        7.81615        3.75476      -0.105550E+008
  613.256        75641.3        3430.29       0.222704E-004  0.711885E-006   1120.43        7.81572        3.75455      -0.105371E+008
  630.269        75641.3        3430.98       0.223360E-004  0.711779E-006   1128.25        7.81763        3.75547      -0.105195E+008
  647.282        75641.3        3430.08       0.224487E-004  0.713316E-006   1136.40        7.81198        3.75276      -0.105005E+008
  664.295        75641.3        3429.93       0.225337E-004  0.714109E-006   1143.77        7.80972        3.75167      -0.104820E+008
  681.308        75641.3        3430.45       0.225903E-004  0.714175E-006   1150.42        7.81083        3.75220      -0.104639E+008
  698.321        75641.3        3470.02       0.232952E-004  0.642038E-006   1134.95        8.12459        3.90293      -0.104933E+008
  715.333        75641.3        3468.83       0.233974E-004  0.643546E-006   1141.81        8.11822        3.89987      -0.104740E+008
  732.346        75641.3        3468.33       0.234607E-004  0.644507E-006   1148.06        8.11470        3.89818      -0.104550E+008
  749.359        75641.3        3467.05       0.235696E-004  0.646238E-006   1154.41        8.10705        3.89450      -0.104353E+008
  766.372        75641.3        3466.51       0.236216E-004  0.647117E-006   1160.11        8.10411        3.89309      -0.104162E+008
  783.385        75641.3        3465.49       0.237060E-004  0.648553E-006   1165.82        8.09814        3.89022      -0.103965E+008
  800.397        75641.3        3464.22       0.238109E-004  0.650361E-006   1171.42        8.09010        3.88636      -0.103765E+008
  817.410        75641.3        3463.58       0.238613E-004  0.651336E-006   1176.48        8.08672        3.88474      -0.103571E+008
  834.423        75641.3        3462.80       0.239258E-004  0.652576E-006   1181.42        8.08182        3.88238      -0.103374E+008
  851.436        75641.3        3461.86       0.239997E-004  0.654001E-006   1186.24        8.07596        3.87956      -0.103174E+008
  868.449        75641.3        3460.93       0.240708E-004  0.655414E-006   1190.88        8.07018        3.87679      -0.102974E+008
  885.462        75641.3        3368.52       0.227698E-004  0.650617E-006   1218.89        8.19560        3.93704      -0.109770E+008
  902.474        75641.3        3368.23       0.228860E-004  0.652596E-006   1223.25        8.18534        3.93211      -0.109465E+008
  919.487        75641.3        3367.60       0.229919E-004  0.654511E-006   1227.53        8.17591        3.92758      -0.109190E+008
  936.500        75641.3        3365.31       0.230509E-004  0.656073E-006   1232.06        8.17045        3.92496      -0.109074E+008
  953.513        75641.3        3363.86       0.231332E-004  0.657837E-006   1236.23        8.16289        3.92133      -0.108876E+008
  970.526        75641.3        3378.46       0.204025E-004  0.667798E-006   1230.00        8.06116        3.87246      -0.109023E+008
  987.538        75641.3        3377.94       0.204818E-004  0.669681E-006   1233.71        8.05158        3.86785      -0.108756E+008
  1004.55        75641.3        3377.23       0.205581E-004  0.671530E-006   1237.33        8.04247        3.86348      -0.108505E+008
  1021.56        75641.3        3376.59       0.206349E-004  0.673406E-006   1240.82        8.03318        3.85901      -0.108247E+008
  1038.58        75641.3        3375.78       0.207093E-004  0.675254E-006   1244.24        8.02428        3.85474      -0.108002E+008
  1055.59        75641.3        3375.04       0.207843E-004  0.677130E-006   1247.52        8.01520        3.85038      -0.107750E+008
  1072.60        75641.3        3374.15       0.208570E-004  0.678979E-006   1250.74        8.00649        3.84619      -0.107511E+008
  1089.62        75641.3        3373.32       0.209305E-004  0.680858E-006   1253.83        7.99758        3.84191      -0.107265E+008
  1106.63        75641.3        3373.12       0.210128E-004  0.682905E-006   1256.64        7.98704        3.83685      -0.106964E+008
  1123.64        75641.3        3371.15       0.210700E-004  0.684525E-006   1259.86        7.98102        3.83396      -0.106816E+008
  1140.65        75641.3        3370.48       0.211455E-004  0.686479E-006   1262.62        7.97165        3.82946      -0.106554E+008
  1157.67        75641.3        3369.42       0.212154E-004  0.688349E-006   1265.40        7.96325        3.82542      -0.106326E+008
  1174.68        75641.3        3368.26       0.212840E-004  0.690205E-006   1268.12        7.95509        3.82150      -0.106106E+008
  1191.69        75641.3        3367.63       0.213600E-004  0.692206E-006   1270.60        7.94556        3.81692      -0.105838E+008
  1208.71        75641.3        3366.43       0.214282E-004  0.694080E-006   1273.17        7.93744        3.81302      -0.105619E+008
  1225.72        75641.3        3365.05       0.214938E-004  0.695922E-006   1275.70        7.92974        3.80932      -0.105415E+008
  1242.73        75641.3        3364.00       0.215642E-004  0.697857E-006   1278.07        7.92121        3.80522      -0.105182E+008
  1259.74        75641.3        3362.85       0.216333E-004  0.699782E-006   1280.39        7.91288        3.80123      -0.104957E+008
  1276.76        75641.3        3361.42       0.216985E-004  0.701650E-006   1282.72        7.90523        3.79755      -0.104755E+008
  1293.77        75641.3        3360.59       0.217724E-004  0.703677E-006   1284.81        7.89608        3.79316      -0.104501E+008
  1310.78        75641.3        3359.19       0.218385E-004  0.705582E-006   1286.99        7.88829        3.78941      -0.104295E+008
  1327.79        75641.3        3357.72       0.219037E-004  0.707481E-006   1289.13        7.88065        3.78574      -0.104096E+008
  1344.81        75641.3        3356.61       0.219742E-004  0.709481E-006   1291.09        7.87212        3.78164      -0.103864E+008
  1361.82        75641.3        3355.19       0.220406E-004  0.711420E-006   1293.09        7.86430        3.77789      -0.103658E+008
  1378.83        75641.3        3353.66       0.221056E-004  0.713347E-006   1295.05        7.85672        3.77425      -0.103462E+008
  1395.85        75641.3        3352.36       0.221740E-004  0.715341E-006   1296.89        7.84858        3.77033      -0.103245E+008
  1412.86        75641.3        3350.95       0.222414E-004  0.717326E-006   1298.70        7.84063        3.76652      -0.103037E+008
  1429.87        75641.3        3349.62       0.223099E-004  0.719341E-006   1300.43        7.83251        3.76262      -0.102821E+008
  1446.88        75641.3        3348.19       0.223774E-004  0.721349E-006   1302.14        7.82457        3.75880      -0.102614E+008
  1463.90        75641.3        3346.82       0.224462E-004  0.723386E-006   1303.76        7.81646        3.75491      -0.102400E+008
  1480.91        75641.3        3345.37       0.225140E-004  0.725418E-006   1305.36        7.80852        3.75109      -0.102193E+008
  1497.92        75641.3        3343.98       0.225830E-004  0.727478E-006   1306.89        7.80041        3.74720      -0.101981E+008
  1514.94        75641.3        3342.51       0.226512E-004  0.729534E-006   1308.39        7.79246        3.74338      -0.101775E+008
  1531.95        75641.3        3341.10       0.227205E-004  0.731619E-006   1309.82        7.78435        3.73948      -0.101563E+008
  1548.96        75641.3        3339.61       0.227892E-004  0.733702E-006   1311.22        7.77639        3.73566      -0.101357E+008
  1565.97        75641.3        3338.18       0.228589E-004  0.735812E-006   1312.56        7.76827        3.73176      -0.101147E+008
  1582.99        75641.3        3336.67       0.229281E-004  0.737921E-006   1313.86        7.76029        3.72792      -0.100942E+008
  1600.00        75641.3        3335.22       0.229983E-004  0.740058E-006   1315.11        7.75216        3.72402      -0.100731E+008
  273.000        76923.3        3331.42       0.150580E-004  0.817794E-006   758.242        7.58542        3.64392      -0.107879E+008
  290.013        76923.3        3330.56       0.156244E-004  0.818645E-006   796.734        7.58323        3.64287      -0.107747E+008
  307.026        76923.3        3329.66       0.161234E-004  0.819504E-006   831.159        7.58101        3.64180      -0.107608E+008
  324.038        76923.3        3328.75       0.165621E-004  0.820492E-006   862.156        7.57823        3.64046      -0.107464E+008
  341.051        76923.3        3327.80       0.169548E-004  0.821365E-006   890.247        7.57595        3.63937      -0.107314E+008
  358.064        76923.3        3326.85       0.173013E-004  0.822430E-006   915.835        7.57281        3.63786      -0.107160E+008
  375.077        76923.3        3325.86       0.176154E-004  0.823361E-006   939.272        7.57028        3.63665      -0.107002E+008
  392.090        76923.3        3324.87       0.178956E-004  0.824425E-006   960.823        7.56716        3.63515      -0.106840E+008
  409.103        76923.3        3323.87       0.181495E-004  0.825480E-006   980.728        7.56408        3.63367      -0.106675E+008
  426.115        76923.3        3322.86       0.183781E-004  0.826634E-006   999.174        7.56055        3.63197      -0.106505E+008
  443.128        76923.3        3321.82       0.185889E-004  0.827707E-006   1016.34        7.55740        3.63046      -0.106334E+008
  460.141        76923.3        3320.80       0.187768E-004  0.828987E-006   1032.34        7.55332        3.62850      -0.106158E+008
  477.154        76923.3        3319.74       0.189560E-004  0.830032E-006   1047.32        7.55030        3.62705      -0.105981E+008
  494.167        76923.3        3291.81       0.189340E-004  0.839015E-006   1063.71        7.42627        3.56746      -0.105721E+008
  511.179        76923.3        3289.72       0.192251E-004  0.838767E-006   1077.53        7.42468        3.56670      -0.105534E+008
  528.192        76923.3        3287.12       0.195739E-004  0.837840E-006   1090.84        7.42421        3.56648      -0.105343E+008
  545.205        76923.3        3285.40       0.197926E-004  0.838216E-006   1103.22        7.42170        3.56527      -0.105154E+008
  562.218        76923.3        3283.17       0.200697E-004  0.837928E-006   1115.20        7.42030        3.56460      -0.104961E+008
  579.231        76923.3        3305.09       0.203940E-004  0.808562E-006   1118.65        7.52240        3.61364      -0.104924E+008
  596.244        76923.3        3435.50       0.219680E-004  0.704542E-006   1110.57        7.84770        3.76991      -0.105199E+008
  613.256        76923.3        3436.40       0.220315E-004  0.704206E-006   1118.78        7.85067        3.77134      -0.105027E+008
  630.269        76923.3        3435.35       0.221521E-004  0.705862E-006   1127.45        7.84436        3.76831      -0.104837E+008
  647.282        76923.3        3437.04       0.221802E-004  0.704733E-006   1134.33        7.85093        3.77146      -0.104668E+008
  664.295        76923.3        3435.87       0.222976E-004  0.706559E-006   1142.20        7.84378        3.76803      -0.104475E+008
  681.308        76923.3        3436.08       0.223640E-004  0.706937E-006   1149.00        7.84339        3.76784      -0.104292E+008
  698.321        76923.3        3474.92       0.230783E-004  0.636999E-006   1133.84        8.15081        3.91552      -0.104584E+008
  715.333        76923.3        3474.06       0.231627E-004  0.638230E-006   1140.56        8.14578        3.91310      -0.104393E+008
  732.346        76923.3        3472.68       0.232748E-004  0.639951E-006   1147.22        8.13813        3.90943      -0.104196E+008
  749.359        76923.3        3472.29       0.233266E-004  0.640780E-006   1153.14        8.13527        3.90806      -0.104007E+008
  766.372        76923.3        3470.77       0.234482E-004  0.642760E-006   1159.35        8.12616        3.90368      -0.103806E+008
  783.385        76923.3        3470.46       0.234844E-004  0.643428E-006   1164.71        8.12428        3.90278      -0.103617E+008
  800.397        76923.3        3469.47       0.235668E-004  0.644878E-006   1170.18        8.11809        3.89981      -0.103419E+008
  817.410        76923.3        3468.60       0.236366E-004  0.646155E-006   1175.37        8.11293        3.89732      -0.103223E+008
  834.423        76923.3        3467.66       0.237108E-004  0.647546E-006   1180.39        8.10712        3.89454      -0.103024E+008
  851.436        76923.3        3466.72       0.237835E-004  0.648947E-006   1185.22        8.10129        3.89173      -0.102825E+008
  868.449        76923.3        3465.79       0.238551E-004  0.650363E-006   1189.87        8.09538        3.88890      -0.102625E+008
  885.462        76923.3        3368.43       0.225577E-004  0.645951E-006   1219.39        8.22422        3.95079      -0.109675E+008
  902.474        76923.3        3368.17       0.226734E-004  0.647916E-006   1223.75        8.21387        3.94582      -0.109367E+008
  919.487        76923.3        3367.00       0.227629E-004  0.649688E-006   1228.17        8.20576        3.94192      -0.109146E+008
  936.500        76923.3        3365.56       0.228444E-004  0.651413E-006   1232.50        8.19827        3.93832      -0.108949E+008
  953.513        76923.3        3364.14       0.229259E-004  0.653155E-006   1236.67        8.19070        3.93469      -0.108750E+008
  970.526        76923.3        3378.82       0.202389E-004  0.662964E-006   1230.53        8.08957        3.88610      -0.108872E+008
  987.538        76923.3        3378.27       0.203168E-004  0.664816E-006   1234.25        8.08009        3.88155      -0.108609E+008
  1004.55        76923.3        3377.64       0.203932E-004  0.666661E-006   1237.86        8.07079        3.87708      -0.108351E+008
  1021.56        76923.3        3377.01       0.204693E-004  0.668516E-006   1241.35        8.06148        3.87261      -0.108093E+008
  1038.58        76923.3        3376.28       0.205438E-004  0.670360E-006   1244.74        8.05238        3.86824      -0.107842E+008
  1055.59        76923.3        3375.56       0.206181E-004  0.672215E-006   1248.02        8.04328        3.86387      -0.107590E+008
  1072.60        76923.3        3374.75       0.206910E-004  0.674062E-006   1251.22        8.03437        3.85959      -0.107344E+008
  1089.62        76923.3        3373.93       0.207637E-004  0.675919E-006   1254.31        8.02545        3.85530      -0.107098E+008
  1106.63        76923.3        3373.02       0.208349E-004  0.677761E-006   1257.33        8.01679        3.85114      -0.106860E+008
  1123.64        76923.3        3372.16       0.209068E-004  0.679630E-006   1260.24        8.00795        3.84689      -0.106616E+008
  1140.65        76923.3        3372.28       0.209925E-004  0.681757E-006   1262.77        7.99654        3.84141      -0.106285E+008
  1157.67        76923.3        3370.24       0.210476E-004  0.683355E-006   1265.83        7.99072        3.83862      -0.106144E+008
  1174.68        76923.3        3369.21       0.211171E-004  0.685220E-006   1268.52        7.98223        3.83454      -0.105912E+008
  1191.69        76923.3        3368.19       0.211866E-004  0.687096E-006   1271.12        7.97373        3.83045      -0.105679E+008
  1208.71        76923.3        3366.94       0.212529E-004  0.688929E-006   1273.70        7.96578        3.82664      -0.105466E+008
  1225.72        76923.3        3366.02       0.213241E-004  0.690859E-006   1276.10        7.95694        3.82239      -0.105222E+008
  1242.73        76923.3        3365.34       0.213988E-004  0.692858E-006   1278.36        7.94749        3.81785      -0.104957E+008
  1259.74        76923.3        3363.75       0.214606E-004  0.694646E-006   1280.81        7.94031        3.81440      -0.104771E+008
  1276.76        76923.3        3362.58       0.215284E-004  0.696548E-006   1283.07        7.93208        3.81045      -0.104549E+008
  1293.77        76923.3        3361.39       0.215963E-004  0.698462E-006   1285.26        7.92383        3.80648      -0.104326E+008
  1310.78        76923.3        3359.99       0.216612E-004  0.700335E-006   1287.44        7.91609        3.80277      -0.104122E+008
  1327.79        76923.3        3358.95       0.217314E-004  0.702308E-006   1289.45        7.90745        3.79862      -0.103885E+008
  1344.81        76923.3        3357.63       0.217979E-004  0.704228E-006   1291.48        7.89946        3.79478      -0.103672E+008
  1361.82        76923.3        3356.42       0.218662E-004  0.706189E-006   1293.41        7.89116        3.79079      -0.103449E+008
  1378.83        76923.3        3355.13       0.219335E-004  0.708142E-006   1295.31        7.88305        3.78690      -0.103232E+008
  1395.85        76923.3        3353.83       0.220010E-004  0.710108E-006   1297.14        7.87493        3.78300      -0.103016E+008
  1412.86        76923.3        3352.51       0.220683E-004  0.712080E-006   1298.93        7.86685        3.77911      -0.102801E+008
  1429.87        76923.3        3351.18       0.221359E-004  0.714066E-006   1300.65        7.85875        3.77522      -0.102586E+008
  1446.88        76923.3        3349.82       0.222033E-004  0.716060E-006   1302.33        7.85069        3.77135      -0.102372E+008
  1463.90        76923.3        3348.47       0.222711E-004  0.718067E-006   1303.96        7.84260        3.76746      -0.102158E+008
  1480.91        76923.3        3347.09       0.223388E-004  0.720083E-006   1305.53        7.83454        3.76359      -0.101946E+008
  1497.92        76923.3        3345.71       0.224068E-004  0.722112E-006   1307.06        7.82646        3.75971      -0.101733E+008
  1514.94        76923.3        3344.31       0.224748E-004  0.724152E-006   1308.53        7.81840        3.75584      -0.101522E+008
  1531.95        76923.3        3342.90       0.225431E-004  0.726205E-006   1309.96        7.81033        3.75196      -0.101310E+008
  1548.96        76923.3        3341.48       0.226115E-004  0.728269E-006   1311.34        7.80226        3.74809      -0.101100E+008
  1565.97        76923.3        3340.05       0.226802E-004  0.730347E-006   1312.67        7.79418        3.74420      -0.100889E+008
  1582.99        76923.3        3338.61       0.227490E-004  0.732436E-006   1313.95        7.78610        3.74032      -0.100679E+008
  1600.00        76923.3        3337.17       0.228182E-004  0.734540E-006   1315.19        7.77801        3.73643      -0.100468E+008
  273.000        78205.3        3334.91       0.149989E-004  0.813838E-006   757.868        7.59820        3.65006      -0.107496E+008
  290.013        78205.3        3334.05       0.155633E-004  0.814666E-006   796.384        7.59609        3.64904      -0.107364E+008
  307.026        78205.3        3333.16       0.160588E-004  0.815576E-006   830.829        7.59361        3.64785      -0.107225E+008
  324.038        78205.3        3332.25       0.164967E-004  0.816507E-006   861.848        7.59104        3.64662      -0.107081E+008
  341.051        78205.3        3331.31       0.168857E-004  0.817454E-006   889.955        7.58840        3.64535      -0.106931E+008
  358.064        78205.3        3330.36       0.172321E-004  0.818446E-006   915.564        7.58556        3.64399      -0.106777E+008
  375.077        78205.3        3329.38       0.175438E-004  0.819409E-006   939.013        7.58285        3.64268      -0.106619E+008
  392.090        78205.3        3328.39       0.178225E-004  0.820469E-006   960.578        7.57971        3.64117      -0.106457E+008
  409.103        78205.3        3327.39       0.180736E-004  0.821574E-006   980.493        7.57636        3.63956      -0.106291E+008
  426.115        78205.3        3326.37       0.183046E-004  0.822580E-006   998.955        7.57347        3.63817      -0.106123E+008
  443.128        78205.3        3325.35       0.185136E-004  0.823675E-006   1016.12        7.57017        3.63659      -0.105951E+008
  460.141        78205.3        3324.31       0.187041E-004  0.824814E-006   1032.14        7.56668        3.63492      -0.105776E+008
  477.154        78205.3        3323.28       0.188756E-004  0.826093E-006   1047.12        7.56257        3.63294      -0.105598E+008
  494.167        78205.3        3322.22       0.190396E-004  0.827164E-006   1061.18        7.55940        3.63142      -0.105418E+008
  511.179        78205.3        3294.20       0.190079E-004  0.835890E-006   1077.08        7.43724        3.57274      -0.105152E+008
  528.192        78205.3        3292.15       0.192807E-004  0.835772E-006   1090.16        7.43540        3.57185      -0.104963E+008
  545.205        78205.3        3289.63       0.196053E-004  0.835063E-006   1102.78        7.43454        3.57144      -0.104771E+008
  562.218        78205.3        3287.91       0.198136E-004  0.835488E-006   1114.52        7.43190        3.57017      -0.104580E+008
  579.231        78205.3        3440.60       0.216676E-004  0.697424E-006   1100.25        7.87916        3.78503      -0.105025E+008
  596.244        78205.3        3441.62       0.217321E-004  0.696940E-006   1108.92        7.88284        3.78680      -0.104855E+008
  613.256        78205.3        3442.12       0.218075E-004  0.696996E-006   1117.31        7.88392        3.78731      -0.104680E+008
  630.269        78205.3        3441.56       0.219087E-004  0.698090E-006   1125.73        7.88018        3.78552      -0.104495E+008
  647.282        78205.3        3441.91       0.219797E-004  0.698327E-006   1133.27        7.88035        3.78560      -0.104315E+008
  664.295        78205.3        3441.70       0.220665E-004  0.699179E-006   1140.67        7.87756        3.78426      -0.104130E+008
  681.308        78205.3        3441.22       0.221562E-004  0.700274E-006   1147.82        7.87370        3.78240      -0.103942E+008
  698.321        78205.3        3441.81       0.222081E-004  0.700293E-006   1154.09        7.87482        3.78294      -0.103761E+008
  715.333        78205.3        3478.23       0.229897E-004  0.633899E-006   1139.80        8.16833        3.92394      -0.104037E+008
  732.346        78205.3        3477.95       0.230351E-004  0.634567E-006   1145.95        8.16630        3.92296      -0.103851E+008
  749.359        78205.3        3476.96       0.231247E-004  0.635992E-006   1152.16        8.16008        3.91998      -0.103656E+008
  766.372        78205.3        3476.03       0.232031E-004  0.637279E-006   1158.08        8.15472        3.91740      -0.103462E+008
  783.385        78205.3        3475.12       0.232803E-004  0.638598E-006   1163.74        8.14915        3.91472      -0.103266E+008
  800.397        78205.3        3474.27       0.233580E-004  0.639975E-006   1169.17        8.14318        3.91186      -0.103070E+008
  817.410        78205.3        3473.20       0.234361E-004  0.641375E-006   1174.45        8.13733        3.90905      -0.102872E+008
  834.423        78205.3        3472.43       0.235004E-004  0.642605E-006   1179.40        8.13228        3.90662      -0.102675E+008
  851.436        78205.3        3471.50       0.235732E-004  0.644006E-006   1184.24        8.12631        3.90375      -0.102476E+008
  868.449        78205.3        3470.60       0.236431E-004  0.645393E-006   1188.88        8.12044        3.90093      -0.102276E+008
  885.462        78205.3        3368.50       0.223523E-004  0.641367E-006   1219.86        8.25249        3.96437      -0.109562E+008
  902.474        78205.3        3368.27       0.224673E-004  0.643315E-006   1224.22        8.24207        3.95936      -0.109253E+008
  919.487        78205.3        3368.81       0.226035E-004  0.645452E-006   1228.22        8.22971        3.95342      -0.108868E+008
  936.500        78205.3        3365.97       0.226445E-004  0.646834E-006   1232.89        8.22575        3.95152      -0.108807E+008
  953.513        78205.3        3364.67       0.227281E-004  0.648579E-006   1237.04        8.21791        3.94776      -0.108596E+008
  970.526        78205.3        3379.29       0.200787E-004  0.658211E-006   1231.03        8.11769        3.89961      -0.108709E+008
  987.538        78205.3        3378.84       0.201570E-004  0.660065E-006   1234.72        8.10795        3.89493      -0.108438E+008
  1004.55        78205.3        3378.22       0.202327E-004  0.661890E-006   1238.33        8.09863        3.89046      -0.108180E+008
  1021.56        78205.3        3377.65       0.203087E-004  0.663736E-006   1241.81        8.08918        3.88592      -0.107917E+008
  1038.58        78205.3        3376.94       0.203824E-004  0.665559E-006   1245.20        8.08008        3.88154      -0.107666E+008
  1055.59        78205.3        3376.27       0.204567E-004  0.667406E-006   1248.47        8.07082        3.87710      -0.107409E+008
  1072.60        78205.3        3375.48       0.205288E-004  0.669231E-006   1251.66        8.06191        3.87282      -0.107163E+008
  1089.62        78205.3        3374.73       0.206016E-004  0.671080E-006   1254.74        8.05283        3.86846      -0.106912E+008
  1106.63        78205.3        3374.03       0.206748E-004  0.672952E-006   1257.70        8.04363        3.86403      -0.106656E+008
  1123.64        78205.3        3372.77       0.207401E-004  0.674697E-006   1260.72        8.03585        3.86030      -0.106447E+008
  1140.65        78205.3        3372.26       0.208159E-004  0.676640E-006   1263.44        8.02610        3.85561      -0.106173E+008
  1157.67        78205.3        3371.30       0.208854E-004  0.678483E-006   1266.19        8.01749        3.85148      -0.105937E+008
  1174.68        78205.3        3370.16       0.209522E-004  0.680292E-006   1268.91        8.00935        3.84757      -0.105716E+008
  1191.69        78205.3        3369.31       0.210232E-004  0.682186E-006   1271.46        8.00042        3.84328      -0.105469E+008
  1208.71        78205.3        3368.92       0.211007E-004  0.684206E-006   1273.79        7.99030        3.83842      -0.105181E+008
  1225.72        78205.3        3367.17       0.211591E-004  0.685900E-006   1276.44        7.98365        3.83522      -0.105012E+008
  1242.73        78205.3        3366.59       0.212342E-004  0.687898E-006   1278.67        7.97397        3.83057      -0.104739E+008
  1259.74        78205.3        3365.08       0.212961E-004  0.689676E-006   1281.10        7.96665        3.82705      -0.104547E+008
  1276.76        78205.3        3363.77       0.213610E-004  0.691517E-006   1283.40        7.95879        3.82328      -0.104337E+008
  1293.77        78205.3        3362.79       0.214307E-004  0.693453E-006   1285.52        7.95006        3.81909      -0.104097E+008
  1310.78        78205.3        3362.16       0.215057E-004  0.695488E-006   1287.48        7.94042        3.81446      -0.103825E+008
  1327.79        78205.3        3360.38       0.215643E-004  0.697251E-006   1289.71        7.93368        3.81122      -0.103654E+008
  1344.81        78205.3        3359.24       0.216323E-004  0.699186E-006   1291.68        7.92528        3.80718      -0.103426E+008
  1361.82        78205.3        3358.26       0.217029E-004  0.701174E-006   1293.54        7.91645        3.80294      -0.103183E+008
  1378.83        78205.3        3356.60       0.217639E-004  0.703006E-006   1295.55        7.90931        3.79951      -0.103000E+008
  1395.85        78205.3        3355.38       0.218313E-004  0.704959E-006   1297.37        7.90106        3.79555      -0.102778E+008
  1412.86        78205.3        3354.06       0.218977E-004  0.706903E-006   1299.15        7.89300        3.79168      -0.102563E+008
  1429.87        78205.3        3352.80       0.219651E-004  0.708875E-006   1300.85        7.88478        3.78773      -0.102342E+008
  1446.88        78205.3        3351.46       0.220316E-004  0.710839E-006   1302.53        7.87674        3.78387      -0.102129E+008
  1463.90        78205.3        3350.17       0.220992E-004  0.712831E-006   1304.13        7.86854        3.77993      -0.101910E+008
  1480.91        78205.3        3348.80       0.221659E-004  0.714817E-006   1305.70        7.86051        3.77607      -0.101698E+008
  1497.92        78205.3        3347.48       0.222337E-004  0.716830E-006   1307.20        7.85233        3.77214      -0.101480E+008
  1514.94        78205.3        3346.09       0.223007E-004  0.718839E-006   1308.68        7.84430        3.76828      -0.101268E+008
  1531.95        78205.3        3344.75       0.223688E-004  0.720875E-006   1310.08        7.83613        3.76435      -0.101052E+008
  1548.96        78205.3        3343.33       0.224362E-004  0.722907E-006   1311.46        7.82809        3.76049      -0.100841E+008
  1565.97        78205.3        3341.97       0.225046E-004  0.724966E-006   1312.77        7.81992        3.75657      -0.100626E+008
  1582.99        78205.3        3340.54       0.225724E-004  0.727024E-006   1314.05        7.81188        3.75270      -0.100416E+008
  1600.00        78205.3        3339.15       0.226412E-004  0.729107E-006   1315.27        7.80370        3.74878      -0.100201E+008
  273.000        79487.4        3376.84       0.161743E-004  0.738874E-006   754.443        7.94240        3.81541      -0.107140E+008
  290.013        79487.4        3337.52       0.155025E-004  0.810751E-006   796.036        7.60881        3.65516      -0.106981E+008
  307.026        79487.4        3336.63       0.159968E-004  0.811611E-006   830.505        7.60653        3.65406      -0.106843E+008
  324.038        79487.4        3335.73       0.164317E-004  0.812582E-006   861.542        7.60375        3.65272      -0.106698E+008
  341.051        79487.4        3334.79       0.168209E-004  0.813440E-006   889.669        7.60148        3.65163      -0.106549E+008
  358.064        79487.4        3333.85       0.171636E-004  0.814511E-006   915.292        7.59824        3.65008      -0.106395E+008
  375.077        79487.4        3332.86       0.174754E-004  0.815404E-006   938.759        7.59582        3.64891      -0.106237E+008
  392.090        79487.4        3331.89       0.177514E-004  0.816510E-006   960.336        7.59242        3.64728      -0.106075E+008
  409.103        79487.4        3330.88       0.180045E-004  0.817489E-006   980.266        7.58961        3.64593      -0.105910E+008
  426.115        79487.4        3329.89       0.182295E-004  0.818670E-006   998.734        7.58588        3.64414      -0.105740E+008
  443.128        79487.4        3328.85       0.184393E-004  0.819683E-006   1015.91        7.58292        3.64272      -0.105569E+008
  460.141        79487.4        3327.83       0.186285E-004  0.820823E-006   1031.94        7.57939        3.64102      -0.105394E+008
  477.154        79487.4        3326.79       0.188023E-004  0.821974E-006   1046.93        7.57581        3.63930      -0.105216E+008
  494.167        79487.4        3325.75       0.189601E-004  0.823228E-006   1060.99        7.57176        3.63736      -0.105036E+008
  511.179        79487.4        3324.69       0.191100E-004  0.824351E-006   1074.21        7.56833        3.63571      -0.104854E+008
  528.192        79487.4        3296.61       0.190667E-004  0.832860E-006   1089.68        7.44801        3.57791      -0.104582E+008
  545.205        79487.4        3294.59       0.193231E-004  0.832856E-006   1102.08        7.44594        3.57692      -0.104391E+008
  562.218        79487.4        3318.64       0.200001E-004  0.794231E-006   1105.55        7.57730        3.64002      -0.104384E+008
  579.231        79487.4        3446.73       0.214343E-004  0.689883E-006   1098.59        7.91456        3.80203      -0.104682E+008
  596.244        79487.4        3447.25       0.215136E-004  0.689892E-006   1107.49        7.91586        3.80266      -0.104509E+008
  613.256        79487.4        3448.15       0.215757E-004  0.689535E-006   1115.68        7.91884        3.80409      -0.104337E+008
  630.269        79487.4        3446.81       0.217065E-004  0.691504E-006   1124.50        7.91065        3.80015      -0.104145E+008
  647.282        79487.4        3448.36       0.217356E-004  0.690464E-006   1131.44        7.91689        3.80315      -0.103976E+008
  664.295        79487.4        3447.71       0.218349E-004  0.691736E-006   1139.06        7.91203        3.80082      -0.103788E+008
  681.308        79487.4        3447.15       0.219241E-004  0.692857E-006   1146.24        7.90801        3.79888      -0.103599E+008
  698.321        79487.4        3447.23       0.219928E-004  0.693404E-006   1152.77        7.90657        3.79819      -0.103414E+008
  715.333        79487.4        3483.57       0.227451E-004  0.628453E-006   1138.48        8.19728        3.93785      -0.103693E+008
  732.346        79487.4        3482.19       0.228571E-004  0.630174E-006   1145.15        8.18937        3.93405      -0.103497E+008
  749.359        79487.4        3481.76       0.229108E-004  0.631023E-006   1151.11        8.18625        3.93255      -0.103308E+008
  766.372        79487.4        3480.84       0.229922E-004  0.632365E-006   1157.03        8.18040        3.92974      -0.103113E+008
  783.385        79487.4        3479.92       0.230688E-004  0.633666E-006   1162.71        8.17487        3.92708      -0.102918E+008
  800.397        79487.4        3478.73       0.231532E-004  0.635127E-006   1168.27        8.16858        3.92406      -0.102720E+008
  817.410        79487.4        3478.08       0.232199E-004  0.636366E-006   1173.40        8.16321        3.92148      -0.102524E+008
  834.423        79487.4        3477.18       0.232931E-004  0.637735E-006   1178.42        8.15729        3.91864      -0.102326E+008
  851.436        79487.4        3476.26       0.233648E-004  0.639114E-006   1183.26        8.15135        3.91578      -0.102127E+008
  868.449        79487.4        3475.36       0.234350E-004  0.640502E-006   1187.91        8.14536        3.91290      -0.101927E+008
  885.462        79487.4        3368.73       0.221535E-004  0.636862E-006   1220.29        8.28040        3.97778      -0.109431E+008
  902.474        79487.4        3368.51       0.222676E-004  0.638793E-006   1224.65        8.26994        3.97275      -0.109122E+008
  919.487        79487.4        3367.75       0.223660E-004  0.640611E-006   1228.97        8.26084        3.96838      -0.108864E+008
  936.500        79487.4        3367.79       0.224865E-004  0.642627E-006   1232.94        8.24969        3.96302      -0.108527E+008
  953.513        79487.4        3365.17       0.225318E-004  0.644043E-006   1237.42        8.24521        3.96087      -0.108444E+008
  970.526        79487.4        3379.87       0.199218E-004  0.653536E-006   1231.49        8.14553        3.91298      -0.108535E+008
  987.538        79487.4        3379.38       0.199987E-004  0.655358E-006   1235.20        8.13590        3.90836      -0.108268E+008
  1004.55        79487.4        3378.82       0.200743E-004  0.657174E-006   1238.80        8.12644        3.90381      -0.108006E+008
  1021.56        79487.4        3378.25       0.201495E-004  0.659001E-006   1242.27        8.11697        3.89927      -0.107743E+008
  1038.58        79487.4        3377.61       0.202232E-004  0.660817E-006   1245.65        8.10771        3.89482      -0.107487E+008
  1055.59        79487.4        3376.96       0.202967E-004  0.662643E-006   1248.92        8.09844        3.89037      -0.107230E+008
  1072.60        79487.4        3376.23       0.203689E-004  0.664461E-006   1252.10        8.08937        3.88601      -0.106978E+008
  1089.62        79487.4        3375.49       0.204409E-004  0.666289E-006   1255.17        8.08028        3.88164      -0.106727E+008
  1106.63        79487.4        3374.66       0.205113E-004  0.668103E-006   1258.18        8.07144        3.87740      -0.106483E+008
  1123.64        79487.4        3373.88       0.205824E-004  0.669943E-006   1261.06        8.06244        3.87307      -0.106234E+008
  1140.65        79487.4        3372.89       0.206505E-004  0.671741E-006   1263.92        8.05397        3.86900      -0.106002E+008
  1157.67        79487.4        3372.13       0.207218E-004  0.673608E-006   1266.62        8.04488        3.86464      -0.105750E+008
  1174.68        79487.4        3371.19       0.207906E-004  0.675443E-006   1269.28        8.03623        3.86048      -0.105512E+008
  1191.69        79487.4        3370.25       0.208593E-004  0.677288E-006   1271.85        8.02757        3.85632      -0.105274E+008
  1208.71        79487.4        3369.41       0.209296E-004  0.679172E-006   1274.32        8.01862        3.85202      -0.105025E+008
  1225.72        79487.4        3368.26       0.209954E-004  0.680987E-006   1276.80        8.01047        3.84811      -0.104804E+008
  1242.73        79487.4        3367.65       0.210691E-004  0.682952E-006   1279.03        8.00088        3.84350      -0.104535E+008
  1259.74        79487.4        3366.16       0.211303E-004  0.684708E-006   1281.46        7.99356        3.83998      -0.104342E+008
  1276.76        79487.4        3365.06       0.211973E-004  0.686575E-006   1283.69        7.98518        3.83596      -0.104113E+008
  1293.77        79487.4        3363.97       0.212643E-004  0.688453E-006   1285.86        7.97680        3.83193      -0.103884E+008
  1310.78        79487.4        3362.87       0.213316E-004  0.690346E-006   1287.95        7.96837        3.82788      -0.103654E+008
  1327.79        79487.4        3361.68       0.213977E-004  0.692227E-006   1290.00        7.96016        3.82394      -0.103432E+008
  1344.81        79487.4        3360.44       0.214632E-004  0.694108E-006   1292.01        7.95206        3.82005      -0.103214E+008
  1361.82        79487.4        3359.32       0.215307E-004  0.696032E-006   1293.91        7.94363        3.81600      -0.102984E+008
  1378.83        79487.4        3358.11       0.215970E-004  0.697945E-006   1295.78        7.93542        3.81205      -0.102762E+008
  1395.85        79487.4        3356.89       0.216635E-004  0.699871E-006   1297.59        7.92719        3.80810      -0.102540E+008
  1412.86        79487.4        3355.64       0.217298E-004  0.701802E-006   1299.35        7.91901        3.80417      -0.102320E+008
  1429.87        79487.4        3354.39       0.217963E-004  0.703745E-006   1301.06        7.91081        3.80023      -0.102099E+008
  1446.88        79487.4        3353.12       0.218627E-004  0.705696E-006   1302.71        7.90266        3.79631      -0.101881E+008
  1463.90        79487.4        3351.84       0.219294E-004  0.707659E-006   1304.31        7.89448        3.79239      -0.101662E+008
  1480.91        79487.4        3350.53       0.219959E-004  0.709630E-006   1305.86        7.88634        3.78848      -0.101444E+008
  1497.92        79487.4        3349.22       0.220627E-004  0.711613E-006   1307.36        7.87819        3.78456      -0.101227E+008
  1514.94        79487.4        3347.90       0.221295E-004  0.713606E-006   1308.81        7.87005        3.78065      -0.101010E+008
  1531.95        79487.4        3346.56       0.221966E-004  0.715611E-006   1310.21        7.86191        3.77674      -0.100794E+008
  1548.96        79487.4        3345.21       0.222637E-004  0.717626E-006   1311.57        7.85378        3.77283      -0.100579E+008
  1565.97        79487.4        3343.86       0.223312E-004  0.719654E-006   1312.87        7.84564        3.76892      -0.100363E+008
  1582.99        79487.4        3342.48       0.223987E-004  0.721693E-006   1314.14        7.83751        3.76502      -0.100148E+008
  1600.00        79487.4        3341.11       0.224665E-004  0.723745E-006   1315.35        7.82936        3.76110      -0.999337E+007
  273.000        80769.4        3380.05       0.161178E-004  0.736067E-006   754.036        7.95300        3.82050      -0.106763E+008
  290.013        80769.4        3379.13       0.167365E-004  0.736825E-006   792.362        7.95108        3.81958      -0.106631E+008
  307.026        80769.4        3378.18       0.172817E-004  0.737610E-006   826.739        7.94903        3.81859      -0.106493E+008
  324.038        80769.4        3377.21       0.177642E-004  0.738420E-006   857.780        7.94686        3.81755      -0.106349E+008
  341.051        80769.4        3338.26       0.167550E-004  0.809551E-006   889.383        7.61414        3.65772      -0.106167E+008
  358.064        80769.4        3337.31       0.170987E-004  0.810509E-006   915.025        7.61139        3.65639      -0.106013E+008
  375.077        80769.4        3336.34       0.174065E-004  0.811500E-006   938.504        7.60848        3.65500      -0.105855E+008
  392.090        80769.4        3335.38       0.176806E-004  0.812617E-006   960.094        7.60499        3.65332      -0.105693E+008
  409.103        80769.4        3334.38       0.179298E-004  0.813685E-006   980.033        7.60173        3.65175      -0.105527E+008
  426.115        80769.4        3333.38       0.181570E-004  0.814734E-006   998.515        7.59857        3.65023      -0.105358E+008
  443.128        80769.4        3332.35       0.183655E-004  0.815747E-006   1015.71        7.59558        3.64880      -0.105187E+008
  460.141        80769.4        3331.33       0.185538E-004  0.816875E-006   1031.74        7.59206        3.64711      -0.105012E+008
  477.154        80769.4        3330.30       0.187256E-004  0.818058E-006   1046.74        7.58828        3.64529      -0.104834E+008
  494.167        80769.4        3329.26       0.188848E-004  0.819220E-006   1060.80        7.58462        3.64353      -0.104654E+008
  511.179        80769.4        3328.21       0.190322E-004  0.820390E-006   1074.03        7.58092        3.64176      -0.104472E+008
  528.192        80769.4        3327.15       0.191685E-004  0.821591E-006   1086.50        7.57709        3.63992      -0.104287E+008
  545.205        80769.4        3353.44       0.188145E-004  0.858725E-006   1114.52        7.30737        3.51035      -0.103879E+008
  562.218        80769.4        3451.79       0.211360E-004  0.682982E-006   1087.74        7.94605        3.81716      -0.104508E+008
  579.231        80769.4        3452.61       0.212114E-004  0.682670E-006   1097.05        7.94888        3.81852      -0.104339E+008
  596.244        80769.4        3453.34       0.212832E-004  0.682453E-006   1105.84        7.95121        3.81964      -0.104167E+008
  613.256        80769.4        3453.40       0.213717E-004  0.682947E-006   1114.44        7.95003        3.81907      -0.103989E+008
  630.269        80769.4        3452.54       0.214831E-004  0.684357E-006   1123.00        7.94447        3.81640      -0.103801E+008
  647.282        80769.4        3452.22       0.215785E-004  0.685331E-006   1130.88        7.94085        3.81466      -0.103616E+008
  664.295        80769.4        3451.99       0.216648E-004  0.686183E-006   1138.29        7.93786        3.81323      -0.103431E+008
  681.308        80769.4        3452.39       0.217173E-004  0.686228E-006   1145.00        7.93902        3.81378      -0.103251E+008
  698.321        80769.4        3452.54       0.217832E-004  0.686690E-006   1151.50        7.93791        3.81325      -0.103068E+008
  715.333        80769.4        3452.67       0.218473E-004  0.687191E-006   1157.68        7.93655        3.81260      -0.102882E+008
  732.346        80769.4        3487.30       0.226273E-004  0.624976E-006   1143.95        8.21716        3.94739      -0.103152E+008
  749.359        80769.4        3485.95       0.227422E-004  0.626810E-006   1150.35        8.20837        3.94317      -0.102954E+008
  766.372        80769.4        3485.25       0.228041E-004  0.627825E-006   1156.17        8.20436        3.94124      -0.102762E+008
  783.385        80769.4        3484.50       0.228721E-004  0.628993E-006   1161.78        8.19940        3.93887      -0.102568E+008
  800.397        80769.4        3483.61       0.229446E-004  0.630272E-006   1167.22        8.19390        3.93622      -0.102372E+008
  817.410        80769.4        3482.59       0.230265E-004  0.631737E-006   1172.51        8.18733        3.93307      -0.102174E+008
  834.423        80769.4        3481.83       0.230905E-004  0.632954E-006   1177.48        8.18214        3.93058      -0.101977E+008
  851.436        80769.4        3480.94       0.231619E-004  0.634329E-006   1182.31        8.17608        3.92766      -0.101778E+008
  868.449        80769.4        3480.08       0.232304E-004  0.635687E-006   1186.95        8.17014        3.92481      -0.101579E+008
  885.462        80769.4        3369.09       0.219609E-004  0.632436E-006   1220.68        8.30798        3.99102      -0.109285E+008
  902.474        80769.4        3368.88       0.220740E-004  0.634347E-006   1225.04        8.29748        3.98598      -0.108977E+008
  919.487        80769.4        3368.39       0.221786E-004  0.636205E-006   1229.31        8.28771        3.98129      -0.108694E+008
  936.500        80769.4        3367.09       0.222600E-004  0.637886E-006   1233.61        8.27999        3.97758      -0.108487E+008
  953.513        80769.4        3366.42       0.223587E-004  0.639729E-006   1237.61        8.27062        3.97308      -0.108218E+008
  970.526        80769.4        3380.54       0.197682E-004  0.648939E-006   1231.93        8.17307        3.92622      -0.108350E+008
  987.538        80769.4        3380.14       0.198454E-004  0.650760E-006   1235.61        8.16322        3.92148      -0.108076E+008
  1004.55        80769.4        3379.59       0.199202E-004  0.652557E-006   1239.21        8.15374        3.91693      -0.107814E+008
  1021.56        80769.4        3379.06       0.199951E-004  0.654371E-006   1242.68        8.14418        3.91234      -0.107549E+008
  1038.58        80769.4        3378.43       0.200681E-004  0.656167E-006   1246.06        8.13491        3.90788      -0.107292E+008
  1055.59        80769.4        3377.82       0.201413E-004  0.657982E-006   1249.31        8.12554        3.90338      -0.107032E+008
  1072.60        80769.4        3377.11       0.202128E-004  0.659779E-006   1252.49        8.11645        3.89902      -0.106780E+008
  1089.62        80769.4        3376.43       0.202845E-004  0.661597E-006   1255.56        8.10725        3.89459      -0.106525E+008
  1106.63        80769.4        3375.58       0.203538E-004  0.663382E-006   1258.56        8.09848        3.89038      -0.106283E+008
  1123.64        80769.4        3374.65       0.204219E-004  0.665160E-006   1261.50        8.08989        3.88626      -0.106048E+008
  1140.65        80769.4        3374.06       0.204948E-004  0.667035E-006   1264.24        8.08038        3.88169      -0.105782E+008
  1157.67        80769.4        3373.20       0.205637E-004  0.668852E-006   1266.97        8.07158        3.87746      -0.105539E+008
  1174.68        80769.4        3372.27       0.206317E-004  0.670664E-006   1269.63        8.06294        3.87331      -0.105301E+008
  1191.69        80769.4        3371.45       0.207012E-004  0.672514E-006   1272.17        8.05400        3.86901      -0.105053E+008
  1208.71        80769.4        3370.49       0.207687E-004  0.674340E-006   1274.67        8.04540        3.86489      -0.104816E+008
  1225.72        80769.4        3369.46       0.208354E-004  0.676163E-006   1277.11        8.03695        3.86082      -0.104585E+008
  1242.73        80769.4        3368.63       0.209050E-004  0.678046E-006   1279.42        8.02796        3.85651      -0.104335E+008
  1259.74        80769.4        3367.45       0.209696E-004  0.679852E-006   1281.75        8.01988        3.85262      -0.104116E+008
  1276.76        80769.4        3366.37       0.210357E-004  0.681695E-006   1283.98        8.01152        3.84861      -0.103887E+008
  1293.77        80769.4        3365.40       0.211038E-004  0.683581E-006   1286.10        8.00281        3.84443      -0.103647E+008
  1310.78        80769.4        3364.29       0.211698E-004  0.685441E-006   1288.20        7.99448        3.84042      -0.103420E+008
  1327.79        80769.4        3363.15       0.212355E-004  0.687305E-006   1290.25        7.98620        3.83645      -0.103194E+008
  1344.81        80769.4        3362.05       0.213020E-004  0.689193E-006   1292.21        7.97778        3.83240      -0.102964E+008
  1361.82        80769.4        3361.04       0.213701E-004  0.691117E-006   1294.08        7.96911        3.82824      -0.102726E+008
  1378.83        80769.4        3359.63       0.214326E-004  0.692953E-006   1296.01        7.96143        3.82455      -0.102522E+008
  1395.85        80769.4        3358.48       0.214990E-004  0.694865E-006   1297.80        7.95309        3.82054      -0.102295E+008
  1412.86        80769.4        3357.24       0.215644E-004  0.696769E-006   1299.56        7.94493        3.81662      -0.102074E+008
  1429.87        80769.4        3356.05       0.216308E-004  0.698698E-006   1301.24        7.93662        3.81263      -0.101849E+008
  1446.88        80769.4        3354.78       0.216962E-004  0.700621E-006   1302.89        7.92849        3.80872      -0.101631E+008
  1463.90        80769.4        3353.56       0.217627E-004  0.702569E-006   1304.47        7.92022        3.80475      -0.101407E+008
  1480.91        80769.4        3352.26       0.218283E-004  0.704511E-006   1306.02        7.91210        3.80085      -0.101190E+008
  1497.92        80769.4        3351.02       0.218949E-004  0.706478E-006   1307.50        7.90385        3.79689      -0.100967E+008
  1514.94        80769.4        3349.69       0.219607E-004  0.708442E-006   1308.95        7.89575        3.79299      -0.100751E+008
  1531.95        80769.4        3348.42       0.220275E-004  0.710430E-006   1310.33        7.88751        3.78904      -0.100530E+008
  1548.96        80769.4        3347.08       0.220937E-004  0.712415E-006   1311.68        7.87941        3.78515      -0.100315E+008
  1565.97        80769.4        3345.78       0.221608E-004  0.714425E-006   1312.97        7.87118        3.78119      -0.100095E+008
  1582.99        80769.4        3344.41       0.222273E-004  0.716432E-006   1314.22        7.86308        3.77730      -0.998805E+007
  1600.00        80769.4        3343.09       0.222947E-004  0.718465E-006   1315.42        7.85486        3.77335      -0.996617E+007
  273.000        82051.5        3641.44       0.212651E-004  0.484340E-006   747.272        9.24171        4.43957      -0.106544E+008
  290.013        82051.5        3640.13       0.221604E-004  0.485133E-006   790.649        9.24020        4.43885      -0.106413E+008
  307.026        82051.5        3381.39       0.172213E-004  0.734813E-006   826.384        7.95961        3.82367      -0.106116E+008
  324.038        82051.5        3380.43       0.177020E-004  0.735615E-006   857.446        7.95745        3.82263      -0.105972E+008
  341.051        82051.5        3379.45       0.181294E-004  0.736439E-006   885.658        7.95518        3.82154      -0.105824E+008
  358.064        82051.5        3378.45       0.185113E-004  0.737282E-006   911.416        7.95281        3.82040      -0.105671E+008
  375.077        82051.5        3339.81       0.173382E-004  0.807642E-006   938.251        7.62108        3.66105      -0.105474E+008
  392.090        82051.5        3338.85       0.176103E-004  0.808775E-006   959.854        7.61748        3.65932      -0.105311E+008
  409.103        82051.5        3337.84       0.178621E-004  0.809696E-006   979.810        7.61487        3.65807      -0.105146E+008
  426.115        82051.5        3336.85       0.180859E-004  0.810821E-006   998.300        7.61131        3.65635      -0.104977E+008
  443.128        82051.5        3335.83       0.182925E-004  0.811859E-006   1015.50        7.60816        3.65484      -0.104806E+008
  460.141        82051.5        3334.81       0.184796E-004  0.812983E-006   1031.54        7.60462        3.65314      -0.104631E+008
  477.154        82051.5        3333.79       0.186516E-004  0.814119E-006   1046.55        7.60103        3.65142      -0.104453E+008
  494.167        82051.5        3332.75       0.188095E-004  0.815285E-006   1060.62        7.59730        3.64962      -0.104273E+008
  511.179        82051.5        3331.71       0.189555E-004  0.816464E-006   1073.85        7.59352        3.64781      -0.104091E+008
  528.192        82051.5        3380.91       0.187819E-004  0.841622E-006   1098.60        7.46048        3.58390      -0.103797E+008
  545.205        82051.5        3379.81       0.189188E-004  0.843077E-006   1109.75        7.45611        3.58180      -0.103607E+008
  562.218        82051.5        3457.77       0.209129E-004  0.675741E-006   1086.16        7.98104        3.83397      -0.104166E+008
  579.231        82051.5        3458.49       0.209906E-004  0.675519E-006   1095.50        7.98338        3.83509      -0.103996E+008
  596.244        82051.5        3458.02       0.211013E-004  0.676539E-006   1104.87        7.97956        3.83325      -0.103814E+008
  613.256        82051.5        3459.34       0.211472E-004  0.675716E-006   1112.85        7.98480        3.83577      -0.103647E+008
  630.269        82051.5        3457.77       0.212829E-004  0.677875E-006   1121.76        7.97539        3.83125      -0.103453E+008
  647.282        82051.5        3459.18       0.213160E-004  0.676971E-006   1128.77        7.98095        3.83392      -0.103285E+008
  664.295        82051.5        3458.67       0.214108E-004  0.678103E-006   1136.32        7.97647        3.83177      -0.103097E+008
  681.308        82051.5        3457.79       0.215078E-004  0.679503E-006   1143.67        7.97092        3.82911      -0.102906E+008
  698.321        82051.5        3457.71       0.215870E-004  0.680313E-006   1150.30        7.96783        3.82762      -0.102719E+008
  715.333        82051.5        3457.84       0.216443E-004  0.680687E-006   1156.47        7.96723        3.82734      -0.102536E+008
  732.346        82051.5        3491.87       0.224299E-004  0.620308E-006   1143.00        8.24231        3.95948      -0.102803E+008
  749.359        82051.5        3490.96       0.225119E-004  0.621603E-006   1149.19        8.23653        3.95670      -0.102610E+008
  766.372        82051.5        3489.73       0.226131E-004  0.623260E-006   1155.27        8.22869        3.95293      -0.102412E+008
  783.385        82051.5        3489.14       0.226693E-004  0.624230E-006   1160.81        8.22480        3.95107      -0.102220E+008
  800.397        82051.5        3488.33       0.227437E-004  0.625553E-006   1166.23        8.21879        3.94818      -0.102024E+008
  817.410        82051.5        3487.35       0.228187E-004  0.626895E-006   1171.51        8.21288        3.94534      -0.101827E+008
  834.423        82051.5        3486.48       0.228905E-004  0.628239E-006   1176.53        8.20687        3.94245      -0.101629E+008
  851.436        82051.5        3485.60       0.229609E-004  0.629591E-006   1181.37        8.20084        3.93955      -0.101430E+008
  868.449        82051.5        3484.74       0.230294E-004  0.630949E-006   1186.02        8.19477        3.93664      -0.101231E+008
  885.462        82051.5        3369.59       0.217742E-004  0.628086E-006   1221.04        8.33522        4.00411      -0.109125E+008
  902.474        82051.5        3369.39       0.218861E-004  0.629978E-006   1225.41        8.32471        3.99906      -0.108816E+008
  919.487        82051.5        3368.95       0.219909E-004  0.631825E-006   1229.66        8.31481        3.99430      -0.108529E+008
  936.500        82051.5        3367.91       0.220788E-004  0.633549E-006   1233.91        8.30641        3.99027      -0.108298E+008
  953.513        82051.5        3366.60       0.221582E-004  0.635216E-006   1238.07        8.29872        3.98657      -0.108092E+008
  970.526        82051.5        3381.31       0.196177E-004  0.644417E-006   1232.33        8.20034        3.93931      -0.108155E+008
  987.538        82051.5        3380.86       0.196935E-004  0.646207E-006   1236.03        8.19061        3.93464      -0.107886E+008
  1004.55        82051.5        3380.36       0.197680E-004  0.647991E-006   1239.62        8.18104        3.93004      -0.107621E+008
  1021.56        82051.5        3379.84       0.198421E-004  0.649785E-006   1243.09        8.17146        3.92544      -0.107355E+008
  1038.58        82051.5        3379.26       0.199149E-004  0.651571E-006   1246.46        8.16208        3.92093      -0.107095E+008
  1055.59        82051.5        3378.66       0.199874E-004  0.653366E-006   1249.72        8.15269        3.91642      -0.106834E+008
  1072.60        82051.5        3378.00       0.200587E-004  0.655153E-006   1252.88        8.14348        3.91200      -0.106579E+008
  1089.62        82051.5        3377.33       0.201297E-004  0.656951E-006   1255.94        8.13426        3.90757      -0.106324E+008
  1106.63        82051.5        3376.56       0.201993E-004  0.658734E-006   1258.93        8.12529        3.90326      -0.106075E+008
  1123.64        82051.5        3375.85       0.202695E-004  0.660543E-006   1261.80        8.11616        3.89888      -0.105822E+008
  1140.65        82051.5        3374.94       0.203368E-004  0.662311E-006   1264.64        8.10754        3.89474      -0.105585E+008
  1157.67        82051.5        3374.24       0.204072E-004  0.664146E-006   1267.32        8.09833        3.89031      -0.105328E+008
  1174.68        82051.5        3373.38       0.204751E-004  0.665949E-006   1269.97        8.08954        3.88609      -0.105086E+008
  1191.69        82051.5        3372.51       0.205431E-004  0.667762E-006   1272.52        8.08075        3.88187      -0.104842E+008
  1208.71        82051.5        3371.78       0.206130E-004  0.669623E-006   1274.96        8.07157        3.87746      -0.104587E+008
  1225.72        82051.5        3370.66       0.206774E-004  0.671396E-006   1277.43        8.06339        3.87353      -0.104363E+008
  1242.73        82051.5        3370.12       0.207501E-004  0.673327E-006   1279.65        8.05367        3.86886      -0.104090E+008
  1259.74        82051.5        3368.71       0.208106E-004  0.675049E-006   1282.05        8.04622        3.86528      -0.103890E+008
  1276.76        82051.5        3367.69       0.208767E-004  0.676882E-006   1284.26        8.03773        3.86120      -0.103657E+008
  1293.77        82051.5        3366.67       0.209429E-004  0.678726E-006   1286.40        8.02922        3.85711      -0.103423E+008
  1310.78        82051.5        3365.68       0.210097E-004  0.680590E-006   1288.47        8.02060        3.85297      -0.103186E+008
  1327.79        82051.5        3364.53       0.210744E-004  0.682427E-006   1290.51        8.01237        3.84902      -0.102961E+008
  1344.81        82051.5        3363.37       0.211390E-004  0.684270E-006   1292.49        8.00417        3.84508      -0.102738E+008
  1361.82        82051.5        3362.32       0.212055E-004  0.686157E-006   1294.37        7.99563        3.84098      -0.102503E+008
  1378.83        82051.5        3361.18       0.212709E-004  0.688031E-006   1296.22        7.98732        3.83698      -0.102277E+008
  1395.85        82051.5        3360.03       0.213364E-004  0.689917E-006   1298.01        7.97899        3.83298      -0.102050E+008
  1412.86        82051.5        3358.86       0.214016E-004  0.691808E-006   1299.75        7.97072        3.82901      -0.101825E+008
  1429.87        82051.5        3357.68       0.214671E-004  0.693711E-006   1301.43        7.96243        3.82503      -0.101599E+008
  1446.88        82051.5        3356.47       0.215324E-004  0.695619E-006   1303.06        7.95419        3.82107      -0.101376E+008
  1463.90        82051.5        3355.26       0.215979E-004  0.697540E-006   1304.64        7.94594        3.81711      -0.101153E+008
  1480.91        82051.5        3354.02       0.216633E-004  0.699467E-006   1306.16        7.93772        3.81316      -0.100931E+008
  1497.92        82051.5        3352.78       0.217290E-004  0.701406E-006   1307.64        7.92949        3.80921      -0.100708E+008
  1514.94        82051.5        3351.52       0.217946E-004  0.703353E-006   1309.07        7.92130        3.80527      -0.100488E+008
  1531.95        82051.5        3350.25       0.218605E-004  0.705313E-006   1310.45        7.91309        3.80132      -0.100267E+008
  1548.96        82051.5        3348.96       0.219264E-004  0.707280E-006   1311.78        7.90490        3.79739      -0.100047E+008
  1565.97        82051.5        3347.67       0.219925E-004  0.709261E-006   1313.06        7.89670        3.79345      -0.998275E+007
  1582.99        82051.5        3346.37       0.220587E-004  0.711250E-006   1314.30        7.88852        3.78952      -0.996089E+007
  1600.00        82051.5        3345.05       0.221252E-004  0.713253E-006   1315.49        7.88033        3.78559      -0.993900E+007
  273.000        83333.5        3643.72       0.212062E-004  0.482977E-006   746.728        9.25119        4.44413      -0.106194E+008
  290.013        83333.5        3642.41       0.220991E-004  0.483765E-006   790.136        9.24968        4.44340      -0.106063E+008
  307.026        83333.5        3641.06       0.228915E-004  0.484583E-006   828.376        9.24799        4.44259      -0.105925E+008
  324.038        83333.5        3639.67       0.235977E-004  0.485428E-006   862.336        9.24610        4.44168      -0.105781E+008
  341.051        83333.5        3638.25       0.242298E-004  0.486298E-006   892.717        9.24403        4.44069      -0.105631E+008
  358.064        83333.5        3381.69       0.184465E-004  0.734486E-006   911.119        7.96338        3.82548      -0.105294E+008
  375.077        83333.5        3380.69       0.187879E-004  0.735338E-006   934.763        7.96093        3.82431      -0.105136E+008
  392.090        83333.5        3379.67       0.190956E-004  0.736206E-006   956.546        7.95840        3.82309      -0.104975E+008
  409.103        83333.5        3378.65       0.193744E-004  0.737088E-006   976.693        7.95580        3.82184      -0.104810E+008
  426.115        83333.5        3340.31       0.180162E-004  0.806932E-006   998.086        7.62410        3.66250      -0.104596E+008
  443.128        83333.5        3339.30       0.182201E-004  0.808019E-006   1015.29        7.62068        3.66086      -0.104424E+008
  460.141        83333.5        3338.29       0.184064E-004  0.809130E-006   1031.34        7.61716        3.65916      -0.104250E+008
  477.154        83333.5        3337.27       0.185772E-004  0.810264E-006   1046.36        7.61353        3.65742      -0.104072E+008
  494.167        83333.5        3386.70       0.183810E-004  0.833066E-006   1073.93        7.48683        3.59656      -0.103794E+008
  511.179        83333.5        3385.63       0.185339E-004  0.834496E-006   1086.56        7.48246        3.59446      -0.103609E+008
  528.192        83333.5        3384.55       0.186775E-004  0.835930E-006   1098.42        7.47809        3.59236      -0.103422E+008
  545.205        83333.5        3383.45       0.188134E-004  0.837361E-006   1109.58        7.47375        3.59027      -0.103232E+008
  562.218        83333.5        3569.18       0.224426E-004  0.552866E-006   1055.54        8.70256        4.18058      -0.104481E+008
  579.231        83333.5        3568.26       0.225794E-004  0.553811E-006   1065.34        8.69813        4.17845      -0.104302E+008
  596.244        83333.5        3464.51       0.208610E-004  0.668797E-006   1103.00        8.01740        3.85143      -0.103479E+008
  613.256        83333.5        3464.73       0.209425E-004  0.669105E-006   1111.51        8.01699        3.85124      -0.103302E+008
  630.269        83333.5        3464.73       0.210259E-004  0.669638E-006   1119.65        8.01545        3.85050      -0.103123E+008
  647.282        83333.5        3463.41       0.211511E-004  0.671593E-006   1128.01        8.00679        3.84634      -0.102929E+008
  664.295        83333.5        3463.44       0.212254E-004  0.672117E-006   1135.29        8.00527        3.84561      -0.102747E+008
  681.308        83333.5        3462.92       0.213090E-004  0.673118E-006   1142.47        8.00159        3.84384      -0.102560E+008
  698.321        83333.5        3462.92       0.213788E-004  0.673717E-006   1149.05        7.99964        3.84291      -0.102375E+008
  715.333        83333.5        3462.89       0.214475E-004  0.674371E-006   1155.32        7.99740        3.84182      -0.102189E+008
  732.346        83333.5        3462.94       0.215113E-004  0.674957E-006   1161.24        7.99544        3.84089      -0.102002E+008
  749.359        83333.5        3495.17       0.223430E-004  0.617423E-006   1148.42        8.25896        3.96747      -0.102257E+008
  766.372        83333.5        3494.36       0.224193E-004  0.618681E-006   1154.31        8.25323        3.96473      -0.102063E+008
  783.385        83333.5        3493.64       0.224912E-004  0.619922E-006   1159.93        8.24756        3.96200      -0.101869E+008
  800.397        83333.5        3492.86       0.225491E-004  0.620941E-006   1165.32        8.24347        3.96004      -0.101675E+008
  817.410        83333.5        3491.80       0.226274E-004  0.622335E-006   1170.63        8.23720        3.95702      -0.101477E+008
  834.423        83333.5        3491.07       0.226969E-004  0.623649E-006   1175.61        8.23112        3.95410      -0.101280E+008
  851.436        83333.5        3490.18       0.227651E-004  0.624957E-006   1180.46        8.22528        3.95130      -0.101082E+008
  868.449        83333.5        3489.37       0.228318E-004  0.626284E-006   1185.10        8.21927        3.94841      -0.100883E+008
  885.462        83333.5        3379.64       0.252071E-004  0.554797E-006   1230.51        8.89028        4.27075      -0.111664E+008
  902.474        83333.5        3378.25       0.252941E-004  0.556023E-006   1235.29        8.88466        4.26805      -0.111448E+008
  919.487        83333.5        3376.85       0.253800E-004  0.557258E-006   1239.90        8.87902        4.26534      -0.111231E+008
  936.500        83333.5        3368.59       0.218955E-004  0.629221E-006   1234.23        8.33322        4.00315      -0.108121E+008
  953.513        83333.5        3367.45       0.219786E-004  0.630907E-006   1238.36        8.32510        3.99925      -0.107899E+008
  970.526        83333.5        3382.16       0.194703E-004  0.639969E-006   1232.71        8.22732        3.95228      -0.107951E+008
  987.538        83333.5        3381.79       0.195462E-004  0.641756E-006   1236.40        8.21740        3.94751      -0.107676E+008
  1004.55        83333.5        3381.32       0.196204E-004  0.643529E-006   1239.98        8.20774        3.94287      -0.107408E+008
  1021.56        83333.5        3380.81       0.196936E-004  0.645301E-006   1243.45        8.19819        3.93828      -0.107143E+008
  1038.58        83333.5        3380.28       0.197664E-004  0.647080E-006   1246.80        8.18865        3.93370      -0.106878E+008
  1055.59        83333.5        3379.67       0.198377E-004  0.648848E-006   1250.06        8.17933        3.92922      -0.106620E+008
  1072.60        83333.5        3379.07       0.199090E-004  0.650628E-006   1253.22        8.16997        3.92473      -0.106360E+008
  1089.62        83333.5        3378.39       0.199790E-004  0.652399E-006   1256.28        8.16081        3.92033      -0.106107E+008
  1106.63        83333.5        3377.52       0.200462E-004  0.654131E-006   1259.30        8.15217        3.91618      -0.105869E+008
  1123.64        83333.5        3376.67       0.201137E-004  0.655883E-006   1262.22        8.14341        3.91197      -0.105627E+008
  1140.65        83333.5        3376.21       0.201864E-004  0.657743E-006   1264.92        8.13360        3.90726      -0.105352E+008
  1157.67        83333.5        3375.42       0.202545E-004  0.659529E-006   1267.64        8.12467        3.90297      -0.105104E+008
  1174.68        83333.5        3374.64       0.203228E-004  0.661330E-006   1270.26        8.11569        3.89865      -0.104855E+008
  1191.69        83333.5        3373.78       0.203899E-004  0.663121E-006   1272.81        8.10690        3.89443      -0.104612E+008
  1208.71        83333.5        3372.70       0.204540E-004  0.664867E-006   1275.35        8.09868        3.89048      -0.104387E+008
  1225.72        83333.5        3371.70       0.205191E-004  0.666645E-006   1277.79        8.09023        3.88642      -0.104154E+008
  1242.73        83333.5        3371.10       0.205902E-004  0.668538E-006   1280.02        8.08067        3.88183      -0.103886E+008
  1259.74        83333.5        3370.08       0.206551E-004  0.670331E-006   1282.31        8.07226        3.87779      -0.103655E+008
  1276.76        83333.5        3369.12       0.207213E-004  0.672156E-006   1284.50        8.06361        3.87363      -0.103416E+008
  1293.77        83333.5        3368.15       0.207872E-004  0.673986E-006   1286.63        8.05501        3.86950      -0.103178E+008
  1310.78        83333.5        3366.92       0.208497E-004  0.675763E-006   1288.77        8.04706        3.86568      -0.102962E+008
  1327.79        83333.5        3365.80       0.209137E-004  0.677579E-006   1290.80        8.03880        3.86172      -0.102736E+008
  1344.81        83333.5        3365.05       0.209834E-004  0.679503E-006   1292.66        8.02954        3.85726      -0.102477E+008
  1361.82        83333.5        3364.07       0.210499E-004  0.681378E-006   1294.52        8.02087        3.85310      -0.102238E+008
  1378.83        83333.5        3362.79       0.211122E-004  0.683190E-006   1296.41        8.01296        3.84930      -0.102024E+008
  1395.85        83333.5        3361.65       0.211768E-004  0.685050E-006   1298.20        8.00466        3.84531      -0.101797E+008
  1412.86        83333.5        3360.48       0.212413E-004  0.686915E-006   1299.93        7.99640        3.84135      -0.101572E+008
  1429.87        83333.5        3359.36       0.213065E-004  0.688803E-006   1301.60        7.98802        3.83732      -0.101343E+008
  1446.88        83333.5        3358.20       0.213715E-004  0.690696E-006   1303.21        7.97970        3.83332      -0.101116E+008
  1463.90        83333.5        3357.00       0.214362E-004  0.692590E-006   1304.78        7.97146        3.82936      -0.100892E+008
  1480.91        83333.5        3355.81       0.215013E-004  0.694500E-006   1306.30        7.96317        3.82538      -0.100666E+008
  1497.92        83333.5        3354.59       0.215661E-004  0.696414E-006   1307.76        7.95495        3.82143      -0.100444E+008
  1514.94        83333.5        3353.34       0.216308E-004  0.698333E-006   1309.19        7.94678        3.81751      -0.100223E+008
  1531.95        83333.5        3352.12       0.216964E-004  0.700275E-006   1310.55        7.93848        3.81352      -0.999982E+007
  1548.96        83333.5        3350.88       0.217618E-004  0.702222E-006   1311.87        7.93025        3.80957      -0.997758E+007
  1565.97        83333.5        3349.61       0.218272E-004  0.704177E-006   1313.14        7.92205        3.80563      -0.995550E+007
  1582.99        83333.5        3348.33       0.218928E-004  0.706145E-006   1314.37        7.91383        3.80168      -0.993338E+007
  1600.00        83333.5        3347.04       0.219585E-004  0.708121E-006   1315.55        7.90563        3.79774      -0.991138E+007
  273.000        84615.5        3645.99       0.211478E-004  0.481625E-006   746.188        9.26063        4.44866      -0.105844E+008
  290.013        84615.5        3644.77       0.220380E-004  0.482390E-006   789.617        9.25922        4.44798      -0.105713E+008
  307.026        84615.5        3643.36       0.228283E-004  0.483216E-006   827.894        9.25746        4.44714      -0.105575E+008
  324.038        84615.5        3642.00       0.235323E-004  0.484053E-006   861.874        9.25558        4.44624      -0.105431E+008
  341.051        84615.5        3640.57       0.241628E-004  0.484917E-006   892.284        9.25353        4.44525      -0.105282E+008
  358.064        84615.5        3639.17       0.247293E-004  0.485799E-006   919.660        9.25129        4.44418      -0.105127E+008
  375.077        84615.5        3637.64       0.252415E-004  0.486711E-006   944.466        9.24890        4.44303      -0.104968E+008
  392.090        84615.5        3636.13       0.257062E-004  0.487640E-006   967.048        9.24634        4.44180      -0.104805E+008
  409.103        84615.5        3381.91       0.193065E-004  0.734289E-006   976.438        7.96639        3.82693      -0.104434E+008
  426.115        84615.5        3380.89       0.195591E-004  0.735176E-006   995.147        7.96373        3.82565      -0.104266E+008
  443.128        84615.5        3379.86       0.197899E-004  0.736074E-006   1012.57        7.96102        3.82435      -0.104095E+008
  460.141        84615.5        3392.41       0.179444E-004  0.824707E-006   1045.78        7.51295        3.60910      -0.103782E+008
  477.154        84615.5        3391.36       0.181185E-004  0.826100E-006   1060.24        7.50865        3.60704      -0.103602E+008
  494.167        84615.5        3390.31       0.182805E-004  0.827504E-006   1073.74        7.50431        3.60496      -0.103419E+008
  511.179        84615.5        3389.24       0.184321E-004  0.828915E-006   1086.39        7.49996        3.60286      -0.103234E+008
  528.192        84615.5        3388.16       0.185751E-004  0.830316E-006   1098.25        7.49566        3.60080      -0.103047E+008
  545.205        84615.5        3387.08       0.187091E-004  0.831750E-006   1109.41        7.49124        3.59868      -0.102857E+008
  562.218        84615.5        3571.79       0.223536E-004  0.550560E-006   1055.33        8.71610        4.18708      -0.104127E+008
  579.231        84615.5        3570.88       0.224896E-004  0.551491E-006   1065.12        8.71170        4.18497      -0.103948E+008
  596.244        84615.5        3570.23       0.226153E-004  0.552283E-006   1074.31        8.70782        4.18310      -0.103769E+008
  613.256        84615.5        3569.18       0.227398E-004  0.553298E-006   1083.23        8.70308        4.18082      -0.103587E+008
  630.269        84615.5        3469.92       0.208291E-004  0.663284E-006   1118.41        8.04670        3.86551      -0.102777E+008
  647.282        84615.5        3469.55       0.209193E-004  0.664193E-006   1126.29        8.04321        3.86383      -0.102593E+008
  664.295        84615.5        3468.56       0.210306E-004  0.665832E-006   1134.09        8.03591        3.86033      -0.102401E+008
  681.308        84615.5        3468.02       0.211131E-004  0.666820E-006   1141.27        8.03223        3.85856      -0.102214E+008
  698.321        84615.5        3467.96       0.211848E-004  0.667479E-006   1147.88        8.02989        3.85744      -0.102028E+008
  715.333        84615.5        3467.91       0.212535E-004  0.668143E-006   1154.17        8.02752        3.85630      -0.101842E+008
  732.346        84615.5        3467.90       0.213190E-004  0.668784E-006   1160.13        8.02522        3.85519      -0.101655E+008
  749.359        84615.5        3499.91       0.221291E-004  0.612506E-006   1147.37        8.28611        3.98052      -0.101912E+008
  766.372        84615.5        3498.83       0.222321E-004  0.614218E-006   1153.41        8.27747        3.97637      -0.101714E+008
  783.385        84615.5        3498.14       0.222851E-004  0.615106E-006   1159.00        8.27408        3.97474      -0.101523E+008
  800.397        84615.5        3497.37       0.223583E-004  0.616409E-006   1164.42        8.26794        3.97179      -0.101327E+008
  817.410        84615.5        3496.41       0.224320E-004  0.617728E-006   1169.69        8.26195        3.96891      -0.101130E+008
  834.423        84615.5        3495.58       0.225022E-004  0.619043E-006   1174.72        8.25586        3.96599      -0.100933E+008
  851.436        84615.5        3494.75       0.225710E-004  0.620368E-006   1179.55        8.24975        3.96305      -0.100735E+008
  868.449        84615.5        3493.95       0.226376E-004  0.621692E-006   1184.19        8.24363        3.96011      -0.100536E+008
  885.462        84615.5        3382.00       0.251153E-004  0.552764E-006   1230.33        8.90306        4.27689      -0.111298E+008
  902.474        84615.5        3380.60       0.252017E-004  0.553981E-006   1235.11        8.89746        4.27420      -0.111082E+008
  919.487        84615.5        3379.21       0.252870E-004  0.555206E-006   1239.72        8.89184        4.27150      -0.110866E+008
  936.500        84615.5        3377.79       0.253712E-004  0.556436E-006   1244.18        8.88624        4.26881      -0.110650E+008
  953.513        84615.5        3376.37       0.254544E-004  0.557673E-006   1248.50        8.88063        4.26612      -0.110434E+008
  970.526        84615.5        3383.11       0.193258E-004  0.635595E-006   1233.06        8.25403        3.96511      -0.107737E+008
  987.538        84615.5        3382.69       0.194003E-004  0.637350E-006   1236.76        8.24425        3.96041      -0.107466E+008
  1004.55        84615.5        3382.22       0.194736E-004  0.639100E-006   1240.35        8.23460        3.95578      -0.107199E+008
  1021.56        84615.5        3381.75       0.195465E-004  0.640860E-006   1243.81        8.22496        3.95114      -0.106932E+008
  1038.58        84615.5        3381.20       0.196182E-004  0.642613E-006   1247.17        8.21549        3.94659      -0.106669E+008
  1055.59        84615.5        3380.65       0.196896E-004  0.644374E-006   1250.42        8.20602        3.94204      -0.106407E+008
  1072.60        84615.5        3380.04       0.197598E-004  0.646130E-006   1253.58        8.19671        3.93757      -0.106149E+008
  1089.62        84615.5        3379.42       0.198298E-004  0.647894E-006   1256.63        8.18740        3.93310      -0.105890E+008
  1106.63        84615.5        3378.71       0.198984E-004  0.649647E-006   1259.60        8.17832        3.92874      -0.105638E+008
  1123.64        84615.5        3378.05       0.199677E-004  0.651422E-006   1262.46        8.16909        3.92430      -0.105382E+008
  1140.65        84615.5        3377.21       0.200341E-004  0.653160E-006   1265.28        8.16036        3.92011      -0.105141E+008
  1157.67        84615.5        3376.56       0.201034E-004  0.654961E-006   1267.95        8.15104        3.91564      -0.104881E+008
  1174.68        84615.5        3375.76       0.201704E-004  0.656731E-006   1270.58        8.14215        3.91136      -0.104634E+008
  1191.69        84615.5        3374.95       0.202374E-004  0.658512E-006   1273.12        8.13325        3.90709      -0.104387E+008
  1208.71        84615.5        3374.31       0.203068E-004  0.660347E-006   1275.54        8.12388        3.90258      -0.104125E+008
  1225.72        84615.5        3373.23       0.203699E-004  0.662079E-006   1277.99        8.11568        3.89865      -0.103900E+008
  1242.73        84615.5        3372.74       0.204416E-004  0.663975E-006   1280.20        8.10586        3.89393      -0.103624E+008
  1259.74        84615.5        3371.41       0.205013E-004  0.665664E-006   1282.58        8.09830        3.89030      -0.103419E+008
  1276.76        84615.5        3370.45       0.205664E-004  0.667462E-006   1284.78        8.08971        3.88617      -0.103182E+008
  1293.77        84615.5        3369.49       0.206316E-004  0.669271E-006   1286.90        8.08110        3.88204      -0.102944E+008
  1310.78        84615.5        3368.60       0.206979E-004  0.671107E-006   1288.94        8.07231        3.87781      -0.102700E+008
  1327.79        84615.5        3367.49       0.207613E-004  0.672900E-006   1290.97        8.06405        3.87384      -0.102473E+008
  1344.81        84615.5        3366.39       0.208248E-004  0.674706E-006   1292.93        8.05576        3.86986      -0.102246E+008
  1361.82        84615.5        3365.41       0.208904E-004  0.676556E-006   1294.79        8.04713        3.86572      -0.102007E+008
  1378.83        84615.5        3364.33       0.209547E-004  0.678392E-006   1296.62        8.03873        3.86168      -0.101776E+008
  1395.85        84615.5        3363.25       0.210191E-004  0.680240E-006   1298.39        8.03032        3.85764      -0.101545E+008
  1412.86        84615.5        3362.13       0.210834E-004  0.682091E-006   1300.11        8.02197        3.85363      -0.101316E+008
  1429.87        84615.5        3361.02       0.211478E-004  0.683954E-006   1301.77        8.01360        3.84961      -0.101086E+008
  1446.88        84615.5        3359.87       0.212120E-004  0.685821E-006   1303.38        8.00529        3.84562      -0.100859E+008
  1463.90        84615.5        3358.73       0.212764E-004  0.687701E-006   1304.93        7.99696        3.84162      -0.100631E+008
  1480.91        84615.5        3357.55       0.213407E-004  0.689585E-006   1306.44        7.98868        3.83764      -0.100405E+008
  1497.92        84615.5        3356.37       0.214052E-004  0.691482E-006   1307.89        7.98039        3.83365      -0.100179E+008
  1514.94        84615.5        3355.17       0.214696E-004  0.693385E-006   1309.30        7.97213        3.82969      -0.999545E+007
  1531.95        84615.5        3353.97       0.215343E-004  0.695300E-006   1310.66        7.96386        3.82571      -0.997297E+007
  1548.96        84615.5        3352.74       0.215990E-004  0.697222E-006   1311.97        7.95562        3.82176      -0.995063E+007
  1565.97        84615.5        3351.51       0.216639E-004  0.699157E-006   1313.23        7.94737        3.81779      -0.992827E+007
  1582.99        84615.5        3350.26       0.217288E-004  0.701099E-006   1314.45        7.93914        3.81384      -0.990604E+007
  1600.00        84615.5        3349.01       0.217940E-004  0.703054E-006   1315.62        7.93090        3.80988      -0.988379E+007
  273.000        85897.6        3648.29       0.210897E-004  0.480274E-006   745.644        9.27009        4.45321      -0.105494E+008
  290.013        85897.6        3647.00       0.219775E-004  0.481050E-006   789.110        9.26860        4.45249      -0.105364E+008
  307.026        85897.6        3645.77       0.227653E-004  0.481834E-006   827.396        9.26702        4.45173      -0.105225E+008
  324.038        85897.6        3644.39       0.234675E-004  0.482668E-006   861.412        9.26514        4.45083      -0.105082E+008
  341.051        85897.6        3642.89       0.240959E-004  0.483548E-006   891.849        9.26297        4.44979      -0.104932E+008
  358.064        85897.6        3641.59       0.246609E-004  0.484398E-006   919.241        9.26089        4.44879      -0.104777E+008
  375.077        85897.6        3640.02       0.251717E-004  0.485314E-006   944.071        9.25845        4.44762      -0.104619E+008
  392.090        85897.6        3638.50       0.256349E-004  0.486239E-006   966.672        9.25590        4.44639      -0.104456E+008
  409.103        85897.6        3636.97       0.260572E-004  0.487180E-006   987.349        9.25321        4.44510      -0.104289E+008
  426.115        85897.6        3635.42       0.264439E-004  0.488141E-006   1006.35        9.25037        4.44374      -0.104119E+008
  443.128        85897.6        3551.18       0.227843E-004  0.608728E-006   1030.87        8.54580        4.10527      -0.103713E+008
  460.141        85897.6        3549.88       0.230456E-004  0.610154E-006   1046.78        8.54058        4.10276      -0.103536E+008
  477.154        85897.6        3548.56       0.232884E-004  0.611602E-006   1061.61        8.53526        4.10021      -0.103356E+008
  494.167        85897.6        3547.22       0.235150E-004  0.613074E-006   1075.46        8.52984        4.09760      -0.103174E+008
  511.179        85897.6        3545.85       0.237274E-004  0.614569E-006   1088.44        8.52431        4.09495      -0.102989E+008
  528.192        85897.6        3391.76       0.184731E-004  0.824823E-006   1098.08        7.51300        3.60913      -0.102672E+008
  545.205        85897.6        3575.32       0.221221E-004  0.547347E-006   1044.77        8.73398        4.19567      -0.103950E+008
  562.218        85897.6        3574.39       0.222655E-004  0.548279E-006   1055.11        8.72958        4.19355      -0.103773E+008
  579.231        85897.6        3573.49       0.224006E-004  0.549193E-006   1064.90        8.72522        4.19146      -0.103595E+008
  596.244        85897.6        3572.66       0.225280E-004  0.550083E-006   1074.18        8.72095        4.18941      -0.103415E+008
  613.256        85897.6        3571.83       0.226491E-004  0.550970E-006   1083.00        8.71667        4.18735      -0.103234E+008
  630.269        85897.6        3571.05       0.227639E-004  0.551834E-006   1091.38        8.71248        4.18534      -0.103052E+008
  647.282        85897.6        3570.30       0.228733E-004  0.552686E-006   1099.35        8.70833        4.18335      -0.102868E+008
  664.295        85897.6        3473.74       0.208292E-004  0.659420E-006   1132.83        8.06782        3.87566      -0.102057E+008
  681.308        85897.6        3472.99       0.209234E-004  0.660714E-006   1140.12        8.06231        3.87301      -0.101867E+008
  698.321        85897.6        3472.84       0.209974E-004  0.661458E-006   1146.79        8.05948        3.87165      -0.101682E+008
  715.333        85897.6        3473.15       0.210615E-004  0.661890E-006   1152.92        8.05792        3.87090      -0.101498E+008
  732.346        85897.6        3472.79       0.211313E-004  0.662750E-006   1159.04        8.05467        3.86934      -0.101309E+008
  749.359        85897.6        3472.76       0.211957E-004  0.663430E-006   1164.74        8.05205        3.86808      -0.101121E+008
  766.372        85897.6        3503.42       0.220222E-004  0.609363E-006   1152.43        8.30457        3.98938      -0.101370E+008
  783.385        85897.6        3502.62       0.221139E-004  0.610962E-006   1158.12        8.29629        3.98541      -0.101172E+008
  800.397        85897.6        3501.89       0.221774E-004  0.612086E-006   1163.52        8.29124        3.98298      -0.100978E+008
  817.410        85897.6        3500.92       0.222462E-004  0.613311E-006   1168.80        8.28581        3.98037      -0.100782E+008
  834.423        85897.6        3500.10       0.223147E-004  0.614590E-006   1173.82        8.27985        3.97751      -0.100585E+008
  851.436        85897.6        3499.25       0.223818E-004  0.615876E-006   1178.67        8.27391        3.97466      -0.100387E+008
  868.449        85897.6        3498.49       0.224466E-004  0.617170E-006   1183.30        8.26784        3.97174      -0.100189E+008
  885.462        85897.6        3384.34       0.250243E-004  0.550749E-006   1230.15        8.91580        4.28301      -0.110932E+008
  902.474        85897.6        3382.96       0.251101E-004  0.551956E-006   1234.93        8.91022        4.28033      -0.110717E+008
  919.487        85897.6        3381.56       0.251948E-004  0.553170E-006   1239.54        8.90462        4.27764      -0.110500E+008
  936.500        85897.6        3380.15       0.252784E-004  0.554391E-006   1244.00        8.89903        4.27496      -0.110285E+008
  953.513        85897.6        3378.73       0.253611E-004  0.555618E-006   1248.32        8.89344        4.27227      -0.110069E+008
  970.526        85897.6        3390.67       0.231605E-004  0.564201E-006   1244.12        8.79679        4.22584      -0.110046E+008
  987.538        85897.6        3389.33       0.232295E-004  0.565361E-006   1248.19        8.79129        4.22320      -0.109834E+008
  1004.55        85897.6        3383.28       0.193309E-004  0.634765E-006   1240.67        8.26097        3.96844      -0.106975E+008
  1021.56        85897.6        3382.81       0.194030E-004  0.636503E-006   1244.13        8.25134        3.96382      -0.106708E+008
  1038.58        85897.6        3382.30       0.194742E-004  0.638243E-006   1247.49        8.24180        3.95923      -0.106444E+008
  1055.59        85897.6        3381.79       0.195454E-004  0.639995E-006   1250.73        8.23222        3.95463      -0.106178E+008
  1072.60        85897.6        3381.20       0.196151E-004  0.641734E-006   1253.88        8.22287        3.95014      -0.105918E+008
  1089.62        85897.6        3380.39       0.196815E-004  0.643425E-006   1256.99        8.21413        3.94594      -0.105677E+008
  1106.63        85897.6        3379.82       0.197513E-004  0.645192E-006   1259.92        8.20468        3.94140      -0.105414E+008
  1123.64        85897.6        3379.17       0.198198E-004  0.646947E-006   1262.78        8.19544        3.93696      -0.105157E+008
  1140.65        85897.6        3378.55       0.198886E-004  0.648721E-006   1265.54        8.18610        3.93248      -0.104897E+008
  1157.67        85897.6        3377.92       0.199572E-004  0.650502E-006   1268.21        8.17679        3.92800      -0.104637E+008
  1174.68        85897.6        3377.11       0.200232E-004  0.652247E-006   1270.84        8.16795        3.92375      -0.104392E+008
  1191.69        85897.6        3376.26       0.200887E-004  0.653993E-006   1273.40        8.15919        3.91955      -0.104149E+008
  1208.71        85897.6        3375.30       0.201527E-004  0.655722E-006   1275.90        8.15071        3.91548      -0.103915E+008
  1225.72        85897.6        3374.37       0.202170E-004  0.657467E-006   1278.32        8.14215        3.91136      -0.103679E+008
  1242.73        85897.6        3373.72       0.202855E-004  0.659299E-006   1280.57        8.13278        3.90686      -0.103416E+008
  1259.74        85897.6        3372.84       0.203508E-004  0.661080E-006   1282.82        8.12404        3.90266      -0.103174E+008
  1276.76        85897.6        3371.95       0.204159E-004  0.662870E-006   1284.99        8.11530        3.89846      -0.102931E+008
  1293.77        85897.6        3371.02       0.204807E-004  0.664661E-006   1287.11        8.10665        3.89431      -0.102691E+008
  1310.78        85897.6        3369.88       0.205425E-004  0.666409E-006   1289.22        8.09854        3.89041      -0.102469E+008
  1327.79        85897.6        3368.82       0.206057E-004  0.668189E-006   1291.24        8.09019        3.88640      -0.102239E+008
  1344.81        85897.6        3368.11       0.206739E-004  0.670070E-006   1293.08        8.08090        3.88194      -0.101978E+008
  1361.82        85897.6        3367.19       0.207395E-004  0.671910E-006   1294.92        8.07213        3.87772      -0.101734E+008
  1378.83        85897.6        3365.98       0.208009E-004  0.673686E-006   1296.79        8.06412        3.87388      -0.101516E+008
  1395.85        85897.6        3364.91       0.208645E-004  0.675508E-006   1298.56        8.05574        3.86985      -0.101285E+008
  1412.86        85897.6        3363.80       0.209279E-004  0.677334E-006   1300.27        8.04741        3.86585      -0.101056E+008
  1429.87        85897.6        3362.73       0.209920E-004  0.679182E-006   1301.92        8.03896        3.86179      -0.100823E+008
  1446.88        85897.6        3361.64       0.210560E-004  0.681034E-006   1303.51        8.03056        3.85776      -0.100592E+008
  1463.90        85897.6        3360.50       0.211196E-004  0.682888E-006   1305.07        8.02226        3.85377      -0.100364E+008
  1480.91        85897.6        3359.37       0.211835E-004  0.684756E-006   1306.56        8.01391        3.84976      -0.100135E+008
  1497.92        85897.6        3358.20       0.212472E-004  0.686628E-006   1308.01        8.00562        3.84578      -0.999088E+007
  1514.94        85897.6        3357.01       0.213108E-004  0.688504E-006   1309.41        7.99739        3.84182      -0.996842E+007
  1531.95        85897.6        3355.85       0.213751E-004  0.690402E-006   1310.75        7.98905        3.83781      -0.994560E+007
  1548.96        85897.6        3354.67       0.214393E-004  0.692305E-006   1312.05        7.98076        3.83383      -0.992299E+007
  1565.97        85897.6        3353.45       0.215034E-004  0.694214E-006   1313.31        7.97251        3.82987      -0.990056E+007
  1582.99        85897.6        3352.24       0.215678E-004  0.696136E-006   1314.51        7.96424        3.82590      -0.987808E+007
  1600.00        85897.6        3351.00       0.216322E-004  0.698065E-006   1315.67        7.95601        3.82194      -0.985575E+007
  273.000        87179.6        3650.54       0.210320E-004  0.478941E-006   745.107        9.27947        4.45771      -0.105145E+008
  290.013        87179.6        3649.32       0.219173E-004  0.479699E-006   788.601        9.27805        4.45703      -0.105014E+008
  307.026        87179.6        3647.95       0.227030E-004  0.480505E-006   826.928        9.27635        4.45621      -0.104877E+008
  324.038        87179.6        3646.65       0.234031E-004  0.481322E-006   860.959        9.27452        4.45534      -0.104732E+008
  341.051        87179.6        3645.22       0.240299E-004  0.482175E-006   891.417        9.27249        4.45436      -0.104583E+008
  358.064        87179.6        3643.95       0.245931E-004  0.483017E-006   918.828        9.27041        4.45336      -0.104428E+008
  375.077        87179.6        3642.35       0.251023E-004  0.483935E-006   943.679        9.26794        4.45217      -0.104270E+008
  392.090        87179.6        3641.06       0.255639E-004  0.484812E-006   966.279        9.26557        4.45104      -0.104106E+008
  409.103        87179.6        3639.37       0.259852E-004  0.485776E-006   986.989        9.26277        4.44969      -0.103940E+008
  426.115        87179.6        3637.84       0.263707E-004  0.486726E-006   1006.00        9.25997        4.44835      -0.103770E+008
  443.128        87179.6        3554.08       0.226774E-004  0.605554E-006   1030.59        8.56089        4.11252      -0.103356E+008
  460.141        87179.6        3552.88       0.229369E-004  0.606947E-006   1046.51        8.55575        4.11005      -0.103178E+008
  477.154        87179.6        3551.51       0.231784E-004  0.608384E-006   1061.35        8.55044        4.10750      -0.102999E+008
  494.167        87179.6        3550.23       0.234033E-004  0.609834E-006   1075.20        8.54503        4.10490      -0.102816E+008
  511.179        87179.6        3548.85       0.236146E-004  0.611304E-006   1088.18        8.53959        4.10228      -0.102631E+008
  528.192        87179.6        3547.52       0.238129E-004  0.612789E-006   1100.36        8.53405        4.09962      -0.102444E+008
  545.205        87179.6        3546.09       0.240003E-004  0.614311E-006   1111.83        8.52836        4.09689      -0.102255E+008
  562.218        87179.6        3576.98       0.221782E-004  0.546020E-006   1054.90        8.74300        4.20000      -0.103419E+008
  579.231        87179.6        3576.10       0.223125E-004  0.546921E-006   1064.69        8.73868        4.19793      -0.103241E+008
  596.244        87179.6        3575.29       0.224390E-004  0.547791E-006   1073.96        8.73446        4.19590      -0.103062E+008
  613.256        87179.6        3574.47       0.225594E-004  0.548668E-006   1082.78        8.73021        4.19386      -0.102881E+008
  630.269        87179.6        3573.98       0.226702E-004  0.549375E-006   1091.03        8.72660        4.19212      -0.102700E+008
  647.282        87179.6        3572.98       0.227819E-004  0.550351E-006   1099.12        8.72195        4.18989      -0.102515E+008
  664.295        87179.6        3572.28       0.228856E-004  0.551177E-006   1106.71        8.71787        4.18793      -0.102331E+008
  681.308        87179.6        3571.58       0.229851E-004  0.552002E-006   1113.97        8.71380        4.18597      -0.102145E+008
  698.321        87179.6        3571.01       0.230791E-004  0.552754E-006   1120.84        8.70999        4.18414      -0.101960E+008
  715.333        87179.6        3477.65       0.208815E-004  0.656180E-006   1151.99        8.08647        3.88461      -0.101149E+008
  732.346        87179.6        3477.61       0.209485E-004  0.656861E-006   1157.98        8.08376        3.88331      -0.100962E+008
  749.359        87179.6        3477.56       0.210127E-004  0.657544E-006   1163.69        8.08106        3.88201      -0.100775E+008
  766.372        87179.6        3507.77       0.218397E-004  0.604998E-006   1151.58        8.32886        4.00105      -0.101022E+008
  783.385        87179.6        3506.93       0.219153E-004  0.606281E-006   1157.27        8.32271        3.99810      -0.100827E+008
  800.397        87179.6        3506.33       0.219973E-004  0.607779E-006   1162.65        8.31481        3.99431      -0.100630E+008
  817.410        87179.6        3505.29       0.220592E-004  0.608853E-006   1167.95        8.31041        3.99219      -0.100435E+008
  834.423        87179.6        3504.51       0.221275E-004  0.610137E-006   1172.97        8.30426        3.98924      -0.100238E+008
  851.436        87179.6        3503.74       0.221943E-004  0.611429E-006   1177.79        8.29808        3.98627      -0.100040E+008
  868.449        87179.6        3503.00       0.222587E-004  0.612717E-006   1182.42        8.29192        3.98331      -0.998418E+007
  885.462        87179.6        3386.69       0.249339E-004  0.548749E-006   1229.98        8.92850        4.28911      -0.110566E+008
  902.474        87179.6        3385.30       0.250192E-004  0.549947E-006   1234.75        8.92294        4.28644      -0.110351E+008
  919.487        87179.6        3383.91       0.251034E-004  0.551151E-006   1239.36        8.91736        4.28376      -0.110135E+008
  936.500        87179.6        3382.51       0.251864E-004  0.552362E-006   1243.82        8.91179        4.28108      -0.109919E+008
  953.513        87179.6        3381.09       0.252685E-004  0.553580E-006   1248.13        8.90621        4.27840      -0.109704E+008
  970.526        87179.6        3393.12       0.230738E-004  0.562078E-006   1243.95        8.80975        4.23207      -0.109677E+008
  987.538        87179.6        3391.79       0.231422E-004  0.563228E-006   1248.02        8.80427        4.22944      -0.109465E+008
  1004.55        87179.6        3390.45       0.232101E-004  0.564385E-006   1251.95        8.79878        4.22680      -0.109252E+008
  1021.56        87179.6        3389.11       0.232773E-004  0.565547E-006   1255.77        8.79328        4.22415      -0.109039E+008
  1038.58        87179.6        3387.77       0.233440E-004  0.566716E-006   1259.46        8.78776        4.22150      -0.108825E+008
  1055.59        87179.6        3382.91       0.194027E-004  0.635660E-006   1251.04        8.25844        3.96723      -0.105949E+008
  1072.60        87179.6        3382.44       0.194734E-004  0.637410E-006   1254.15        8.24876        3.96257      -0.105680E+008
  1089.62        87179.6        3381.75       0.195407E-004  0.639112E-006   1257.23        8.23970        3.95822      -0.105429E+008
  1106.63        87179.6        3381.01       0.196071E-004  0.640811E-006   1260.22        8.23076        3.95393      -0.105181E+008
  1123.64        87179.6        3380.47       0.196763E-004  0.642572E-006   1263.05        8.22124        3.94935      -0.104916E+008
  1140.65        87179.6        3380.09       0.197476E-004  0.644386E-006   1265.74        8.21126        3.94456      -0.104636E+008
  1157.67        87179.6        3379.07       0.198100E-004  0.646044E-006   1268.52        8.20304        3.94061      -0.104410E+008
  1174.68        87179.6        3378.32       0.198760E-004  0.647782E-006   1271.13        8.19406        3.93630      -0.104160E+008
  1191.69        87179.6        3377.57       0.199420E-004  0.649529E-006   1273.66        8.18507        3.93198      -0.103910E+008
  1208.71        87179.6        3376.70       0.200063E-004  0.651257E-006   1276.14        8.17638        3.92781      -0.103669E+008
  1225.72        87179.6        3375.95       0.200725E-004  0.653028E-006   1278.50        8.16733        3.92346      -0.103416E+008
  1242.73        87179.6        3375.50       0.201429E-004  0.654888E-006   1280.70        8.15744        3.91871      -0.103138E+008
  1259.74        87179.6        3374.24       0.202018E-004  0.656545E-006   1283.06        8.14978        3.91503      -0.102929E+008
  1276.76        87179.6        3373.34       0.202660E-004  0.658309E-006   1285.24        8.14110        3.91086      -0.102687E+008
  1293.77        87179.6        3372.44       0.203302E-004  0.660082E-006   1287.35        8.13241        3.90668      -0.102446E+008
  1310.78        87179.6        3371.62       0.203958E-004  0.661888E-006   1289.36        8.12347        3.90239      -0.102197E+008
  1327.79        87179.6        3370.55       0.204579E-004  0.663640E-006   1291.38        8.11519        3.89841      -0.101968E+008
  1344.81        87179.6        3369.51       0.205204E-004  0.665410E-006   1293.33        8.10683        3.89440      -0.101737E+008
  1361.82        87179.6        3368.58       0.205849E-004  0.667222E-006   1295.17        8.09811        3.89021      -0.101495E+008
  1378.83        87179.6        3367.56       0.206482E-004  0.669021E-006   1296.98        8.08964        3.88614      -0.101260E+008
  1395.85        87179.6        3366.54       0.207116E-004  0.670830E-006   1298.73        8.08116        3.88206      -0.101026E+008
  1412.86        87179.6        3365.48       0.207748E-004  0.672643E-006   1300.43        8.07273        3.87802      -0.100793E+008
  1429.87        87179.6        3364.43       0.208381E-004  0.674467E-006   1302.07        8.06430        3.87396      -0.100560E+008
  1446.88        87179.6        3363.34       0.209012E-004  0.676295E-006   1303.67        8.05592        3.86994      -0.100329E+008
  1463.90        87179.6        3362.25       0.209645E-004  0.678133E-006   1305.20        8.04753        3.86591      -0.100098E+008
  1480.91        87179.6        3361.13       0.210277E-004  0.679977E-006   1306.69        8.03919        3.86190      -0.998685E+007
  1497.92        87179.6        3360.01       0.210911E-004  0.681832E-006   1308.13        8.03084        3.85789      -0.996388E+007
  1514.94        87179.6        3358.86       0.211543E-004  0.683693E-006   1309.52        8.02253        3.85390      -0.994108E+007
  1531.95        87179.6        3357.72       0.212178E-004  0.685565E-006   1310.85        8.01421        3.84990      -0.991825E+007
  1548.96        87179.6        3356.54       0.212812E-004  0.687443E-006   1312.14        8.00592        3.84592      -0.989557E+007
  1565.97        87179.6        3355.37       0.213449E-004  0.689333E-006   1313.39        7.99762        3.84193      -0.987287E+007
  1582.99        87179.6        3354.17       0.214086E-004  0.691230E-006   1314.58        7.98936        3.83796      -0.985031E+007
  1600.00        87179.6        3352.97       0.214725E-004  0.693139E-006   1315.73        7.98108        3.83399      -0.982773E+007
  273.000        88461.7        3652.82       0.209746E-004  0.477610E-006   744.567        9.28887        4.46223      -0.104796E+008
  290.013        88461.7        3651.56       0.218575E-004  0.478371E-006   788.094        9.28741        4.46153      -0.104665E+008
  307.026        88461.7        3650.25       0.226410E-004  0.479163E-006   826.448        9.28575        4.46073      -0.104528E+008
  324.038        88461.7        3649.05       0.233390E-004  0.479950E-006   860.500        9.28406        4.45992      -0.104383E+008
  341.051        88461.7        3647.55       0.239639E-004  0.480821E-006   890.986        9.28189        4.45887      -0.104234E+008
  358.064        88461.7        3646.30       0.245257E-004  0.481646E-006   918.420        9.27990        4.45792      -0.104080E+008
  375.077        88461.7        3644.80       0.250332E-004  0.482541E-006   943.283        9.27751        4.45677      -0.103921E+008
  392.090        88461.7        3643.35       0.254936E-004  0.483444E-006   965.914        9.27500        4.45557      -0.103758E+008
  409.103        88461.7        3642.02       0.259133E-004  0.484336E-006   986.608        9.27249        4.45436      -0.103591E+008
  426.115        88461.7        3640.26       0.262979E-004  0.485319E-006   1005.66        9.26955        4.45295      -0.103422E+008
  443.128        88461.7        3638.72       0.266513E-004  0.486278E-006   1023.21        9.26664        4.45155      -0.103248E+008
  460.141        88461.7        3555.74       0.228300E-004  0.603804E-006   1046.25        8.57077        4.11727      -0.102821E+008
  477.154        88461.7        3554.53       0.230696E-004  0.605199E-006   1061.08        8.56557        4.11477      -0.102641E+008
  494.167        88461.7        3553.21       0.232935E-004  0.606628E-006   1074.95        8.56024        4.11220      -0.102459E+008
  511.179        88461.7        3551.93       0.235029E-004  0.608074E-006   1087.92        8.55479        4.10959      -0.102274E+008
  528.192        88461.7        3550.63       0.237000E-004  0.609531E-006   1100.10        8.54934        4.10697      -0.102087E+008
  545.205        88461.7        3549.13       0.238863E-004  0.611043E-006   1111.58        8.54364        4.10423      -0.101898E+008
  562.218        88461.7        3579.57       0.220918E-004  0.543784E-006   1054.68        8.75638        4.20643      -0.103066E+008
  579.231        88461.7        3578.73       0.222250E-004  0.544658E-006   1064.46        8.75214        4.20439      -0.102888E+008
  596.244        88461.7        3578.12       0.223486E-004  0.545417E-006   1073.65        8.74833        4.20256      -0.102710E+008
  613.256        88461.7        3577.11       0.224705E-004  0.546386E-006   1082.55        8.74370        4.20034      -0.102528E+008
  630.269        88461.7        3576.56       0.225814E-004  0.547121E-006   1090.84        8.73997        4.19854      -0.102347E+008
  647.282        88461.7        3576.11       0.226861E-004  0.547802E-006   1098.68        8.73644        4.19685      -0.102165E+008
  664.295        88461.7        3575.38       0.227895E-004  0.548634E-006   1106.29        8.73232        4.19487      -0.101981E+008
  681.308        88461.7        3574.85       0.228864E-004  0.549360E-006   1113.47        8.72860        4.19308      -0.101796E+008
  698.321        88461.7        3573.75       0.229864E-004  0.550394E-006   1120.59        8.72369        4.19073      -0.101608E+008
  715.333        88461.7        3573.29       0.230752E-004  0.551089E-006   1127.12        8.72009        4.18900      -0.101421E+008
  732.346        88461.7        3572.90       0.231601E-004  0.551749E-006   1133.35        8.71662        4.18733      -0.101234E+008
  749.359        88461.7        3482.29       0.208339E-004  0.651787E-006   1162.67        8.10977        3.89581      -0.100428E+008
  766.372        88461.7        3482.27       0.208968E-004  0.652481E-006   1168.12        8.10686        3.89441      -0.100240E+008
  783.385        88461.7        3511.25       0.217354E-004  0.601976E-006   1156.43        8.34679        4.00967      -0.100479E+008
  800.397        88461.7        3510.45       0.218077E-004  0.603248E-006   1161.88        8.34060        4.00670      -0.100284E+008
  817.410        88461.7        3509.88       0.218782E-004  0.604574E-006   1167.02        8.33377        4.00342      -0.100088E+008
  834.423        88461.7        3508.88       0.219460E-004  0.605803E-006   1172.13        8.32817        4.00072      -0.998908E+007
  851.436        88461.7        3508.17       0.220112E-004  0.607074E-006   1176.93        8.32197        3.99774      -0.996933E+007
  868.449        88461.7        3507.47       0.220738E-004  0.608331E-006   1181.55        8.31586        3.99481      -0.994953E+007
  885.462        88461.7        3389.03       0.248443E-004  0.546766E-006   1229.80        8.94115        4.29519      -0.110200E+008
  902.474        88461.7        3387.65       0.249291E-004  0.547954E-006   1234.57        8.93560        4.29252      -0.109984E+008
  919.487        88461.7        3386.26       0.250127E-004  0.549149E-006   1239.18        8.93005        4.28986      -0.109769E+008
  936.500        88461.7        3384.86       0.250952E-004  0.550350E-006   1243.64        8.92449        4.28719      -0.109554E+008
  953.513        88461.7        3383.44       0.251767E-004  0.551558E-006   1247.95        8.91894        4.28452      -0.109338E+008
  970.526        88461.7        3395.56       0.229877E-004  0.559973E-006   1243.79        8.82268        4.23828      -0.109308E+008
  987.538        88461.7        3394.23       0.230557E-004  0.561114E-006   1247.85        8.81722        4.23565      -0.109096E+008
  1004.55        88461.7        3392.90       0.231231E-004  0.562260E-006   1251.78        8.81174        4.23302      -0.108883E+008
  1021.56        88461.7        3391.56       0.231898E-004  0.563413E-006   1255.59        8.80625        4.23039      -0.108670E+008
  1038.58        88461.7        3390.22       0.232560E-004  0.564572E-006   1259.29        8.80075        4.22774      -0.108456E+008
  1055.59        88461.7        3388.88       0.233218E-004  0.565738E-006   1262.88        8.79524        4.22510      -0.108241E+008
  1072.60        88461.7        3387.53       0.233870E-004  0.566909E-006   1266.36        8.78971        4.22244      -0.108026E+008
  1089.62        88461.7        3383.00       0.193999E-004  0.634820E-006   1257.50        8.26554        3.97064      -0.105188E+008
  1106.63        88461.7        3382.39       0.194675E-004  0.636532E-006   1260.45        8.25625        3.96617      -0.104930E+008
  1123.64        88461.7        3381.68       0.195333E-004  0.638226E-006   1263.34        8.24725        3.96185      -0.104680E+008
  1140.65        88461.7        3381.23       0.196030E-004  0.640001E-006   1266.05        8.23745        3.95714      -0.104406E+008
  1157.67        88461.7        3380.43       0.196675E-004  0.641693E-006   1268.76        8.22866        3.95292      -0.104162E+008
  1174.68        88461.7        3379.95       0.197365E-004  0.643479E-006   1271.30        8.21895        3.94826      -0.103891E+008
  1191.69        88461.7        3378.75       0.197953E-004  0.645085E-006   1273.96        8.21126        3.94456      -0.103679E+008
  1208.71        88461.7        3378.06       0.198614E-004  0.646839E-006   1276.39        8.20208        3.94015      -0.103423E+008
  1225.72        88461.7        3377.18       0.199248E-004  0.648552E-006   1278.79        8.19343        3.93600      -0.103183E+008
  1242.73        88461.7        3376.57       0.199920E-004  0.650344E-006   1281.04        8.18403        3.93148      -0.102920E+008
  1259.74        88461.7        3375.73       0.200561E-004  0.652090E-006   1283.27        8.17522        3.92725      -0.102674E+008
  1276.76        88461.7        3374.90       0.201203E-004  0.653846E-006   1285.43        8.16640        3.92301      -0.102428E+008
  1293.77        88461.7        3373.96       0.201832E-004  0.655587E-006   1287.55        8.15783        3.91889      -0.102190E+008
  1310.78        88461.7        3372.95       0.202451E-004  0.657317E-006   1289.63        8.14946        3.91487      -0.101959E+008
  1327.79        88461.7        3371.95       0.203072E-004  0.659062E-006   1291.63        8.14103        3.91083      -0.101725E+008
  1344.81        88461.7        3371.26       0.203741E-004  0.660901E-006   1293.46        8.13172        3.90635      -0.101463E+008
  1361.82        88461.7        3370.40       0.204386E-004  0.662705E-006   1295.29        8.12287        3.90210      -0.101216E+008
  1378.83        88461.7        3369.26       0.204992E-004  0.664445E-006   1297.14        8.11478        3.89821      -0.100993E+008
  1395.85        88461.7        3368.23       0.205617E-004  0.666229E-006   1298.89        8.10634        3.89416      -0.100759E+008
  1412.86        88461.7        3367.19       0.206240E-004  0.668018E-006   1300.58        8.09793        3.89012      -0.100527E+008
  1429.87        88461.7        3366.17       0.206871E-004  0.669827E-006   1302.21        8.08942        3.88603      -0.100291E+008
  1446.88        88461.7        3365.13       0.207499E-004  0.671640E-006   1303.79        8.08097        3.88197      -0.100057E+008
  1463.90        88461.7        3364.04       0.208124E-004  0.673453E-006   1305.32        8.07260        3.87795      -0.998255E+007
  1480.91        88461.7        3362.97       0.208752E-004  0.675281E-006   1306.80        8.06419        3.87391      -0.995930E+007
  1497.92        88461.7        3361.86       0.209377E-004  0.677111E-006   1308.23        8.05586        3.86991      -0.993633E+007
  1514.94        88461.7        3360.72       0.210002E-004  0.678946E-006   1309.61        8.04757        3.86593      -0.991352E+007
  1531.95        88461.7        3359.61       0.210633E-004  0.680802E-006   1310.94        8.03918        3.86190      -0.989039E+007
  1548.96        88461.7        3358.48       0.211263E-004  0.682662E-006   1312.22        8.03084        3.85789      -0.986746E+007
  1565.97        88461.7        3357.32       0.211892E-004  0.684527E-006   1313.45        8.02256        3.85391      -0.984471E+007
  1582.99        88461.7        3356.16       0.212523E-004  0.686405E-006   1314.64        8.01425        3.84992      -0.982191E+007
  1600.00        88461.7        3354.97       0.213155E-004  0.688289E-006   1315.78        8.00598        3.84595      -0.979927E+007
  273.000        89743.7        3655.10       0.209176E-004  0.476287E-006   744.031        9.29824        4.46673      -0.104447E+008
  290.013        89743.7        3654.01       0.217978E-004  0.477008E-006   787.575        9.29695        4.46611      -0.104316E+008
  307.026        89743.7        3652.57       0.225793E-004  0.477822E-006   825.969        9.29517        4.46526      -0.104179E+008
  324.038        89743.7        3651.33       0.232754E-004  0.478615E-006   860.049        9.29342        4.46441      -0.104035E+008
  341.051        89743.7        3649.89       0.238986E-004  0.479460E-006   890.556        9.29138        4.46343      -0.103886E+008
  358.064        89743.7        3648.72       0.244586E-004  0.480273E-006   918.005        9.28940        4.46249      -0.103731E+008
  375.077        89743.7        3647.10       0.249648E-004  0.481185E-006   942.899        9.28692        4.46129      -0.103573E+008
  392.090        89743.7        3645.66       0.254238E-004  0.482080E-006   965.546        9.28444        4.46010      -0.103410E+008
  409.103        89743.7        3644.20       0.258424E-004  0.482988E-006   986.268        9.28186        4.45886      -0.103243E+008
  426.115        89743.7        3642.75       0.262255E-004  0.483910E-006   1005.30        9.27914        4.45756      -0.103073E+008
  443.128        89743.7        3641.18       0.265779E-004  0.484865E-006   1022.88        9.27624        4.45616      -0.102900E+008
  460.141        89743.7        3639.62       0.269032E-004  0.485832E-006   1039.14        9.27323        4.45471      -0.102724E+008
  477.154        89743.7        3557.42       0.229626E-004  0.602073E-006   1060.83        8.58058        4.12198      -0.102285E+008
  494.167        89743.7        3556.18       0.231850E-004  0.603472E-006   1074.69        8.57531        4.11945      -0.102102E+008
  511.179        89743.7        3554.85       0.233933E-004  0.604902E-006   1087.68        8.56991        4.11685      -0.101918E+008
  528.192        89743.7        3553.70       0.235888E-004  0.606320E-006   1099.85        8.56454        4.11427      -0.101730E+008
  545.205        89743.7        3552.18       0.237739E-004  0.607814E-006   1111.34        8.55888        4.11155      -0.101542E+008
  562.218        89743.7        3550.82       0.239489E-004  0.609301E-006   1122.15        8.55324        4.10884      -0.101350E+008
  579.231        89743.7        3581.30       0.221388E-004  0.542442E-006   1064.25        8.76545        4.21079      -0.102535E+008
  596.244        89743.7        3580.52       0.222637E-004  0.543282E-006   1073.51        8.76131        4.20880      -0.102356E+008
  613.256        89743.7        3579.74       0.223825E-004  0.544129E-006   1082.33        8.75714        4.20679      -0.102175E+008
  630.269        89743.7        3579.29       0.224918E-004  0.544809E-006   1090.57        8.75360        4.20509      -0.101995E+008
  647.282        89743.7        3578.33       0.226019E-004  0.545751E-006   1098.65        8.74904        4.20290      -0.101811E+008
  664.295        89743.7        3578.17       0.226981E-004  0.546277E-006   1106.00        8.74609        4.20148      -0.101629E+008
  681.308        89743.7        3577.00       0.228020E-004  0.547338E-006   1113.47        8.74106        4.19907      -0.101441E+008
  698.321        89743.7        3577.16       0.228866E-004  0.547704E-006   1120.03        8.73872        4.19794      -0.101260E+008
  715.333        89743.7        3576.05       0.229826E-004  0.548734E-006   1126.86        8.73380        4.19558      -0.101070E+008
  732.346        89743.7        3576.11       0.230616E-004  0.549150E-006   1132.89        8.73126        4.19436      -0.100886E+008
  749.359        89743.7        3575.38       0.231472E-004  0.549982E-006   1139.00        8.72710        4.19236      -0.100696E+008
  766.372        89743.7        3575.16       0.232241E-004  0.550549E-006   1144.65        8.72398        4.19086      -0.100509E+008
  783.385        89743.7        3589.47       0.236821E-004  0.524586E-006   1141.19        8.86191        4.25712      -0.100545E+008
  800.397        89743.7        3514.75       0.216303E-004  0.598998E-006   1161.05        8.36449        4.01817      -0.999367E+007
  817.410        89743.7        3514.00       0.216992E-004  0.600254E-006   1166.27        8.35827        4.01518      -0.997408E+007
  834.423        89743.7        3513.30       0.217663E-004  0.601526E-006   1171.27        8.35191        4.01213      -0.995441E+007
  851.436        89743.7        3512.58       0.218298E-004  0.602761E-006   1176.08        8.34586        4.00922      -0.993470E+007
  868.449        89743.7        3511.92       0.218918E-004  0.604011E-006   1180.69        8.33967        4.00625      -0.991491E+007
  885.462        89743.7        3391.37       0.247555E-004  0.544799E-006   1229.62        8.95376        4.30125      -0.109834E+008
  902.474        89743.7        3389.98       0.248396E-004  0.545977E-006   1234.39        8.94824        4.29860      -0.109619E+008
  919.487        89743.7        3388.60       0.249227E-004  0.547162E-006   1239.00        8.94270        4.29594      -0.109404E+008
  936.500        89743.7        3387.20       0.250047E-004  0.548354E-006   1243.46        8.93716        4.29327      -0.109188E+008
  953.513        89743.7        3385.79       0.250857E-004  0.549552E-006   1247.77        8.93162        4.29061      -0.108973E+008
  970.526        89743.7        3398.00       0.229023E-004  0.557885E-006   1243.62        8.83556        4.24447      -0.108939E+008
  987.538        89743.7        3396.67       0.229699E-004  0.559016E-006   1247.68        8.83012        4.24185      -0.108727E+008
  1004.55        89743.7        3395.34       0.230368E-004  0.560153E-006   1251.61        8.82466        4.23923      -0.108514E+008
  1021.56        89743.7        3394.01       0.231031E-004  0.561297E-006   1255.42        8.81919        4.23660      -0.108301E+008
  1038.58        89743.7        3392.67       0.231688E-004  0.562447E-006   1259.12        8.81371        4.23397      -0.108087E+008
  1055.59        89743.7        3391.33       0.232341E-004  0.563602E-006   1262.70        8.80821        4.23133      -0.107872E+008
  1072.60        89743.7        3389.99       0.232989E-004  0.564764E-006   1266.18        8.80270        4.22868      -0.107657E+008
  1089.62        89743.7        3388.65       0.233633E-004  0.565932E-006   1269.56        8.79718        4.22603      -0.107442E+008
  1106.63        89743.7        3387.30       0.234273E-004  0.567106E-006   1272.83        8.79164        4.22337      -0.107225E+008
  1123.64        89743.7        3383.08       0.193951E-004  0.633985E-006   1263.56        8.27261        3.97403      -0.104426E+008
  1140.65        89743.7        3382.46       0.194614E-004  0.635692E-006   1266.32        8.26335        3.96959      -0.104168E+008
  1157.67        89743.7        3381.76       0.195265E-004  0.637388E-006   1269.02        8.25430        3.96524      -0.103916E+008
  1174.68        89743.7        3381.05       0.195914E-004  0.639092E-006   1271.62        8.24526        3.96089      -0.103664E+008
  1191.69        89743.7        3380.34       0.196563E-004  0.640805E-006   1274.14        8.23621        3.95655      -0.103412E+008
  1208.71        89743.7        3379.50       0.197194E-004  0.642494E-006   1276.61        8.22751        3.95237      -0.103170E+008
  1225.72        89743.7        3378.82       0.197847E-004  0.644236E-006   1278.96        8.21834        3.94796      -0.102913E+008
  1242.73        89743.7        3378.25       0.198518E-004  0.646019E-006   1281.19        8.20882        3.94339      -0.102646E+008
  1259.74        89743.7        3377.20       0.199120E-004  0.647684E-006   1283.49        8.20065        3.93947      -0.102420E+008
  1276.76        89743.7        3376.35       0.199751E-004  0.649412E-006   1285.66        8.19190        3.93526      -0.102176E+008
  1293.77        89743.7        3375.50       0.200383E-004  0.651150E-006   1287.75        8.18315        3.93106      -0.101932E+008
  1310.78        89743.7        3374.75       0.201031E-004  0.652927E-006   1289.74        8.17408        3.92670      -0.101678E+008
  1327.79        89743.7        3373.71       0.201639E-004  0.654637E-006   1291.76        8.16580        3.92272      -0.101448E+008
  1344.81        89743.7        3372.71       0.202254E-004  0.656371E-006   1293.69        8.15737        3.91867      -0.101214E+008
  1361.82        89743.7        3371.84       0.202888E-004  0.658147E-006   1295.52        8.14859        3.91445      -0.100969E+008
  1378.83        89743.7        3370.87       0.203511E-004  0.659909E-006   1297.31        8.14005        3.91035      -0.100731E+008
  1395.85        89743.7        3369.90       0.204134E-004  0.661681E-006   1299.04        8.13150        3.90625      -0.100493E+008
  1412.86        89743.7        3368.90       0.204755E-004  0.663456E-006   1300.73        8.12302        3.90217      -0.100258E+008
  1429.87        89743.7        3367.89       0.205377E-004  0.665241E-006   1302.35        8.11453        3.89809      -0.100022E+008
  1446.88        89743.7        3366.86       0.205998E-004  0.667030E-006   1303.93        8.10609        3.89404      -0.997876E+007
  1463.90        89743.7        3365.82       0.206620E-004  0.668829E-006   1305.45        8.09765        3.88999      -0.995533E+007
  1480.91        89743.7        3364.75       0.207240E-004  0.670633E-006   1306.92        8.08926        3.88595      -0.993208E+007
  1497.92        89743.7        3363.68       0.207862E-004  0.672447E-006   1308.33        8.08085        3.88192      -0.990880E+007
  1514.94        89743.7        3362.59       0.208483E-004  0.674267E-006   1309.71        8.07250        3.87790      -0.988569E+007
  1531.95        89743.7        3361.49       0.209106E-004  0.676097E-006   1311.02        8.06413        3.87388      -0.986256E+007
  1548.96        89743.7        3360.37       0.209729E-004  0.677933E-006   1312.30        8.05580        3.86988      -0.983958E+007
  1565.97        89743.7        3359.25       0.210353E-004  0.679780E-006   1313.52        8.04746        3.86588      -0.981658E+007
  1582.99        89743.7        3358.10       0.210977E-004  0.681634E-006   1314.70        8.03916        3.86189      -0.979372E+007
  1600.00        89743.7        3356.95       0.211604E-004  0.683498E-006   1315.83        8.03084        3.85789      -0.977084E+007
  273.000        91025.7        3657.39       0.208609E-004  0.474968E-006   743.494        9.30760        4.47123      -0.104098E+008
  290.013        91025.7        3656.24       0.217388E-004  0.475698E-006   787.072        9.30625        4.47058      -0.103967E+008
  307.026        91025.7        3654.88       0.225180E-004  0.476491E-006   825.488        9.30455        4.46976      -0.103830E+008
  324.038        91025.7        3653.64       0.232122E-004  0.477279E-006   859.597        9.30282        4.46893      -0.103686E+008
  341.051        91025.7        3652.26       0.238334E-004  0.478114E-006   890.123        9.30078        4.46795      -0.103537E+008
  358.064        91025.7        3650.94       0.243921E-004  0.478946E-006   917.608        9.29872        4.46696      -0.103383E+008
  375.077        91025.7        3649.53       0.248966E-004  0.479812E-006   942.502        9.29642        4.46586      -0.103224E+008
  392.090        91025.7        3648.13       0.253543E-004  0.480694E-006   965.164        9.29397        4.46468      -0.103061E+008
  409.103        91025.7        3646.69       0.257714E-004  0.481600E-006   985.899        9.29136        4.46342      -0.102894E+008
  426.115        91025.7        3645.38       0.261536E-004  0.482478E-006   1004.94        9.28887        4.46223      -0.102725E+008
  443.128        91025.7        3643.84       0.265048E-004  0.483424E-006   1022.52        9.28598        4.46084      -0.102551E+008
  460.141        91025.7        3642.12       0.268292E-004  0.484414E-006   1038.82        9.28285        4.45934      -0.102376E+008
  477.154        91025.7        3640.56       0.271299E-004  0.485388E-006   1053.94        9.27975        4.45785      -0.102197E+008
  494.167        91025.7        3559.14       0.230778E-004  0.600359E-006   1074.44        8.59030        4.12665      -0.101746E+008
  511.179        91025.7        3558.10       0.232844E-004  0.601723E-006   1087.41        8.58511        4.12416      -0.101560E+008
  528.192        91025.7        3556.65       0.234790E-004  0.603177E-006   1099.61        8.57955        4.12148      -0.101373E+008
  545.205        91025.7        3555.46       0.236625E-004  0.604594E-006   1111.07        8.57416        4.11890      -0.101184E+008
  562.218        91025.7        3553.90       0.238367E-004  0.606091E-006   1121.90        8.56844        4.11615      -0.100994E+008
  579.231        91025.7        3552.53       0.240018E-004  0.607575E-006   1132.11        8.56277        4.11342      -0.100801E+008
  596.244        91025.7        3583.11       0.221776E-004  0.541075E-006   1073.30        8.77461        4.21519      -0.102003E+008
  613.256        91025.7        3582.77       0.222908E-004  0.541690E-006   1081.93        8.77132        4.21360      -0.101825E+008
  630.269        91025.7        3581.99       0.224032E-004  0.542528E-006   1090.31        8.76714        4.21160      -0.101643E+008
  647.282        91025.7        3581.47       0.225078E-004  0.543243E-006   1098.20        8.76345        4.20983      -0.101461E+008
  664.295        91025.7        3580.41       0.226139E-004  0.544230E-006   1105.96        8.75869        4.20754      -0.101275E+008
  681.308        91025.7        3580.13       0.227069E-004  0.544820E-006   1113.03        8.75547        4.20599      -0.101092E+008
  698.321        91025.7        3579.25       0.228032E-004  0.545726E-006   1120.06        8.75101        4.20385      -0.100905E+008
  715.333        91025.7        3578.83       0.228906E-004  0.546388E-006   1126.58        8.74750        4.20216      -0.100719E+008
  732.346        91025.7        3578.49       0.229741E-004  0.547015E-006   1132.79        8.74413        4.20055      -0.100533E+008
  749.359        91025.7        3579.18       0.230422E-004  0.547091E-006   1138.27        8.74290        4.19995      -0.100352E+008
  766.372        91025.7        3578.00       0.231302E-004  0.548162E-006   1144.35        8.73780        4.19750      -0.100158E+008
  783.385        91025.7        3577.88       0.232030E-004  0.548668E-006   1149.72        8.73489        4.19611      -0.999709E+007
  800.397        91025.7        3591.74       0.236576E-004  0.523627E-006   1146.31        8.86864        4.26036      -0.100004E+008
  817.410        91025.7        3591.27       0.237195E-004  0.524536E-006   1151.52        8.86347        4.25788      -0.998119E+007
  834.423        91025.7        3517.62       0.215890E-004  0.597292E-006   1170.45        8.37575        4.02358      -0.991978E+007
  851.436        91025.7        3516.96       0.216520E-004  0.598525E-006   1175.24        8.36953        4.02059      -0.990008E+007
  868.449        91025.7        3516.33       0.217126E-004  0.599754E-006   1179.84        8.36333        4.01762      -0.988033E+007
  885.462        91025.7        3393.70       0.246673E-004  0.542847E-006   1229.45        8.96633        4.30728      -0.109467E+008
  902.474        91025.7        3392.32       0.247510E-004  0.544016E-006   1234.22        8.96082        4.30464      -0.109253E+008
  919.487        91025.7        3390.93       0.248335E-004  0.545192E-006   1238.83        8.95531        4.30199      -0.109038E+008
  936.500        91025.7        3389.54       0.249149E-004  0.546374E-006   1243.28        8.94979        4.29934      -0.108823E+008
  953.513        91025.7        3388.13       0.249954E-004  0.547563E-006   1247.59        8.94426        4.29669      -0.108607E+008
  970.526        91025.7        3400.42       0.228176E-004  0.555814E-006   1243.46        8.84841        4.25064      -0.108570E+008
  987.538        91025.7        3399.10       0.228847E-004  0.556936E-006   1247.51        8.84298        4.24803      -0.108358E+008
  1004.55        91025.7        3397.78       0.229512E-004  0.558064E-006   1251.44        8.83754        4.24542      -0.108145E+008
  1021.56        91025.7        3396.45       0.230170E-004  0.559198E-006   1255.25        8.83209        4.24280      -0.107932E+008
  1038.58        91025.7        3395.12       0.230823E-004  0.560338E-006   1258.95        8.82662        4.24017      -0.107718E+008
  1055.59        91025.7        3393.78       0.231471E-004  0.561485E-006   1262.53        8.82114        4.23754      -0.107504E+008
  1072.60        91025.7        3392.44       0.232115E-004  0.562637E-006   1266.00        8.81564        4.23490      -0.107289E+008
  1089.62        91025.7        3391.10       0.232754E-004  0.563795E-006   1269.38        8.81014        4.23225      -0.107073E+008
  1106.63        91025.7        3389.76       0.233390E-004  0.564960E-006   1272.65        8.80462        4.22960      -0.106857E+008
  1123.64        91025.7        3388.41       0.234023E-004  0.566130E-006   1275.83        8.79909        4.22695      -0.106640E+008
  1140.65        91025.7        3387.06       0.234652E-004  0.567307E-006   1278.92        8.79355        4.22429      -0.106423E+008
  1157.67        91025.7        3383.17       0.193883E-004  0.633155E-006   1269.24        8.27966        3.97742      -0.103661E+008
  1174.68        91025.7        3382.49       0.194529E-004  0.634844E-006   1271.84        8.27057        3.97305      -0.103407E+008
  1191.69        91025.7        3381.72       0.195162E-004  0.636521E-006   1274.38        8.26170        3.96879      -0.103160E+008
  1208.71        91025.7        3381.00       0.195801E-004  0.638219E-006   1276.82        8.25270        3.96447      -0.102909E+008
  1225.72        91025.7        3380.18       0.196426E-004  0.639902E-006   1279.20        8.24394        3.96026      -0.102665E+008
  1242.73        91025.7        3379.68       0.197099E-004  0.641681E-006   1281.41        8.23425        3.95560      -0.102393E+008
  1259.74        91025.7        3378.97       0.197741E-004  0.643413E-006   1283.61        8.22516        3.95124      -0.102138E+008
  1276.76        91025.7        3377.96       0.198341E-004  0.645075E-006   1285.83        8.21691        3.94727      -0.101909E+008
  1293.77        91025.7        3377.09       0.198962E-004  0.646786E-006   1287.93        8.20822        3.94310      -0.101666E+008
  1310.78        91025.7        3376.11       0.199569E-004  0.648479E-006   1289.99        8.19983        3.93907      -0.101433E+008
  1327.79        91025.7        3375.16       0.200180E-004  0.650189E-006   1291.97        8.19133        3.93499      -0.101196E+008
  1344.81        91025.7        3374.50       0.200835E-004  0.651986E-006   1293.81        8.18202        3.93051      -0.100934E+008
  1361.82        91025.7        3373.69       0.201469E-004  0.653754E-006   1295.62        8.17310        3.92623      -0.100684E+008
  1378.83        91025.7        3372.60       0.202066E-004  0.655460E-006   1297.45        8.16493        3.92231      -0.100458E+008
  1395.85        91025.7        3371.63       0.202680E-004  0.657206E-006   1299.18        8.15643        3.91822      -0.100221E+008
  1412.86        91025.7        3370.63       0.203293E-004  0.658958E-006   1300.86        8.14797        3.91416      -0.999850E+007
  1429.87        91025.7        3369.66       0.203912E-004  0.660728E-006   1302.47        8.13941        3.91005      -0.997465E+007
  1446.88        91025.7        3368.67       0.204530E-004  0.662503E-006   1304.03        8.13090        3.90596      -0.995093E+007
  1463.90        91025.7        3367.64       0.205143E-004  0.664278E-006   1305.55        8.12249        3.90192      -0.992754E+007
  1480.91        91025.7        3366.61       0.205760E-004  0.666066E-006   1307.01        8.11403        3.89785      -0.990400E+007
  1497.92        91025.7        3365.55       0.206374E-004  0.667856E-006   1308.42        8.10565        3.89383      -0.988075E+007
  1514.94        91025.7        3364.46       0.206987E-004  0.669651E-006   1309.79        8.09732        3.88983      -0.985764E+007
  1531.95        91025.7        3363.40       0.207606E-004  0.671465E-006   1311.10        8.08889        3.88578      -0.983424E+007
  1548.96        91025.7        3362.32       0.208225E-004  0.673284E-006   1312.36        8.08051        3.88175      -0.981101E+007
  1565.97        91025.7        3361.20       0.208841E-004  0.675106E-006   1313.58        8.07219        3.87775      -0.978800E+007
  1582.99        91025.7        3360.09       0.209461E-004  0.676941E-006   1314.75        8.06384        3.87374      -0.976490E+007
  1600.00        91025.7        3358.96       0.210080E-004  0.678781E-006   1315.87        8.05554        3.86975      -0.974199E+007
  273.000        92307.8        3659.67       0.208046E-004  0.473659E-006   742.961        9.31694        4.47571      -0.103750E+008
  290.013        92307.8        3658.68       0.216799E-004  0.474354E-006   786.550        9.31573        4.47513      -0.103619E+008
  307.026        92307.8        3657.21       0.224571E-004  0.475164E-006   825.010        9.31394        4.47427      -0.103482E+008
  324.038        92307.8        3656.07       0.231492E-004  0.475927E-006   859.135        9.31229        4.47348      -0.103338E+008
  341.051        92307.8        3654.61       0.237689E-004  0.476769E-006   889.696        9.31022        4.47249      -0.103189E+008
  358.064        92307.8        3653.54       0.243257E-004  0.477552E-006   917.176        9.30835        4.47159      -0.103034E+008
  375.077        92307.8        3651.90       0.248290E-004  0.478458E-006   942.114        9.30585        4.47039      -0.102876E+008
  392.090        92307.8        3650.50       0.252853E-004  0.479333E-006   964.794        9.30343        4.46922      -0.102713E+008
  409.103        92307.8        3649.08       0.257014E-004  0.480222E-006   985.546        9.30090        4.46801      -0.102547E+008
  426.115        92307.8        3647.59       0.260820E-004  0.481149E-006   1004.61        9.29809        4.46666      -0.102377E+008
  443.128        92307.8        3646.15       0.264324E-004  0.482058E-006   1022.20        9.29541        4.46537      -0.102204E+008
  460.141        92307.8        3644.95       0.267557E-004  0.482942E-006   1038.46        9.29275        4.46409      -0.102027E+008
  477.154        92307.8        3643.11       0.270555E-004  0.483964E-006   1053.62        9.28941        4.46249      -0.101849E+008
  494.167        92307.8        3641.53       0.273345E-004  0.484945E-006   1067.72        9.28622        4.46096      -0.101668E+008
  511.179        92307.8        3560.89       0.231776E-004  0.598660E-006   1087.18        8.59996        4.13129      -0.101205E+008
  528.192        92307.8        3559.85       0.233706E-004  0.600024E-006   1099.35        8.59472        4.12877      -0.101017E+008
  545.205        92307.8        3558.32       0.235533E-004  0.601482E-006   1110.84        8.58912        4.12608      -0.100829E+008
  562.218        92307.8        3557.07       0.237258E-004  0.602913E-006   1121.65        8.58361        4.12343      -0.100638E+008
  579.231        92307.8        3555.65       0.238900E-004  0.604382E-006   1131.87        8.57796        4.12072      -0.100445E+008
  596.244        92307.8        3554.28       0.240462E-004  0.605862E-006   1141.52        8.57225        4.11798      -0.100251E+008
  613.256        92307.8        3584.99       0.222089E-004  0.539680E-006   1081.87        8.78386        4.21963      -0.101471E+008
  630.269        92307.8        3584.35       0.223193E-004  0.540443E-006   1090.21        8.77996        4.21776      -0.101290E+008
  647.282        92307.8        3583.66       0.224253E-004  0.541240E-006   1098.17        8.77593        4.21582      -0.101107E+008
  664.295        92307.8        3583.40       0.225218E-004  0.541815E-006   1105.58        8.77276        4.21430      -0.100925E+008
  681.308        92307.8        3582.41       0.226225E-004  0.542764E-006   1112.97        8.76812        4.21207      -0.100739E+008
  698.321        92307.8        3581.99       0.227130E-004  0.543427E-006   1119.79        8.76460        4.21038      -0.100554E+008
  715.333        92307.8        3581.56       0.228002E-004  0.544092E-006   1126.32        8.76106        4.20868      -0.100368E+008
  732.346        92307.8        3581.28       0.228824E-004  0.544680E-006   1132.50        8.75782        4.20712      -0.100182E+008
  749.359        92307.8        3581.00       0.229618E-004  0.545269E-006   1138.42        8.75458        4.20556      -0.999956E+007
  766.372        92307.8        3581.61       0.230280E-004  0.545391E-006   1143.70        8.75316        4.20488      -0.998134E+007
  783.385        92307.8        3580.75       0.231093E-004  0.546284E-006   1149.40        8.74873        4.20275      -0.996214E+007
  800.397        92307.8        3580.75       0.231781E-004  0.546726E-006   1154.51        8.74606        4.20147      -0.994339E+007
  817.410        92307.8        3594.14       0.236278E-004  0.522649E-006   1151.18        8.87535        4.26358      -0.994637E+007
  834.423        92307.8        3593.75       0.236854E-004  0.523540E-006   1156.17        8.87019        4.26110      -0.992708E+007
  851.436        92307.8        3593.41       0.237400E-004  0.524426E-006   1160.96        8.86500        4.25861      -0.990773E+007
  868.449        92307.8        3520.72       0.215361E-004  0.595560E-006   1179.00        8.38687        4.02892      -0.984578E+007
  885.462        92307.8        3396.03       0.245799E-004  0.540911E-006   1229.27        8.97886        4.31330      -0.109101E+008
  902.474        92307.8        3394.65       0.246629E-004  0.542070E-006   1234.04        8.97338        4.31067      -0.108887E+008
  919.487        92307.8        3393.26       0.247449E-004  0.543237E-006   1238.65        8.96788        4.30803      -0.108673E+008
  936.500        92307.8        3391.88       0.248259E-004  0.544410E-006   1243.10        8.96237        4.30538      -0.108457E+008
  953.513        92307.8        3390.47       0.249058E-004  0.545590E-006   1247.41        8.95687        4.30274      -0.108242E+008
  970.526        92307.8        3402.84       0.227336E-004  0.553759E-006   1243.29        8.86122        4.25679      -0.108201E+008
  987.538        92307.8        3401.52       0.228003E-004  0.554872E-006   1247.35        8.85581        4.25419      -0.107989E+008
  1004.55        92307.8        3400.20       0.228663E-004  0.555991E-006   1251.28        8.85038        4.25159      -0.107777E+008
  1021.56        92307.8        3398.88       0.229317E-004  0.557116E-006   1255.08        8.84494        4.24897      -0.107564E+008
  1038.58        92307.8        3397.55       0.229965E-004  0.558247E-006   1258.78        8.83949        4.24636      -0.107350E+008
  1055.59        92307.8        3396.22       0.230609E-004  0.559384E-006   1262.36        8.83403        4.24373      -0.107135E+008
  1072.60        92307.8        3394.89       0.231248E-004  0.560527E-006   1265.83        8.82855        4.24110      -0.106920E+008
  1089.62        92307.8        3393.55       0.231883E-004  0.561676E-006   1269.20        8.82306        4.23846      -0.106705E+008
  1106.63        92307.8        3392.21       0.232514E-004  0.562831E-006   1272.47        8.81756        4.23582      -0.106489E+008
  1123.64        92307.8        3390.87       0.233142E-004  0.563992E-006   1275.65        8.81205        4.23317      -0.106272E+008
  1140.65        92307.8        3389.52       0.233767E-004  0.565159E-006   1278.74        8.80653        4.23052      -0.106054E+008
  1157.67        92307.8        3388.17       0.234389E-004  0.566332E-006   1281.74        8.80100        4.22786      -0.105837E+008
  1174.68        92307.8        3386.82       0.235009E-004  0.567511E-006   1284.65        8.79545        4.22520      -0.105618E+008
  1191.69        92307.8        3383.26       0.193800E-004  0.632331E-006   1274.56        8.28667        3.98079      -0.102894E+008
  1208.71        92307.8        3382.59       0.194440E-004  0.634023E-006   1276.99        8.27753        3.97639      -0.102638E+008
  1225.72        92307.8        3381.81       0.195063E-004  0.635693E-006   1279.36        8.26870        3.97216      -0.102392E+008
  1242.73        92307.8        3381.16       0.195704E-004  0.637409E-006   1281.62        8.25949        3.96773      -0.102134E+008
  1259.74        92307.8        3380.28       0.196314E-004  0.639072E-006   1283.87        8.25092        3.96361      -0.101895E+008
  1276.76        92307.8        3379.47       0.196934E-004  0.640766E-006   1286.03        8.24211        3.95938      -0.101648E+008
  1293.77        92307.8        3378.66       0.197555E-004  0.642469E-006   1288.11        8.23330        3.95515      -0.101402E+008
  1310.78        92307.8        3377.74       0.198163E-004  0.644155E-006   1290.15        8.22476        3.95105      -0.101163E+008
  1327.79        92307.8        3376.96       0.198790E-004  0.645885E-006   1292.09        8.21585        3.94677      -0.100913E+008
  1344.81        92307.8        3376.14       0.199414E-004  0.647618E-006   1293.97        8.20699        3.94251      -0.100665E+008
  1361.82        92307.8        3375.18       0.200018E-004  0.649323E-006   1295.82        8.19853        3.93845      -0.100429E+008
  1378.83        92307.8        3374.26       0.200629E-004  0.651048E-006   1297.60        8.18995        3.93432      -0.100189E+008
  1395.85        92307.8        3373.33       0.201242E-004  0.652783E-006   1299.32        8.18135        3.93019      -0.999485E+007
  1412.86        92307.8        3372.37       0.201852E-004  0.654521E-006   1300.99        8.17282        3.92609      -0.997101E+007
  1429.87        92307.8        3371.41       0.202464E-004  0.656268E-006   1302.60        8.16428        3.92199      -0.994715E+007
  1446.88        92307.8        3370.42       0.203073E-004  0.658019E-006   1304.16        8.15580        3.91792      -0.992348E+007
  1463.90        92307.8        3369.43       0.203683E-004  0.659780E-006   1305.66        8.14730        3.91384      -0.989978E+007
  1480.91        92307.8        3368.41       0.204293E-004  0.661545E-006   1307.12        8.13887        3.90979      -0.987626E+007
  1497.92        92307.8        3367.39       0.204903E-004  0.663319E-006   1308.52        8.13042        3.90573      -0.985272E+007
  1514.94        92307.8        3366.34       0.205513E-004  0.665099E-006   1309.87        8.12203        3.90169      -0.982935E+007
  1531.95        92307.8        3365.29       0.206124E-004  0.666889E-006   1311.18        8.11362        3.89766      -0.980595E+007
  1548.96        92307.8        3364.22       0.206735E-004  0.668684E-006   1312.44        8.10525        3.89364      -0.978270E+007
  1565.97        92307.8        3363.14       0.207348E-004  0.670489E-006   1313.64        8.09688        3.88961      -0.975943E+007
  1582.99        92307.8        3362.04       0.207960E-004  0.672300E-006   1314.81        8.08854        3.88561      -0.973631E+007
  1600.00        92307.8        3360.94       0.208574E-004  0.674122E-006   1315.92        8.08019        3.88160      -0.971317E+007
  273.000        93589.8        3661.98       0.207486E-004  0.472352E-006   742.419        9.32628        4.48020      -0.103401E+008
  290.013        93589.8        3660.90       0.216216E-004  0.473062E-006   786.059        9.32499        4.47958      -0.103271E+008
  307.026        93589.8        3659.55       0.223966E-004  0.473842E-006   824.528        9.32331        4.47877      -0.103133E+008
  324.038        93589.8        3658.41       0.230868E-004  0.474602E-006   858.687        9.32167        4.47798      -0.102990E+008
  341.051        93589.8        3656.99       0.237046E-004  0.475434E-006   889.262        9.31961        4.47699      -0.102841E+008
  358.064        93589.8        3655.75       0.242600E-004  0.476241E-006   916.784        9.31762        4.47604      -0.102686E+008
  375.077        93589.8        3654.34       0.247617E-004  0.477098E-006   941.720        9.31533        4.47494      -0.102528E+008
  392.090        93589.8        3652.99       0.252167E-004  0.477960E-006   964.415        9.31294        4.47379      -0.102365E+008
  409.103        93589.8        3651.46       0.256313E-004  0.478874E-006   985.186        9.31023        4.47249      -0.102199E+008
  426.115        93589.8        3650.19       0.260112E-004  0.479733E-006   1004.26        9.30781        4.47133      -0.102029E+008
  443.128        93589.8        3648.87       0.263603E-004  0.480623E-006   1021.85        9.30515        4.47005      -0.101856E+008
  460.141        93589.8        3647.22       0.266827E-004  0.481590E-006   1038.15        9.30209        4.46858      -0.101680E+008
  477.154        93589.8        3645.69       0.269816E-004  0.482541E-006   1053.30        9.29907        4.46713      -0.101501E+008
  494.167        93589.8        3644.13       0.272597E-004  0.483512E-006   1067.41        9.29591        4.46561      -0.101320E+008
  511.179        93589.8        3642.54       0.275196E-004  0.484499E-006   1080.60        9.29264        4.46404      -0.101136E+008
  528.192        93589.8        3562.69       0.232639E-004  0.596975E-006   1099.12        8.60956        4.13590      -0.100662E+008
  545.205        93589.8        3561.67       0.234447E-004  0.598332E-006   1110.57        8.60431        4.13338      -0.100472E+008
  562.218        93589.8        3560.29       0.236164E-004  0.599761E-006   1121.39        8.59877        4.13072      -0.100282E+008
  579.231        93589.8        3559.09       0.237792E-004  0.601176E-006   1131.59        8.59330        4.12809      -0.100089E+008
  596.244        93589.8        3557.44       0.239347E-004  0.602685E-006   1141.28        8.58742        4.12527      -0.998951E+007
  613.256        93589.8        3587.61       0.221234E-004  0.537487E-006   1081.65        8.79715        4.22601      -0.101119E+008
  630.269        93589.8        3586.95       0.222335E-004  0.538258E-006   1089.99        8.79321        4.22412      -0.100938E+008
  647.282        93589.8        3586.97       0.223309E-004  0.538686E-006   1097.64        8.79060        4.22287      -0.100759E+008
  664.295        93589.8        3585.94       0.224356E-004  0.539646E-006   1105.39        8.78590        4.22061      -0.100573E+008
  681.308        93589.8        3585.27       0.225321E-004  0.540429E-006   1112.64        8.78190        4.21869      -0.100389E+008
  698.321        93589.8        3584.73       0.226236E-004  0.541150E-006   1119.52        8.77813        4.21688      -0.100203E+008
  715.333        93589.8        3584.31       0.227102E-004  0.541802E-006   1126.04        8.77462        4.21519      -0.100018E+008
  732.346        93589.8        3584.03       0.227921E-004  0.542391E-006   1132.23        8.77137        4.21363      -0.998321E+007
  749.359        93589.8        3584.59       0.228614E-004  0.542546E-006   1137.78        8.76981        4.21288      -0.996506E+007
  766.372        93589.8        3584.25       0.229384E-004  0.543159E-006   1143.48        8.76645        4.21127      -0.994628E+007
  783.385        93589.8        3584.47       0.230064E-004  0.543480E-006   1148.70        8.76425        4.21021      -0.992777E+007
  800.397        93589.8        3583.66       0.230845E-004  0.544342E-006   1154.17        8.75992        4.20813      -0.990853E+007
  817.410        93589.8        3597.03       0.235364E-004  0.520774E-006   1150.83        8.88720        4.26927      -0.991158E+007
  834.423        93589.8        3596.68       0.235927E-004  0.521651E-006   1155.81        8.88204        4.26680      -0.989232E+007
  851.436        93589.8        3596.40       0.236455E-004  0.522519E-006   1160.57        8.87688        4.26431      -0.987301E+007
  868.449        93589.8        3596.13       0.236963E-004  0.523388E-006   1165.16        8.87170        4.26183      -0.985364E+007
  885.462        93589.8        3398.35       0.244931E-004  0.538990E-006   1229.10        8.99135        4.31930      -0.108735E+008
  902.474        93589.8        3396.98       0.245757E-004  0.540140E-006   1233.86        8.98588        4.31668      -0.108521E+008
  919.487        93589.8        3395.59       0.246571E-004  0.541298E-006   1238.47        8.98041        4.31405      -0.108307E+008
  936.500        93589.8        3394.21       0.247375E-004  0.542462E-006   1242.92        8.97491        4.31141      -0.108091E+008
  953.513        93589.8        3392.81       0.248170E-004  0.543632E-006   1247.23        8.96943        4.30877      -0.107876E+008
  970.526        93589.8        3405.25       0.226503E-004  0.551721E-006   1243.13        8.87399        4.26293      -0.107833E+008
  987.538        93589.8        3403.94       0.227165E-004  0.552826E-006   1247.18        8.86860        4.26034      -0.107621E+008
  1004.55        93589.8        3402.62       0.227821E-004  0.553936E-006   1251.11        8.86319        4.25774      -0.107409E+008
  1021.56        93589.8        3401.30       0.228470E-004  0.555051E-006   1254.92        8.85776        4.25513      -0.107195E+008
  1038.58        93589.8        3399.98       0.229114E-004  0.556173E-006   1258.61        8.85233        4.25252      -0.106982E+008
  1055.59        93589.8        3398.65       0.229753E-004  0.557301E-006   1262.19        8.84688        4.24990      -0.106767E+008
  1072.60        93589.8        3397.32       0.230388E-004  0.558435E-006   1265.66        8.84142        4.24728      -0.106552E+008
  1089.62        93589.8        3395.99       0.231018E-004  0.559574E-006   1269.03        8.83595        4.24465      -0.106337E+008
  1106.63        93589.8        3394.65       0.231645E-004  0.560720E-006   1272.30        8.83046        4.24202      -0.106120E+008
  1123.64        93589.8        3393.31       0.232268E-004  0.561871E-006   1275.47        8.82497        4.23938      -0.105904E+008
  1140.65        93589.8        3391.97       0.232889E-004  0.563029E-006   1278.56        8.81946        4.23673      -0.105686E+008
  1157.67        93589.8        3390.63       0.233507E-004  0.564192E-006   1281.55        8.81395        4.23408      -0.105469E+008
  1174.68        93589.8        3389.28       0.234122E-004  0.565361E-006   1284.46        8.80842        4.23143      -0.105250E+008
  1191.69        93589.8        3387.93       0.234736E-004  0.566537E-006   1287.29        8.80288        4.22877      -0.105032E+008
  1208.71        93589.8        3386.57       0.235348E-004  0.567718E-006   1290.04        8.79734        4.22610      -0.104812E+008
  1225.72        93589.8        3383.36       0.193704E-004  0.631513E-006   1279.55        8.29364        3.98414      -0.102125E+008
  1242.73        93589.8        3382.62       0.194325E-004  0.633183E-006   1281.83        8.28471        3.97985      -0.101875E+008
  1259.74        93589.8        3381.88       0.194947E-004  0.634864E-006   1284.04        8.27575        3.97554      -0.101624E+008
  1276.76        93589.8        3381.16       0.195572E-004  0.636558E-006   1286.17        8.26674        3.97121      -0.101371E+008
  1293.77        93589.8        3380.17       0.196160E-004  0.638191E-006   1288.30        8.25847        3.96724      -0.101140E+008
  1310.78        93589.8        3379.40       0.196780E-004  0.639893E-006   1290.30        8.24955        3.96296      -0.100890E+008
  1327.79        93589.8        3378.47       0.197378E-004  0.641562E-006   1292.28        8.24107        3.95888      -0.100653E+008
  1344.81        93589.8        3377.88       0.198027E-004  0.643334E-006   1294.09        8.23159        3.95433      -0.100386E+008
  1361.82        93589.8        3377.11       0.198650E-004  0.645066E-006   1295.89        8.22264        3.95003      -0.100134E+008
  1378.83        93589.8        3376.02       0.199228E-004  0.646722E-006   1297.72        8.21457        3.94615      -0.999091E+007
  1395.85        93589.8        3375.09       0.199832E-004  0.648431E-006   1299.44        8.20603        3.94205      -0.996699E+007
  1412.86        93589.8        3374.14       0.200434E-004  0.650147E-006   1301.11        8.19751        3.93796      -0.994315E+007
  1429.87        93589.8        3373.21       0.201042E-004  0.651879E-006   1302.71        8.18892        3.93383      -0.991907E+007
  1446.88        93589.8        3372.26       0.201648E-004  0.653617E-006   1304.25        8.18036        3.92972      -0.989511E+007
  1463.90        93589.8        3371.27       0.202251E-004  0.655353E-006   1305.76        8.17191        3.92566      -0.987147E+007
  1480.91        93589.8        3370.29       0.202857E-004  0.657103E-006   1307.20        8.16341        3.92157      -0.984768E+007
  1497.92        93589.8        3369.27       0.203459E-004  0.658854E-006   1308.60        8.15499        3.91753      -0.982418E+007
  1514.94        93589.8        3368.23       0.204061E-004  0.660610E-006   1309.95        8.14662        3.91351      -0.980080E+007
  1531.95        93589.8        3367.22       0.204668E-004  0.662383E-006   1311.24        8.13816        3.90944      -0.977718E+007
  1548.96        93589.8        3366.18       0.205275E-004  0.664161E-006   1312.49        8.12974        3.90540      -0.975369E+007
  1565.97        93589.8        3365.11       0.205880E-004  0.665943E-006   1313.69        8.12139        3.90139      -0.973043E+007
  1582.99        93589.8        3364.04       0.206487E-004  0.667736E-006   1314.84        8.11301        3.89736      -0.970709E+007
  1600.00        93589.8        3362.95       0.207094E-004  0.669534E-006   1315.95        8.10468        3.89336      -0.968393E+007
  273.000        94871.8        3664.28       0.206929E-004  0.471053E-006   741.884        9.33559        4.48467      -0.103053E+008
  290.013        94871.8        3663.41       0.215633E-004  0.471718E-006   785.527        9.33449        4.48414      -0.102922E+008
  307.026        94871.8        3661.91       0.223364E-004  0.472525E-006   824.052        9.33267        4.48327      -0.102785E+008
  324.038        94871.8        3660.85       0.230246E-004  0.473264E-006   858.226        9.33110        4.48252      -0.102641E+008
  341.051        94871.8        3659.40       0.236409E-004  0.474095E-006   888.832        9.32904        4.48153      -0.102493E+008
  358.064        94871.8        3658.28       0.241946E-004  0.474877E-006   916.363        9.32714        4.48061      -0.102338E+008
  375.077        94871.8        3656.78       0.246949E-004  0.475748E-006   941.326        9.32477        4.47948      -0.102180E+008
  392.090        94871.8        3655.43       0.251486E-004  0.476603E-006   964.040        9.32240        4.47834      -0.102018E+008
  409.103        94871.8        3654.05       0.255622E-004  0.477473E-006   984.821        9.31993        4.47715      -0.101851E+008
  426.115        94871.8        3652.65       0.259405E-004  0.478369E-006   1003.91        9.31723        4.47585      -0.101681E+008
  443.128        94871.8        3651.22       0.262888E-004  0.479266E-006   1021.52        9.31456        4.47457      -0.101509E+008
  460.141        94871.8        3649.76       0.266102E-004  0.480190E-006   1037.82        9.31168        4.47319      -0.101333E+008
  477.154        94871.8        3648.28       0.269081E-004  0.481127E-006   1052.97        9.30870        4.47176      -0.101154E+008
  494.167        94871.8        3647.13       0.271853E-004  0.482014E-006   1067.05        9.30591        4.47041      -0.100972E+008
  511.179        94871.8        3645.20       0.274444E-004  0.483059E-006   1080.28        9.30238        4.46872      -0.100789E+008
  528.192        94871.8        3643.60       0.276873E-004  0.484052E-006   1092.65        9.29903        4.46711      -0.100603E+008
  545.205        94871.8        3564.53       0.233382E-004  0.595301E-006   1110.34        8.61912        4.14049      -0.100117E+008
  562.218        94871.8        3563.51       0.235083E-004  0.596656E-006   1121.13        8.61383        4.13795      -0.999258E+007
  579.231        94871.8        3561.95       0.236704E-004  0.598111E-006   1131.37        8.60814        4.13522      -0.997340E+007
  596.244        94871.8        3560.61       0.238245E-004  0.599547E-006   1141.03        8.60252        4.13252      -0.995396E+007
  613.256        94871.8        3559.27       0.239718E-004  0.600998E-006   1150.17        8.59686        4.12980      -0.993436E+007
  630.269        94871.8        3589.58       0.221480E-004  0.536071E-006   1089.76        8.80649        4.23050      -0.100586E+008
  647.282        94871.8        3588.97       0.222520E-004  0.536814E-006   1097.69        8.80263        4.22865      -0.100404E+008
  664.295        94871.8        3588.96       0.223449E-004  0.537261E-006   1105.00        8.79993        4.22735      -0.100225E+008
  681.308        94871.8        3587.81       0.224463E-004  0.538276E-006   1112.46        8.79499        4.22498      -0.100037E+008
  698.321        94871.8        3587.44       0.225354E-004  0.538905E-006   1119.26        8.79157        4.22333      -0.998529E+007
  715.333        94871.8        3587.06       0.226211E-004  0.539537E-006   1125.77        8.78813        4.22168      -0.996677E+007
  732.346        94871.8        3586.84       0.227019E-004  0.540088E-006   1131.93        8.78501        4.22018      -0.994825E+007
  749.359        94871.8        3586.62       0.227799E-004  0.540641E-006   1137.83        8.78188        4.21868      -0.992964E+007
  766.372        94871.8        3587.23       0.228456E-004  0.540767E-006   1143.11        8.78042        4.21798      -0.991147E+007
  783.385        94871.8        3586.50       0.229245E-004  0.541579E-006   1148.75        8.77627        4.21598      -0.989237E+007
  800.397        94871.8        3587.25       0.229837E-004  0.541627E-006   1153.52        8.77513        4.21543      -0.987414E+007
  817.410        94871.8        3586.73       0.230559E-004  0.542331E-006   1158.65        8.77140        4.21364      -0.985502E+007
  834.423        94871.8        3599.62       0.235001E-004  0.519772E-006   1155.44        8.89386        4.27247      -0.985760E+007
  851.436        94871.8        3599.37       0.235520E-004  0.520629E-006   1160.19        8.88871        4.27000      -0.983832E+007
  868.449        94871.8        3599.16       0.236009E-004  0.521480E-006   1164.76        8.88355        4.26752      -0.981899E+007
  885.462        94871.8        3400.67       0.244070E-004  0.537084E-006   1228.92        9.00380        4.32528      -0.108369E+008
  902.474        94871.8        3399.29       0.244890E-004  0.538225E-006   1233.69        8.99835        4.32267      -0.108155E+008
  919.487        94871.8        3397.91       0.245699E-004  0.539373E-006   1238.30        8.99290        4.32005      -0.107941E+008
  936.500        94871.8        3396.53       0.246499E-004  0.540528E-006   1242.75        8.98742        4.31742      -0.107726E+008
  953.513        94871.8        3395.14       0.247288E-004  0.541689E-006   1247.05        8.98195        4.31479      -0.107511E+008
  970.526        94871.8        3407.66       0.225677E-004  0.549700E-006   1242.97        8.88672        4.26904      -0.107465E+008
  987.538        94871.8        3406.35       0.226334E-004  0.550795E-006   1247.02        8.88134        4.26646      -0.107253E+008
  1004.55        94871.8        3405.04       0.226985E-004  0.551896E-006   1250.95        8.87595        4.26387      -0.107041E+008
  1021.56        94871.8        3403.72       0.227630E-004  0.553003E-006   1254.75        8.87054        4.26127      -0.106827E+008
  1038.58        94871.8        3402.40       0.228270E-004  0.554116E-006   1258.44        8.86513        4.25867      -0.106614E+008
  1055.59        94871.8        3401.08       0.228905E-004  0.555235E-006   1262.02        8.85969        4.25606      -0.106399E+008
  1072.60        94871.8        3399.75       0.229535E-004  0.556359E-006   1265.49        8.85425        4.25344      -0.106184E+008
  1089.62        94871.8        3398.42       0.230161E-004  0.557490E-006   1268.85        8.84879        4.25082      -0.105969E+008
  1106.63        94871.8        3397.09       0.230783E-004  0.558626E-006   1272.12        8.84333        4.24820      -0.105753E+008
  1123.64        94871.8        3395.75       0.231402E-004  0.559768E-006   1275.30        8.83785        4.24557      -0.105536E+008
  1140.65        94871.8        3394.42       0.232018E-004  0.560916E-006   1278.38        8.83236        4.24293      -0.105319E+008
  1157.67        94871.8        3393.07       0.232631E-004  0.562070E-006   1281.37        8.82686        4.24029      -0.105101E+008
  1174.68        94871.8        3391.73       0.233242E-004  0.563229E-006   1284.28        8.82135        4.23764      -0.104883E+008
  1191.69        94871.8        3390.38       0.233851E-004  0.564395E-006   1287.11        8.81583        4.23499      -0.104664E+008
  1208.71        94871.8        3389.03       0.234459E-004  0.565567E-006   1289.85        8.81030        4.23233      -0.104445E+008
  1225.72        94871.8        3387.68       0.235064E-004  0.566744E-006   1292.53        8.80476        4.22967      -0.104225E+008
  1242.73        94871.8        3386.32       0.235669E-004  0.567928E-006   1295.12        8.79921        4.22700      -0.104005E+008
  1259.74        94871.8        3383.46       0.193596E-004  0.630702E-006   1284.21        8.30057        3.98747      -0.101353E+008
  1276.76        94871.8        3382.74       0.194213E-004  0.632376E-006   1286.34        8.29157        3.98314      -0.101101E+008
  1293.77        94871.8        3381.91       0.194815E-004  0.634029E-006   1288.43        8.28289        3.97897      -0.100857E+008
  1310.78        94871.8        3381.16       0.195430E-004  0.635713E-006   1290.42        8.27395        3.97468      -0.100606E+008
  1327.79        94871.8        3380.29       0.196028E-004  0.637375E-006   1292.38        8.26535        3.97055      -0.100365E+008
  1344.81        94871.8        3379.51       0.196641E-004  0.639073E-006   1294.25        8.25645        3.96627      -0.100114E+008
  1361.82        94871.8        3378.59       0.197234E-004  0.640741E-006   1296.09        8.24796        3.96219      -0.998763E+007
  1378.83        94871.8        3377.71       0.197835E-004  0.642431E-006   1297.86        8.23933        3.95804      -0.996341E+007
  1395.85        94871.8        3376.82       0.198437E-004  0.644130E-006   1299.57        8.23069        3.95389      -0.993915E+007
  1412.86        94871.8        3375.91       0.199036E-004  0.645831E-006   1301.22        8.22212        3.94978      -0.991509E+007
  1429.87        94871.8        3374.99       0.199636E-004  0.647541E-006   1302.82        8.21354        3.94566      -0.989101E+007
  1446.88        94871.8        3374.04       0.200234E-004  0.649255E-006   1304.36        8.20502        3.94156      -0.986711E+007
  1463.90        94871.8        3373.09       0.200834E-004  0.650978E-006   1305.85        8.19649        3.93747      -0.984319E+007
  1480.91        94871.8        3372.12       0.201432E-004  0.652704E-006   1307.30        8.18802        3.93340      -0.981944E+007
  1497.92        94871.8        3371.14       0.202031E-004  0.654441E-006   1308.68        8.17953        3.92932      -0.979567E+007
  1514.94        94871.8        3370.13       0.202629E-004  0.656181E-006   1310.02        8.17110        3.92527      -0.977206E+007
  1531.95        94871.8        3369.12       0.203229E-004  0.657931E-006   1311.31        8.16266        3.92122      -0.974843E+007
  1548.96        94871.8        3368.09       0.203828E-004  0.659686E-006   1312.55        8.15427        3.91718      -0.972495E+007
  1565.97        94871.8        3367.06       0.204429E-004  0.661451E-006   1313.75        8.14586        3.91315      -0.970145E+007
  1582.99        94871.8        3366.00       0.205029E-004  0.663222E-006   1314.89        8.13750        3.90913      -0.967809E+007
  1600.00        94871.8        3364.94       0.205632E-004  0.665002E-006   1315.99        8.12913        3.90511      -0.965472E+007
  273.000        96153.9        3666.62       0.206375E-004  0.469755E-006   741.344        9.34492        4.48915      -0.102705E+008
  290.013        96153.9        3665.61       0.215058E-004  0.470443E-006   785.037        9.34369        4.48856      -0.102574E+008
  307.026        96153.9        3664.30       0.222765E-004  0.471209E-006   823.567        9.34205        4.48777      -0.102437E+008
  324.038        96153.9        3663.22       0.229630E-004  0.471948E-006   857.771        9.34046        4.48701      -0.102294E+008
  341.051        96153.9        3661.81       0.235774E-004  0.472768E-006   888.399        9.33842        4.48603      -0.102145E+008
  358.064        96153.9        3660.65       0.241296E-004  0.473552E-006   915.958        9.33650        4.48511      -0.101991E+008
  375.077        96153.9        3659.28       0.246284E-004  0.474392E-006   940.928        9.33425        4.48403      -0.101833E+008
  392.090        96153.9        3658.08       0.250809E-004  0.475213E-006   963.650        9.33203        4.48296      -0.101670E+008
  409.103        96153.9        3656.49       0.254930E-004  0.476127E-006   984.457        9.32928        4.48164      -0.101503E+008
  426.115        96153.9        3655.30       0.258707E-004  0.476962E-006   1003.55        9.32693        4.48051      -0.101334E+008
  443.128        96153.9        3654.01       0.262177E-004  0.477834E-006   1021.16        9.32433        4.47926      -0.101161E+008
  460.141        96153.9        3652.42       0.265381E-004  0.478777E-006   1037.49        9.32134        4.47783      -0.100985E+008
  477.154        96153.9        3650.93       0.268352E-004  0.479708E-006   1052.64        9.31838        4.47640      -0.100807E+008
  494.167        96153.9        3649.66       0.271115E-004  0.480614E-006   1066.74        9.31548        4.47501      -0.100625E+008
  511.179        96153.9        3648.20       0.273697E-004  0.481565E-006   1079.93        9.31233        4.47350      -0.100441E+008
  528.192        96153.9        3646.32       0.276119E-004  0.482601E-006   1092.34        9.30881        4.47181      -0.100256E+008
  545.205        96153.9        3567.67       0.232327E-004  0.592262E-006   1110.09        8.63403        4.14765      -0.997619E+007
  562.218        96153.9        3566.42       0.234020E-004  0.593637E-006   1120.90        8.62863        4.14506      -0.995712E+007
  579.231        96153.9        3565.16       0.235627E-004  0.595026E-006   1131.11        8.62317        4.14244      -0.993787E+007
  596.244        96153.9        3563.86       0.237157E-004  0.596439E-006   1140.77        8.61759        4.13976      -0.991843E+007
  613.256        96153.9        3562.53       0.238620E-004  0.597867E-006   1149.92        8.61198        4.13706      -0.989885E+007
  630.269        96153.9        3561.14       0.240022E-004  0.599320E-006   1158.60        8.60626        4.13431      -0.987909E+007
  647.282        96153.9        3591.62       0.221666E-004  0.534632E-006   1097.45        8.81591        4.23503      -0.100054E+008
  664.295        96153.9        3591.04       0.222653E-004  0.535361E-006   1105.01        8.81209        4.23319      -0.998705E+007
  681.308        96153.9        3590.51       0.223594E-004  0.536062E-006   1112.20        8.80837        4.23140      -0.996867E+007
  698.321        96153.9        3590.14       0.224480E-004  0.536684E-006   1119.00        8.80495        4.22976      -0.995027E+007
  715.333        96153.9        3589.82       0.225327E-004  0.537288E-006   1125.49        8.80161        4.22816      -0.993179E+007
  732.346        96153.9        3589.63       0.226128E-004  0.537821E-006   1131.64        8.79854        4.22668      -0.991331E+007
  749.359        96153.9        3590.00       0.226838E-004  0.538073E-006   1137.27        8.79658        4.22574      -0.989509E+007
  766.372        96153.9        3589.74       0.227592E-004  0.538641E-006   1142.94        8.79337        4.22420      -0.987638E+007
  783.385        96153.9        3589.90       0.228273E-004  0.538992E-006   1148.19        8.79103        4.22307      -0.985787E+007
  800.397        96153.9        3589.97       0.228944E-004  0.539393E-006   1153.27        8.78848        4.22185      -0.983922E+007
  817.410        96153.9        3589.69       0.229632E-004  0.539964E-006   1158.29        8.78527        4.22031      -0.982028E+007
  834.423        96153.9        3589.98       0.230237E-004  0.540244E-006   1162.86        8.78320        4.21931      -0.980164E+007
  851.436        96153.9        3602.37       0.234582E-004  0.518747E-006   1159.80        8.90051        4.27567      -0.980367E+007
  868.449        96153.9        3602.21       0.235056E-004  0.519582E-006   1164.34        8.89536        4.27319      -0.978438E+007
  885.462        96153.9        3402.98       0.243216E-004  0.535192E-006   1228.75        9.01621        4.33124      -0.108003E+008
  902.474        96153.9        3401.61       0.244031E-004  0.536325E-006   1233.52        9.01077        4.32864      -0.107789E+008
  919.487        96153.9        3400.23       0.244835E-004  0.537464E-006   1238.12        9.00534        4.32603      -0.107575E+008
  936.500        96153.9        3398.85       0.245629E-004  0.538610E-006   1242.57        8.99989        4.32341      -0.107360E+008
  953.513        96153.9        3397.46       0.246413E-004  0.539762E-006   1246.87        8.99443        4.32079      -0.107145E+008
  970.526        96153.9        3396.06       0.247189E-004  0.540921E-006   1251.03        8.98897        4.31816      -0.106930E+008
  987.538        96153.9        3408.75       0.225510E-004  0.548781E-006   1246.86        8.89406        4.27257      -0.106885E+008
  1004.55        96153.9        3407.44       0.226157E-004  0.549874E-006   1250.78        8.88868        4.26998      -0.106673E+008
  1021.56        96153.9        3406.13       0.226797E-004  0.550972E-006   1254.59        8.88329        4.26739      -0.106460E+008
  1038.58        96153.9        3404.81       0.227433E-004  0.552076E-006   1258.27        8.87788        4.26480      -0.106246E+008
  1055.59        96153.9        3403.49       0.228063E-004  0.553185E-006   1261.85        8.87247        4.26220      -0.106032E+008
  1072.60        96153.9        3402.17       0.228688E-004  0.554301E-006   1265.32        8.86704        4.25959      -0.105817E+008
  1089.62        96153.9        3400.85       0.229310E-004  0.555422E-006   1268.68        8.86160        4.25698      -0.105601E+008
  1106.63        96153.9        3399.52       0.229928E-004  0.556549E-006   1271.95        8.85615        4.25436      -0.105385E+008
  1123.64        96153.9        3398.19       0.230543E-004  0.557682E-006   1275.12        8.85069        4.25173      -0.105168E+008
  1140.65        96153.9        3396.85       0.231154E-004  0.558820E-006   1278.20        8.84522        4.24910      -0.104951E+008
  1157.67        96153.9        3395.52       0.231763E-004  0.559965E-006   1281.19        8.83973        4.24647      -0.104733E+008
  1174.68        96153.9        3394.18       0.232370E-004  0.561115E-006   1284.10        8.83424        4.24383      -0.104515E+008
  1191.69        96153.9        3392.83       0.232974E-004  0.562271E-006   1286.92        8.82874        4.24119      -0.104296E+008
  1208.71        96153.9        3391.49       0.233577E-004  0.563433E-006   1289.67        8.82322        4.23854      -0.104077E+008
  1225.72        96153.9        3390.14       0.234178E-004  0.564601E-006   1292.34        8.81770        4.23589      -0.103858E+008
  1242.73        96153.9        3388.78       0.234778E-004  0.565775E-006   1294.93        8.81217        4.23323      -0.103638E+008
  1259.74        96153.9        3387.43       0.235377E-004  0.566955E-006   1297.45        8.80663        4.23057      -0.103417E+008
  1276.76        96153.9        3386.07       0.235975E-004  0.568141E-006   1299.90        8.80108        4.22790      -0.103196E+008
  1293.77        96153.9        3383.58       0.193477E-004  0.629898E-006   1288.57        8.30746        3.99077      -0.100579E+008
  1310.78        96153.9        3382.79       0.194079E-004  0.631551E-006   1290.58        8.29866        3.98655      -0.100332E+008
  1327.79        96153.9        3381.94       0.194673E-004  0.633197E-006   1292.53        8.29002        3.98240      -0.100089E+008
  1344.81        96153.9        3381.12       0.195271E-004  0.634860E-006   1294.41        8.28129        3.97820      -0.998436E+007
  1361.82        96153.9        3380.34       0.195877E-004  0.636545E-006   1296.21        8.27241        3.97394      -0.995937E+007
  1378.83        96153.9        3379.64       0.196495E-004  0.638259E-006   1297.93        8.26331        3.96956      -0.993371E+007
  1395.85        96153.9        3378.61       0.197068E-004  0.639897E-006   1299.67        8.25512        3.96563      -0.991072E+007
  1412.86        96153.9        3377.70       0.197660E-004  0.641577E-006   1301.33        8.24656        3.96152      -0.988666E+007
  1429.87        96153.9        3376.81       0.198257E-004  0.643272E-006   1302.91        8.23794        3.95738      -0.986240E+007
  1446.88        96153.9        3375.91       0.198852E-004  0.644972E-006   1304.45        8.22934        3.95325      -0.983822E+007
  1463.90        96153.9        3374.95       0.199443E-004  0.646671E-006   1305.94        8.22086        3.94917      -0.981439E+007
  1480.91        96153.9        3374.01       0.200038E-004  0.648384E-006   1307.37        8.21232        3.94507      -0.979038E+007
  1497.92        96153.9        3373.03       0.200629E-004  0.650096E-006   1308.75        8.20388        3.94102      -0.976667E+007
  1514.94        96153.9        3372.04       0.201220E-004  0.651814E-006   1310.09        8.19547        3.93698      -0.974306E+007
  1531.95        96153.9        3371.06       0.201815E-004  0.653548E-006   1311.37        8.18698        3.93290      -0.971923E+007
  1548.96        96153.9        3370.06       0.202411E-004  0.655287E-006   1312.60        8.17853        3.92884      -0.969553E+007
  1565.97        96153.9        3369.03       0.203004E-004  0.657028E-006   1313.79        8.17016        3.92482      -0.967205E+007
  1582.99        96153.9        3368.01       0.203600E-004  0.658782E-006   1314.92        8.16175        3.92078      -0.964848E+007
  1600.00        96153.9        3366.96       0.204194E-004  0.660539E-006   1316.02        8.15340        3.91677      -0.962512E+007
  273.000        97435.9        3668.96       0.205825E-004  0.468465E-006   740.808        9.35422        4.49362      -0.102357E+008
  290.013        97435.9        3667.96       0.214484E-004  0.469147E-006   784.529        9.35300        4.49304      -0.102227E+008
  307.026        97435.9        3666.69       0.222171E-004  0.469902E-006   823.087        9.35139        4.49226      -0.102090E+008
  324.038        97435.9        3665.63       0.229016E-004  0.470632E-006   857.318        9.34983        4.49151      -0.101946E+008
  341.051        97435.9        3664.28       0.235144E-004  0.471434E-006   887.966        9.34787        4.49057      -0.101797E+008
  358.064        97435.9        3663.31       0.240650E-004  0.472179E-006   915.531        9.34610        4.48972      -0.101643E+008
  375.077        97435.9        3661.77       0.245624E-004  0.473047E-006   940.535        9.34371        4.48857      -0.101485E+008
  392.090        97435.9        3660.47       0.250136E-004  0.473882E-006   963.281        9.34140        4.48746      -0.101323E+008
  409.103        97435.9        3659.15       0.254248E-004  0.474731E-006   984.088        9.33897        4.48630      -0.101156E+008
  426.115        97435.9        3657.78       0.258010E-004  0.475608E-006   1003.20        9.33635        4.48504      -0.100987E+008
  443.128        97435.9        3656.43       0.261472E-004  0.476482E-006   1020.83        9.33373        4.48378      -0.100814E+008
  460.141        97435.9        3655.02       0.264666E-004  0.477385E-006   1037.15        9.33092        4.48243      -0.100638E+008
  477.154        97435.9        3653.59       0.267627E-004  0.478299E-006   1052.32        9.32802        4.48104      -0.100460E+008
  494.167        97435.9        3652.11       0.270382E-004  0.479237E-006   1066.44        9.32495        4.47956      -0.100278E+008
  511.179        97435.9        3650.61       0.272957E-004  0.480184E-006   1079.65        9.32185        4.47807      -0.100095E+008
  528.192        97435.9        3649.27       0.275369E-004  0.481118E-006   1092.00        9.31873        4.47657      -0.999085E+007
  545.205        97435.9        3647.49       0.277640E-004  0.482138E-006   1103.65        9.31523        4.47489      -0.997212E+007
  562.218        97435.9        3569.62       0.232966E-004  0.590610E-006   1120.65        8.64354        4.15222      -0.992161E+007
  579.231        97435.9        3568.37       0.234563E-004  0.591981E-006   1130.86        8.63811        4.14961      -0.990237E+007
  596.244        97435.9        3567.07       0.236084E-004  0.593373E-006   1140.52        8.63259        4.14696      -0.988295E+007
  613.256        97435.9        3565.77       0.237537E-004  0.594779E-006   1149.66        8.62702        4.14429      -0.986337E+007
  630.269        97435.9        3564.48       0.238927E-004  0.596201E-006   1158.33        8.62137        4.14157      -0.984358E+007
  647.282        97435.9        3563.07       0.240265E-004  0.597651E-006   1166.58        8.61563        4.13882      -0.982372E+007
  664.295        97435.9        3593.71       0.221800E-004  0.533184E-006   1104.76        8.82536        4.23957      -0.995202E+007
  681.308        97435.9        3593.20       0.222733E-004  0.533871E-006   1111.95        8.82168        4.23780      -0.993366E+007
  698.321        97435.9        3592.88       0.223610E-004  0.534466E-006   1118.73        8.81836        4.23620      -0.991530E+007
  715.333        97435.9        3592.56       0.224453E-004  0.535064E-006   1125.21        8.81503        4.23460      -0.989685E+007
  732.346        97435.9        3592.41       0.225247E-004  0.535579E-006   1131.35        8.81202        4.23316      -0.987840E+007
  749.359        97435.9        3592.25       0.226013E-004  0.536095E-006   1137.22        8.80900        4.23171      -0.985985E+007
  766.372        97435.9        3592.72       0.226682E-004  0.536295E-006   1142.56        8.80724        4.23086      -0.984164E+007
  783.385        97435.9        3592.27       0.227430E-004  0.536955E-006   1148.09        8.80365        4.22914      -0.982274E+007
  800.397        97435.9        3592.84       0.228039E-004  0.537096E-006   1152.94        8.80212        4.22840      -0.980445E+007
  817.410        97435.9        3592.65       0.228715E-004  0.537623E-006   1157.92        8.79907        4.22693      -0.978557E+007
  834.423        97435.9        3593.04       0.229305E-004  0.537851E-006   1162.45        8.79720        4.22604      -0.976703E+007
  851.436        97435.9        3593.43       0.229877E-004  0.538074E-006   1166.80        8.79535        4.22515      -0.974842E+007
  868.449        97435.9        3605.29       0.234103E-004  0.517694E-006   1163.92        8.90714        4.27885      -0.974981E+007
  885.462        97435.9        3405.29       0.242368E-004  0.533316E-006   1228.58        9.02858        4.33719      -0.107636E+008
  902.474        97435.9        3403.92       0.243178E-004  0.534440E-006   1233.34        9.02317        4.33459      -0.107424E+008
  919.487        97435.9        3402.54       0.243977E-004  0.535570E-006   1237.95        9.01776        4.33199      -0.107210E+008
  936.500        97435.9        3401.17       0.244766E-004  0.536707E-006   1242.40        9.01232        4.32938      -0.106995E+008
  953.513        97435.9        3399.78       0.245546E-004  0.537851E-006   1246.70        9.00688        4.32676      -0.106780E+008
  970.526        97435.9        3398.38       0.246316E-004  0.539000E-006   1250.85        9.00143        4.32415      -0.106565E+008
  987.538        97435.9        3411.15       0.224692E-004  0.546783E-006   1246.70        8.90673        4.27865      -0.106518E+008
  1004.55        97435.9        3409.84       0.225335E-004  0.547867E-006   1250.62        8.90137        4.27608      -0.106305E+008
  1021.56        97435.9        3408.53       0.225971E-004  0.548956E-006   1254.42        8.89599        4.27350      -0.106092E+008
  1038.58        97435.9        3407.22       0.226602E-004  0.550051E-006   1258.11        8.89061        4.27091      -0.105878E+008
  1055.59        97435.9        3405.90       0.227228E-004  0.551152E-006   1261.68        8.88521        4.26832      -0.105664E+008
  1072.60        97435.9        3404.59       0.227849E-004  0.552259E-006   1265.15        8.87979        4.26572      -0.105449E+008
  1089.62        97435.9        3403.26       0.228466E-004  0.553371E-006   1268.51        8.87437        4.26311      -0.105234E+008
  1106.63        97435.9        3401.94       0.229080E-004  0.554489E-006   1271.78        8.86894        4.26050      -0.105017E+008
  1123.64        97435.9        3400.61       0.229690E-004  0.555612E-006   1274.95        8.86349        4.25788      -0.104801E+008
  1140.65        97435.9        3399.28       0.230298E-004  0.556742E-006   1278.02        8.85804        4.25526      -0.104584E+008
  1157.67        97435.9        3397.95       0.230902E-004  0.557877E-006   1281.01        8.85257        4.25264      -0.104366E+008
  1174.68        97435.9        3396.61       0.231504E-004  0.559018E-006   1283.92        8.84709        4.25001      -0.104148E+008
  1191.69        97435.9        3395.27       0.232104E-004  0.560165E-006   1286.74        8.84160        4.24737      -0.103929E+008
  1208.71        97435.9        3393.93       0.232703E-004  0.561317E-006   1289.48        8.83611        4.24473      -0.103710E+008
  1225.72        97435.9        3392.59       0.233300E-004  0.562475E-006   1292.15        8.83060        4.24208      -0.103490E+008
  1242.73        97435.9        3391.24       0.233895E-004  0.563640E-006   1294.74        8.82509        4.23943      -0.103270E+008
  1259.74        97435.9        3389.89       0.234489E-004  0.564810E-006   1297.26        8.81956        4.23678      -0.103050E+008
  1276.76        97435.9        3388.53       0.235082E-004  0.565986E-006   1299.71        8.81403        4.23412      -0.102829E+008
  1293.77        97435.9        3387.18       0.235675E-004  0.567168E-006   1302.09        8.80849        4.23146      -0.102608E+008
  1310.78        97435.9        3385.82       0.236267E-004  0.568356E-006   1304.41        8.80293        4.22879      -0.102386E+008
  1327.79        97435.9        3383.70       0.193350E-004  0.629100E-006   1292.64        8.31430        3.99406      -0.998030E+007
  1344.81        97435.9        3382.91       0.193945E-004  0.630748E-006   1294.51        8.30552        3.98984      -0.995557E+007
  1361.82        97435.9        3382.07       0.194535E-004  0.632395E-006   1296.33        8.29685        3.98568      -0.993114E+007
  1378.83        97435.9        3381.22       0.195125E-004  0.634049E-006   1298.09        8.28819        3.98152      -0.990674E+007
  1395.85        97435.9        3380.37       0.195715E-004  0.635712E-006   1299.78        8.27952        3.97735      -0.988231E+007
  1412.86        97435.9        3379.50       0.196303E-004  0.637377E-006   1301.43        8.27092        3.97322      -0.985807E+007
  1429.87        97435.9        3378.61       0.196893E-004  0.639051E-006   1303.01        8.26231        3.96908      -0.983381E+007
  1446.88        97435.9        3377.70       0.197480E-004  0.640728E-006   1304.55        8.25376        3.96498      -0.980972E+007
  1463.90        97435.9        3376.79       0.198068E-004  0.642414E-006   1306.02        8.24520        3.96087      -0.978561E+007
  1480.91        97435.9        3375.85       0.198655E-004  0.644104E-006   1307.45        8.23670        3.95678      -0.976166E+007
  1497.92        97435.9        3374.91       0.199243E-004  0.645802E-006   1308.82        8.22819        3.95270      -0.973770E+007
  1514.94        97435.9        3373.95       0.199830E-004  0.647505E-006   1310.15        8.21973        3.94863      -0.971389E+007
  1531.95        97435.9        3372.98       0.200418E-004  0.649216E-006   1311.43        8.21127        3.94457      -0.969006E+007
  1548.96        97435.9        3371.99       0.201006E-004  0.650933E-006   1312.65        8.20285        3.94052      -0.966638E+007
  1565.97        97435.9        3370.99       0.201595E-004  0.652658E-006   1313.83        8.19442        3.93647      -0.964267E+007
  1582.99        97435.9        3369.97       0.202183E-004  0.654389E-006   1314.97        8.18603        3.93244      -0.961911E+007
  1600.00        97435.9        3368.95       0.202774E-004  0.656129E-006   1316.05        8.17764        3.92841      -0.959554E+007
  273.000        98718.0        3671.35       0.205277E-004  0.467173E-006   740.267        9.36354        4.49810      -0.102009E+008
  290.013        98718.0        3669.85       0.213919E-004  0.467945E-006   784.076        9.36189        4.49731      -0.101880E+008
  307.026        98718.0        3669.12       0.221579E-004  0.468594E-006   822.603        9.36075        4.49676      -0.101742E+008
  324.038        98718.0        3667.49       0.228411E-004  0.469428E-006   856.912        9.35869        4.49577      -0.101600E+008
  341.051        98718.0        3666.75       0.234517E-004  0.470112E-006   887.529        9.35725        4.49508      -0.101450E+008
  358.064        98718.0        3665.02       0.240011E-004  0.470996E-006   915.178        9.35483        4.49391      -0.101297E+008
  375.077        98718.0        3664.36       0.244968E-004  0.471691E-006   940.135        9.35321        4.49314      -0.101138E+008
  392.090        98718.0        3662.45       0.249469E-004  0.472637E-006   962.943        9.35038        4.49178      -0.100976E+008
  409.103        98718.0        3661.67       0.253566E-004  0.473386E-006   983.721        9.34837        4.49081      -0.100809E+008
  426.115        98718.0        3659.79       0.257321E-004  0.474344E-006   1002.90        9.34540        4.48939      -0.100641E+008
  443.128        98718.0        3659.19       0.260770E-004  0.475074E-006   1020.48        9.34342        4.48843      -0.100467E+008
  460.141        98718.0        3657.03       0.263955E-004  0.476113E-006   1036.87        9.33996        4.48677      -0.100292E+008
  477.154        98718.0        3656.34       0.266908E-004  0.476879E-006   1051.98        9.33773        4.48570      -0.100113E+008
  494.167        98718.0        3654.16       0.269654E-004  0.477944E-006   1066.18        9.33408        4.48395      -0.999331E+007
  511.179        98718.0        3653.34       0.272217E-004  0.478769E-006   1079.32        9.33144        4.48268      -0.997475E+007
  528.192        98718.0        3651.16       0.274625E-004  0.479839E-006   1091.77        9.32778        4.48092      -0.995642E+007
  545.205        98718.0        3650.40       0.276889E-004  0.480667E-006   1103.32        9.32509        4.47963      -0.993742E+007
  562.218        98718.0        3648.73       0.279026E-004  0.481669E-006   1114.28        9.32164        4.47797      -0.991848E+007
  579.231        98718.0        3571.63       0.233512E-004  0.588964E-006   1130.60        8.65302        4.15678      -0.986689E+007
  596.244        98718.0        3570.37       0.235023E-004  0.590333E-006   1140.25        8.64756        4.15415      -0.984748E+007
  613.256        98718.0        3569.16       0.236465E-004  0.591706E-006   1149.39        8.64208        4.15152      -0.982789E+007
  630.269        98718.0        3567.05       0.237855E-004  0.593245E-006   1158.16        8.63593        4.14857      -0.980832E+007
  647.282        98718.0        3566.46       0.239174E-004  0.594543E-006   1166.31        8.63074        4.14608      -0.978825E+007
  664.295        98718.0        3565.04       0.240453E-004  0.595989E-006   1174.15        8.62499        4.14331      -0.976825E+007
  681.308        98718.0        3595.89       0.221880E-004  0.531698E-006   1111.69        8.83496        4.24418      -0.989868E+007
  698.321        98718.0        3595.55       0.222755E-004  0.532301E-006   1118.48        8.83159        4.24256      -0.988033E+007
  715.333        98718.0        3595.32       0.223585E-004  0.532850E-006   1124.93        8.82843        4.24104      -0.986194E+007
  732.346        98718.0        3593.65       0.224541E-004  0.534107E-006   1131.74        8.82248        4.23818      -0.984255E+007
  749.359        98718.0        3595.78       0.225053E-004  0.533496E-006   1136.59        8.82391        4.23887      -0.982548E+007
  766.372        98718.0        3593.33       0.226042E-004  0.535141E-006   1143.24        8.81642        4.23527      -0.980538E+007
  783.385        98718.0        3595.77       0.226466E-004  0.534364E-006   1147.47        8.81851        4.23627      -0.978840E+007
  800.397        98718.0        3593.35       0.227411E-004  0.536006E-006   1153.66        8.81102        4.23268      -0.976812E+007
  817.410        98718.0        3595.63       0.227805E-004  0.535293E-006   1157.54        8.81286        4.23356      -0.975092E+007
  834.423        98718.0        3593.73       0.228656E-004  0.536679E-006   1163.10        8.80639        4.23045      -0.973082E+007
  851.436        98718.0        3596.51       0.228951E-004  0.535697E-006   1166.38        8.80931        4.23186      -0.971388E+007
  868.449        98718.0        3597.10       0.229480E-004  0.535813E-006   1170.46        8.80788        4.23117      -0.969538E+007
  885.462        98718.0        3407.59       0.241528E-004  0.531454E-006   1228.40        9.04091        4.34311      -0.107270E+008
  902.474        98718.0        3406.21       0.242332E-004  0.532568E-006   1233.17        9.03555        4.34054      -0.107059E+008
  919.487        98718.0        3404.85       0.243126E-004  0.533691E-006   1237.77        9.03012        4.33793      -0.106844E+008
  936.500        98718.0        3403.47       0.243910E-004  0.534819E-006   1242.22        9.02471        4.33533      -0.106629E+008
  953.513        98718.0        3402.09       0.244685E-004  0.535954E-006   1246.52        9.01928        4.33272      -0.106415E+008
  970.526        98718.0        3400.70       0.245450E-004  0.537094E-006   1250.68        9.01385        4.33011      -0.106200E+008
  987.538        98718.0        3413.53       0.223881E-004  0.544801E-006   1246.54        8.91936        4.28472      -0.106150E+008
  1004.55        98718.0        3412.23       0.224519E-004  0.545876E-006   1250.46        8.91402        4.28216      -0.105938E+008
  1021.56        98718.0        3410.93       0.225151E-004  0.546957E-006   1254.26        8.90866        4.27958      -0.105725E+008
  1038.58        98718.0        3409.62       0.225778E-004  0.548043E-006   1257.94        8.90329        4.27700      -0.105511E+008
  1055.59        98718.0        3408.31       0.226399E-004  0.549135E-006   1261.52        8.89791        4.27442      -0.105297E+008
  1072.60        98718.0        3406.99       0.227017E-004  0.550233E-006   1264.98        8.89251        4.27182      -0.105082E+008
  1089.62        98718.0        3405.68       0.227630E-004  0.551336E-006   1268.34        8.88710        4.26923      -0.104866E+008
  1106.63        98718.0        3404.36       0.228239E-004  0.552445E-006   1271.60        8.88168        4.26662      -0.104650E+008
  1123.64        98718.0        3403.03       0.228845E-004  0.553560E-006   1274.77        8.87626        4.26402      -0.104434E+008
  1140.65        98718.0        3401.71       0.229448E-004  0.554680E-006   1277.85        8.87082        4.26140      -0.104217E+008
  1157.67        98718.0        3400.38       0.230048E-004  0.555806E-006   1280.83        8.86536        4.25878      -0.103999E+008
  1174.68        98718.0        3399.04       0.230646E-004  0.556938E-006   1283.74        8.85990        4.25616      -0.103781E+008
  1191.69        98718.0        3397.71       0.231242E-004  0.558075E-006   1286.56        8.85443        4.25353      -0.103562E+008
  1208.71        98718.0        3396.37       0.231836E-004  0.559218E-006   1289.30        8.84895        4.25090      -0.103343E+008
  1225.72        98718.0        3395.03       0.232428E-004  0.560367E-006   1291.96        8.84346        4.24826      -0.103123E+008
  1242.73        98718.0        3393.69       0.233019E-004  0.561522E-006   1294.55        8.83796        4.24562      -0.102903E+008
  1259.74        98718.0        3392.34       0.233609E-004  0.562683E-006   1297.07        8.83246        4.24298      -0.102683E+008
  1276.76        98718.0        3390.99       0.234198E-004  0.563849E-006   1299.51        8.82694        4.24032      -0.102462E+008
  1293.77        98718.0        3389.64       0.234786E-004  0.565021E-006   1301.89        8.82141        4.23767      -0.102241E+008
  1310.78        98718.0        3388.28       0.235373E-004  0.566200E-006   1304.21        8.81588        4.23501      -0.102019E+008
  1327.79        98718.0        3386.92       0.235960E-004  0.567384E-006   1306.46        8.81034        4.23235      -0.101797E+008
  1344.81        98718.0        3385.56       0.236547E-004  0.568574E-006   1308.65        8.80479        4.22968      -0.101575E+008
  1361.82        98718.0        3383.84       0.193216E-004  0.628308E-006   1296.44        8.32109        3.99732      -0.990246E+007
  1378.83        98718.0        3383.01       0.193801E-004  0.629946E-006   1298.19        8.31240        3.99315      -0.987793E+007
  1395.85        98718.0        3382.19       0.194387E-004  0.631594E-006   1299.88        8.30370        3.98897      -0.985335E+007
  1412.86        98718.0        3381.32       0.194969E-004  0.633239E-006   1301.52        8.29511        3.98484      -0.982910E+007
  1429.87        98718.0        3380.46       0.195553E-004  0.634897E-006   1303.09        8.28646        3.98069      -0.980469E+007
  1446.88        98718.0        3380.25       0.196234E-004  0.636742E-006   1304.41        8.27592        3.97562      -0.977477E+007
  1463.90        98718.0        3378.67       0.196718E-004  0.638224E-006   1306.09        8.26934        3.97246      -0.975634E+007
  1480.91        98718.0        3378.43       0.197398E-004  0.640081E-006   1307.31        8.25885        3.96742      -0.972653E+007
  1497.92        98718.0        3376.83       0.197881E-004  0.641574E-006   1308.88        8.25231        3.96428      -0.970826E+007
  1514.94        98718.0        3375.87       0.198461E-004  0.643255E-006   1310.21        8.24387        3.96023      -0.968445E+007
  1531.95        98718.0        3374.93       0.199045E-004  0.644951E-006   1311.47        8.23536        3.95614      -0.966045E+007
  1548.96        98718.0        3374.63       0.199726E-004  0.646834E-006   1312.49        8.22499        3.95116      -0.963091E+007
  1565.97        98718.0        3372.98       0.200210E-004  0.648354E-006   1313.87        8.21850        3.94804      -0.961290E+007
  1582.99        98718.0        3372.65       0.200892E-004  0.650250E-006   1314.78        8.20818        3.94308      -0.958350E+007
  1600.00        98718.0        3370.97       0.201377E-004  0.651786E-006   1316.07        8.20170        3.93997      -0.956558E+007
  273.000        100000.        3673.74       0.204733E-004  0.465888E-006   739.723        9.37284        4.50257      -0.101662E+008
  290.013        100000.        3672.70       0.213347E-004  0.466569E-006   783.511        9.37160        4.50197      -0.101532E+008
  307.026        100000.        3671.60       0.220991E-004  0.467284E-006   822.118        9.37014        4.50127      -0.101395E+008
  324.038        100000.        3670.52       0.227800E-004  0.468010E-006   856.401        9.36855        4.50051      -0.101251E+008
  341.051        100000.        3669.33       0.233894E-004  0.468774E-006   887.085        9.36673        4.49963      -0.101103E+008
  358.064        100000.        3668.16       0.239371E-004  0.469549E-006   914.714        9.36479        4.49870      -0.100949E+008
  375.077        100000.        3666.94       0.244317E-004  0.470345E-006   939.733        9.36269        4.49769      -0.100791E+008
  392.090        100000.        3665.70       0.248803E-004  0.471159E-006   962.510        9.36045        4.49661      -0.100628E+008
  409.103        100000.        3664.44       0.252892E-004  0.471987E-006   983.343        9.35809        4.49548      -0.100462E+008
  426.115        100000.        3663.12       0.256633E-004  0.472843E-006   1002.48        9.35553        4.49425      -0.100292E+008
  443.128        100000.        3661.83       0.260074E-004  0.473696E-006   1020.13        9.35298        4.49303      -0.100120E+008
  460.141        100000.        3660.47       0.263249E-004  0.474576E-006   1036.47        9.35024        4.49171      -0.999444E+007
  477.154        100000.        3659.10       0.266193E-004  0.475469E-006   1051.65        9.34740        4.49035      -0.997661E+007
  494.167        100000.        3657.67       0.268932E-004  0.476383E-006   1065.79        9.34443        4.48892      -0.995851E+007
  511.179        100000.        3656.23       0.271490E-004  0.477308E-006   1079.00        9.34138        4.48746      -0.994018E+007
  528.192        100000.        3654.63       0.273885E-004  0.478284E-006   1091.38        9.33802        4.48584      -0.992157E+007
  545.205        100000.        3653.22       0.276145E-004  0.479214E-006   1103.01        9.33493        4.48436      -0.990285E+007
  562.218        100000.        3651.61       0.278273E-004  0.480206E-006   1113.96        9.33147        4.48269      -0.988385E+007
  579.231        100000.        3650.04       0.280290E-004  0.481192E-006   1124.29        9.32805        4.48105      -0.986469E+007
  596.244        100000.        3573.71       0.233975E-004  0.587324E-006   1139.99        8.66248        4.16132      -0.981204E+007
  613.256        100000.        3572.44       0.235409E-004  0.588690E-006   1149.13        8.65699        4.15868      -0.979247E+007
  630.269        100000.        3571.11       0.236781E-004  0.590082E-006   1157.81        8.65138        4.15599      -0.977273E+007
  647.282        100000.        3569.81       0.238099E-004  0.591476E-006   1166.05        8.64580        4.15331      -0.975287E+007
  664.295        100000.        3568.42       0.239367E-004  0.592904E-006   1173.88        8.64005        4.15055      -0.973283E+007
  681.308        100000.        3567.07       0.240593E-004  0.594334E-006   1181.34        8.63433        4.14780      -0.971268E+007
  698.321        100000.        3598.27       0.221903E-004  0.530130E-006   1118.21        8.84488        4.24894      -0.984541E+007
  715.333        100000.        3598.06       0.222727E-004  0.530669E-006   1124.65        8.84175        4.24744      -0.982705E+007
  732.346        100000.        3597.97       0.223507E-004  0.531147E-006   1130.75        8.83886        4.24605      -0.980867E+007
  749.359        100000.        3597.88       0.224258E-004  0.531627E-006   1136.60        8.83596        4.24466      -0.979021E+007
  766.372        100000.        3598.47       0.224909E-004  0.531768E-006   1141.89        8.83441        4.24392      -0.977212E+007
  783.385        100000.        3598.05       0.225647E-004  0.532407E-006   1147.41        8.83088        4.24222      -0.975326E+007
  800.397        100000.        3598.89       0.226223E-004  0.532419E-006   1152.14        8.82985        4.24172      -0.973520E+007
  817.410        100000.        3598.60       0.226904E-004  0.532989E-006   1157.16        8.82659        4.24016      -0.971629E+007
  834.423        100000.        3599.08       0.227479E-004  0.533170E-006   1161.65        8.82489        4.23934      -0.969786E+007
  851.436        100000.        3599.57       0.228035E-004  0.533346E-006   1165.96        8.82321        4.23853      -0.967936E+007
  868.449        100000.        3600.23       0.228556E-004  0.533432E-006   1170.02        8.82190        4.23790      -0.966094E+007
  885.462        100000.        3409.89       0.240693E-004  0.529606E-006   1228.23        9.05321        4.34902      -0.106904E+008
  902.474        100000.        3408.52       0.241493E-004  0.530713E-006   1233.00        9.04784        4.34644      -0.106692E+008
  919.487        100000.        3407.15       0.242282E-004  0.531826E-006   1237.60        9.04246        4.34386      -0.106479E+008
  936.500        100000.        3405.78       0.243061E-004  0.532946E-006   1242.05        9.03706        4.34126      -0.106264E+008
  953.513        100000.        3404.40       0.243830E-004  0.534071E-006   1246.34        9.03165        4.33866      -0.106049E+008
  970.526        100000.        3403.01       0.244591E-004  0.535203E-006   1250.50        9.02623        4.33606      -0.105834E+008
  987.538        100000.        3415.91       0.223076E-004  0.542835E-006   1246.38        8.93196        4.29078      -0.105783E+008
  1004.55        100000.        3414.62       0.223710E-004  0.543902E-006   1250.30        8.92663        4.28822      -0.105571E+008
  1021.56        100000.        3413.32       0.224338E-004  0.544974E-006   1254.10        8.92129        4.28565      -0.105358E+008
  1038.58        100000.        3412.01       0.224960E-004  0.546052E-006   1257.78        8.91593        4.28308      -0.105144E+008
  1055.59        100000.        3410.70       0.225578E-004  0.547135E-006   1261.35        8.91057        4.28050      -0.104930E+008
  1072.60        100000.        3409.39       0.226191E-004  0.548224E-006   1264.81        8.90519        4.27791      -0.104715E+008
  1089.62        100000.        3408.08       0.226799E-004  0.549318E-006   1268.17        8.89980        4.27532      -0.104499E+008
  1106.63        100000.        3406.76       0.227404E-004  0.550418E-006   1271.44        8.89439        4.27273      -0.104283E+008
  1123.64        100000.        3405.44       0.228006E-004  0.551524E-006   1274.60        8.88898        4.27013      -0.104067E+008
  1140.65        100000.        3404.12       0.228605E-004  0.552635E-006   1277.67        8.88356        4.26752      -0.103850E+008
  1157.67        100000.        3402.80       0.229201E-004  0.553752E-006   1280.66        8.87812        4.26491      -0.103632E+008
  1174.68        100000.        3401.47       0.229794E-004  0.554875E-006   1283.56        8.87268        4.26230      -0.103414E+008
  1191.69        100000.        3400.14       0.230386E-004  0.556003E-006   1286.38        8.86722        4.25968      -0.103195E+008
  1208.71        100000.        3398.80       0.230976E-004  0.557137E-006   1289.11        8.86176        4.25705      -0.102976E+008
  1225.72        100000.        3397.46       0.231563E-004  0.558276E-006   1291.78        8.85629        4.25442      -0.102757E+008
  1242.73        100000.        3396.12       0.232150E-004  0.559422E-006   1294.36        8.85081        4.25179      -0.102537E+008
  1259.74        100000.        3394.78       0.232736E-004  0.560573E-006   1296.88        8.84531        4.24915      -0.102316E+008
  1276.76        100000.        3393.44       0.233320E-004  0.561730E-006   1299.32        8.83981        4.24651      -0.102095E+008
  1293.77        100000.        3392.09       0.233904E-004  0.562892E-006   1301.70        8.83431        4.24386      -0.101874E+008
  1310.78        100000.        3390.74       0.234487E-004  0.564061E-006   1304.01        8.82879        4.24121      -0.101652E+008
  1327.79        100000.        3389.38       0.235069E-004  0.565235E-006   1306.26        8.82326        4.23856      -0.101430E+008
  1344.81        100000.        3388.03       0.235652E-004  0.566415E-006   1308.45        8.81773        4.23590      -0.101208E+008
  1361.82        100000.        3386.67       0.236234E-004  0.567602E-006   1310.57        8.81219        4.23324      -0.100985E+008
  1378.83        100000.        3385.30       0.236816E-004  0.568794E-006   1312.64        8.80664        4.23057      -0.100762E+008
  1395.85        100000.        3383.98       0.193074E-004  0.627523E-006   1299.97        8.32784        4.00057      -0.982440E+007
  1412.86        100000.        3383.14       0.193651E-004  0.629153E-006   1301.61        8.31922        3.99642      -0.980001E+007
  1429.87        100000.        3382.29       0.194229E-004  0.630791E-006   1303.18        8.31059        3.99228      -0.977560E+007
  1446.88        100000.        3381.41       0.194805E-004  0.632432E-006   1304.70        8.30202        3.98816      -0.975135E+007
  1463.90        100000.        3380.53       0.195383E-004  0.634082E-006   1306.17        8.29344        3.98404      -0.972708E+007
  1480.91        100000.        3379.63       0.195958E-004  0.635735E-006   1307.58        8.28492        3.97995      -0.970297E+007
  1497.92        100000.        3378.72       0.196535E-004  0.637396E-006   1308.95        8.27639        3.97585      -0.967884E+007
  1514.94        100000.        3377.79       0.197111E-004  0.639062E-006   1310.26        8.26791        3.97178      -0.965486E+007
  1531.95        100000.        3376.86       0.197688E-004  0.640736E-006   1311.52        8.25943        3.96770      -0.963086E+007
  1548.96        100000.        3375.90       0.198264E-004  0.642414E-006   1312.74        8.25099        3.96365      -0.960701E+007
  1565.97        100000.        3374.94       0.198842E-004  0.644102E-006   1313.90        8.24254        3.95959      -0.958314E+007
  1582.99        100000.        3373.96       0.199418E-004  0.645794E-006   1315.02        8.23414        3.95555      -0.955940E+007
  1600.00        100000.        3372.98       0.199997E-004  0.647495E-006   1316.09        8.22573        3.95151      -0.953565E+007
